STATE,STATENAME,ST_CASE,COUNTYNAME,CITYNAME,MONTH,MONTHNAME,DAY_WEEK,DAY_WEEKNAME,YEAR,HOUR,HOURNAME,RUR_URB,RUR_URBNAME,FUNC_SYS,FUNC_SYSNAME,LATITUDE,LONGITUD,LGT_COND,LGT_CONDNAME,HARM_EV,HARM_EVNAME,WEATHER,WEATHERNAME,FATALS
1,Alabama,10249,JEFFERSON (73),HOOVER,4,April,1,Sunday,2024,1,1:00am-1:59am,2,Urban,1,Interstate,33.38405556,-86.78270278,3,Dark - Lighted,1,Rollover/Overturn,10,Cloudy,1
1,Alabama,10250,LEE (81),NOT APPLICABLE,4,April,7,Saturday,2024,17,5:00pm-5:59pm,1,Rural,6,Minor Collector,32.47863056,-85.18311667,1,Daylight,12,Motor Vehicle In-Transport,2,Rain,1
1,Alabama,10251,COVINGTON (39),NOT APPLICABLE,4,April,1,Sunday,2024,9,9:00am-9:59am,1,Rural,4,Minor Arterial,31.18733333,-86.57325278,1,Daylight,12,Motor Vehicle In-Transport,1,Clear,3
1,Alabama,10252,JEFFERSON (73),NOT APPLICABLE,4,April,1,Sunday,2024,21,9:00pm-9:59pm,2,Urban,3,Other Principal Arterial,33.43456944,-86.93822778,3,Dark - Lighted,12,Motor Vehicle In-Transport,1,Clear,1
1,Alabama,10253,BLOUNT (9),NOT APPLICABLE,4,April,2,Monday,2024,6,6:00am-6:59am,1,Rural,3,Other Principal Arterial,33.87475556,-86.65489167,1,Daylight,32,Culvert,1,Clear,1
1,Alabama,10254,JEFFERSON (73),NOT APPLICABLE,4,April,2,Monday,2024,10,10:00am-10:59am,1,Rural,1,Interstate,33.80058056,-86.82496389,1,Daylight,18,Other Object (not fixed),1,Clear,1
1,Alabama,10255,ETOWAH (55),GADSDEN,4,April,2,Monday,2024,17,5:00pm-5:59pm,2,Urban,3,Other Principal Arterial,34.00848333,-86.00003611,1,Daylight,12,Motor Vehicle In-Transport,1,Clear,3
1,Alabama,10256,LAUDERDALE (77),KILLEN,4,April,2,Monday,2024,18,6:00pm-6:59pm,2,Urban,7,Local,34.88113611,-87.53956944,1,Daylight,42,Tree (Standing Only),1,Clear,1
1,Alabama,10257,MACON (87),NOT APPLICABLE,4,April,4,Wednesday,2024,5,5:00am-5:59am,1,Rural,1,Interstate,32.44776389,-85.75568889,4,Dawn,34,Ditch,1,Clear,1
1,Alabama,10258,LOWNDES (85),NOT APPLICABLE,4,April,5,Thursday,2024,13,1:00pm-1:59pm,1,Rural,1,Interstate,32.13988611,-86.443025,1,Daylight,34,Ditch,1,Clear,1
1,Alabama,10259,SHELBY (117),NOT APPLICABLE,4,April,5,Thursday,2024,14,2:00pm-2:59pm,1,Rural,5,Major Collector,33.47125,-86.51453889,1,Daylight,12,Motor Vehicle In-Transport,1,Clear,1
1,Alabama,10260,CALHOUN (15),OHATCHEE,4,April,6,Friday,2024,21,9:00pm-9:59pm,2,Urban,3,Other Principal Arterial,33.79178056,-86.03563333,2,Dark - Not Lighted,14,Parked Motor Vehicle,1,Clear,1
1,Alabama,10261,PICKENS (107),ALICEVILLE,4,April,7,Saturday,2024,13,1:00pm-1:59pm,2,Urban,7,Local,33.13191944,-88.16863611,1,Daylight,42,Tree (Standing Only),1,Clear,1
1,Alabama,10262,LIMESTONE (83),NOT APPLICABLE,4,April,7,Saturday,2024,17,5:00pm-5:59pm,2,Urban,7,Local,34.83926111,-86.85161389,1,Daylight,34,Ditch,1,Clear,1
1,Alabama,10263,SUMTER (119),NOT APPLICABLE,4,April,7,Saturday,2024,19,7:00pm-7:59pm,1,Rural,5,Major Collector,32.40366389,-88.39659722,5,Dusk,18,Other Object (not fixed),1,Clear,1
1,Alabama,10264,ETOWAH (55),GADSDEN,4,April,1,Sunday,2024,2,2:00am-2:59am,2,Urban,4,Minor Arterial,34.01123611,-85.99983333,6,Dark - Unknown Lighting,43,Other Fixed Object,1,Clear,1
1,Alabama,10265,MOBILE (97),SEMMES,4,April,1,Sunday,2024,16,4:00pm-4:59pm,2,Urban,3,Other Principal Arterial,30.7637,-88.22705,1,Daylight,12,Motor Vehicle In-Transport,1,Clear,1
1,Alabama,10266,BALDWIN (3),NOT APPLICABLE,4,April,1,Sunday,2024,16,4:00pm-4:59pm,1,Rural,6,Minor Collector,30.36804444,-87.80106944,1,Daylight,1,Rollover/Overturn,1,Clear,1
1,Alabama,10267,CHILTON (21),NOT APPLICABLE,4,April,1,Sunday,2024,18,6:00pm-6:59pm,1,Rural,4,Minor Arterial,32.72603611,-86.48415556,1,Daylight,12,Motor Vehicle In-Transport,1,Clear,1
1,Alabama,10268,MACON (87),TUSKEGEE,4,April,1,Sunday,2024,18,6:00pm-6:59pm,1,Rural,4,Minor Arterial,32.3865,-85.75921944,1,Daylight,12,Motor Vehicle In-Transport,1,Clear,1
1,Alabama,10269,JEFFERSON (73),BIRMINGHAM,4,April,1,Sunday,2024,10,10:00am-10:59am,2,Urban,7,Local,33.53121944,-86.815925,9,Reported as Unknown,19,Building,1,Clear,1
1,Alabama,10270,CHEROKEE (19),CENTRE,4,April,2,Monday,2024,15,3:00pm-3:59pm,1,Rural,5,Major Collector,34.15903889,-85.70724167,1,Daylight,12,Motor Vehicle In-Transport,1,Clear,1
1,Alabama,10271,LEE (81),OPELIKA,4,April,2,Monday,2024,17,5:00pm-5:59pm,2,Urban,1,Interstate,32.64631667,-85.35104722,1,Daylight,1,Rollover/Overturn,1,Clear,1
1,Alabama,10272,JEFFERSON (73),NOT APPLICABLE,4,April,3,Tuesday,2024,20,8:00pm-8:59pm,1,Rural,5,Major Collector,33.80238889,-86.86521111,2,Dark - Not Lighted,42,Tree (Standing Only),1,Clear,1
1,Alabama,10273,LAMAR (75),NOT APPLICABLE,4,April,3,Tuesday,2024,14,2:00pm-2:59pm,1,Rural,5,Major Collector,33.54746111,-88.24425556,1,Daylight,12,Motor Vehicle In-Transport,1,Clear,1
1,Alabama,10274,MARSHALL (95),ALBERTVILLE,4,April,3,Tuesday,2024,4,4:00am-4:59am,2,Urban,3,Other Principal Arterial,34.29448333,-86.25725833,2,Dark - Not Lighted,8,Pedestrian,2,Rain,1
1,Alabama,10275,JEFFERSON (73),BESSEMER,4,April,3,Tuesday,2024,1,1:00am-1:59am,2,Urban,3,Other Principal Arterial,33.37776667,-86.98800556,3,Dark - Lighted,8,Pedestrian,10,Cloudy,1
1,Alabama,10276,MONTGOMERY (101),NOT APPLICABLE,4,April,3,Tuesday,2024,21,9:00pm-9:59pm,1,Rural,3,Other Principal Arterial,32.44817222,-86.21305278,2,Dark - Not Lighted,12,Motor Vehicle In-Transport,1,Clear,1
1,Alabama,10277,COLBERT (33),NOT APPLICABLE,5,May,4,Wednesday,2024,4,4:00am-4:59am,1,Rural,3,Other Principal Arterial,34.68514167,-87.57933611,2,Dark - Not Lighted,12,Motor Vehicle In-Transport,1,Clear,1
1,Alabama,10278,MARION (93),NOT APPLICABLE,5,May,4,Wednesday,2024,8,8:00am-8:59am,1,Rural,1,Interstate,33.96857778,-87.71273611,1,Daylight,34,Ditch,1,Clear,1
1,Alabama,10279,JEFFERSON (73),Other,5,May,4,Wednesday,2024,10,10:00am-10:59am,2,Urban,3,Other Principal Arterial,33.57720556,-86.91371111,1,Daylight,12,Motor Vehicle In-Transport,10,Cloudy,1
1,Alabama,10280,CHOCTAW (23),BUTLER,5,May,5,Thursday,2024,3,3:00am-3:59am,1,Rural,4,Minor Arterial,32.096075,-88.17192778,2,Dark - Not Lighted,32,Culvert,1,Clear,1
1,Alabama,10281,WALKER (127),NOT APPLICABLE,5,May,5,Thursday,2024,4,4:00am-4:59am,2,Urban,3,Other Principal Arterial,33.81669167,-87.14973333,2,Dark - Not Lighted,8,Pedestrian,10,Cloudy,1
1,Alabama,10282,WINSTON (133),HALEYVILLE,5,May,5,Thursday,2024,4,4:00am-4:59am,1,Rural,3,Other Principal Arterial,34.2205,-87.62104167,2,Dark - Not Lighted,9,Pedalcyclist,1,Clear,1
1,Alabama,10283,LAWRENCE (79),NOT APPLICABLE,5,May,5,Thursday,2024,16,4:00pm-4:59pm,1,Rural,5,Major Collector,34.47434444,-87.15905833,1,Daylight,30,Utility Pole/Light Support,1,Clear,1
1,Alabama,10284,BALDWIN (3),GULF SHORES,5,May,6,Friday,2024,1,1:00am-1:59am,2,Urban,4,Minor Arterial,30.27900833,-87.68312222,2,Dark - Not Lighted,24,Guardrail Face,1,Clear,1
1,Alabama,10285,MARION (93),NOT APPLICABLE,5,May,6,Friday,2024,1,1:00am-1:59am,1,Rural,7,Local,34.24940833,-87.66158056,2,Dark - Not Lighted,35,Embankment,10,Cloudy,1
1,Alabama,10286,CHILTON (21),NOT APPLICABLE,5,May,6,Friday,2024,4,4:00am-4:59am,1,Rural,1,Interstate,32.90175833,-86.63307778,3,Dark - Lighted,57,Cable Barrier,1,Clear,1
1,Alabama,10287,TALLADEGA (121),NOT APPLICABLE,5,May,6,Friday,2024,23,11:00pm-11:59pm,1,Rural,1,Interstate,33.59221944,-86.16689722,2,Dark - Not Lighted,12,Motor Vehicle In-Transport,1,Clear,1
1,Alabama,10288,MADISON (89),HUNTSVILLE,5,May,6,Friday,2024,21,9:00pm-9:59pm,2,Urban,5,Major Collector,34.69081944,-86.60477222,3,Dark - Lighted,8,Pedestrian,10,Cloudy,1
1,Alabama,10289,FRANKLIN (59),NOT APPLICABLE,5,May,7,Saturday,2024,20,8:00pm-8:59pm,1,Rural,6,Minor Collector,34.50746944,-87.64071111,2,Dark - Not Lighted,1,Rollover/Overturn,10,Cloudy,1
1,Alabama,10290,MADISON (89),HUNTSVILLE,5,May,7,Saturday,2024,23,11:00pm-11:59pm,2,Urban,3,Other Principal Arterial,34.79899722,-86.57493611,2,Dark - Not Lighted,8,Pedestrian,1,Clear,1
1,Alabama,10291,PERRY (105),NOT APPLICABLE,5,May,7,Saturday,2024,20,8:00pm-8:59pm,1,Rural,4,Minor Arterial,32.61061667,-87.20909444,2,Dark - Not Lighted,34,Ditch,1,Clear,1
1,Alabama,10292,LAUDERDALE (77),NOT APPLICABLE,5,May,1,Sunday,2024,7,7:00am-7:59am,1,Rural,6,Minor Collector,34.98036389,-87.71664722,1,Daylight,42,Tree (Standing Only),10,Cloudy,1
1,Alabama,10294,TALLADEGA (121),NOT APPLICABLE,5,May,1,Sunday,2024,16,4:00pm-4:59pm,1,Rural,5,Major Collector,33.42981389,-86.23883056,1,Daylight,10,Railway Vehicle,1,Clear,1
1,Alabama,10295,PIKE (109),NOT APPLICABLE,5,May,5,Thursday,2024,6,6:00am-6:59am,1,Rural,5,Major Collector,31.77864722,-85.71375278,1,Daylight,59,Traffic Sign Support,1,Clear,1
1,Alabama,10296,LAUDERDALE (77),FLORENCE,5,May,3,Tuesday,2024,16,4:00pm-4:59pm,2,Urban,3,Other Principal Arterial,34.82504722,-87.64532778,1,Daylight,33,Curb,10,Cloudy,2
1,Alabama,10297,MONTGOMERY (101),MONTGOMERY,5,May,2,Monday,2024,0,0:00am-0:59am,2,Urban,3,Other Principal Arterial,32.32728333,-86.25986389,3,Dark - Lighted,12,Motor Vehicle In-Transport,1,Clear,1
1,Alabama,10298,MONTGOMERY (101),NOT APPLICABLE,5,May,1,Sunday,2024,23,11:00pm-11:59pm,2,Urban,4,Minor Arterial,32.31770278,-86.04738056,2,Dark - Not Lighted,12,Motor Vehicle In-Transport,1,Clear,2
1,Alabama,10299,MOBILE (97),NOT APPLICABLE,5,May,6,Friday,2024,0,0:00am-0:59am,1,Rural,4,Minor Arterial,30.43182222,-88.10806944,2,Dark - Not Lighted,32,Culvert,10,Cloudy,1
1,Alabama,10300,LAUDERDALE (77),NOT APPLICABLE,5,May,6,Friday,2024,7,7:00am-7:59am,1,Rural,3,Other Principal Arterial,34.82979444,-87.72172778,1,Daylight,42,Tree (Standing Only),1,Clear,1
1,Alabama,10301,JEFFERSON (73),NOT APPLICABLE,5,May,6,Friday,2024,23,11:00pm-11:59pm,1,Rural,1,Interstate,33.49640278,-86.90938889,2,Dark - Not Lighted,42,Tree (Standing Only),1,Clear,1
1,Alabama,10302,MOBILE (97),MOBILE,5,May,7,Saturday,2024,16,4:00pm-4:59pm,2,Urban,4,Minor Arterial,30.71973889,-88.16639167,1,Daylight,42,Tree (Standing Only),1,Clear,1
1,Alabama,10303,LEE (81),NOT APPLICABLE,5,May,7,Saturday,2024,0,0:00am-0:59am,1,Rural,3,Other Principal Arterial,32.584975,-85.19754444,2,Dark - Not Lighted,38,Fence,1,Clear,1
1,Alabama,10304,MADISON (89),HUNTSVILLE,5,May,1,Sunday,2024,5,5:00am-5:59am,2,Urban,3,Other Principal Arterial,34.75675556,-86.72461667,4,Dawn,32,Culvert,1,Clear,1
1,Alabama,10305,TALLADEGA (121),NOT APPLICABLE,5,May,7,Saturday,2024,1,1:00am-1:59am,1,Rural,3,Other Principal Arterial,33.34205,-86.18722778,2,Dark - Not Lighted,12,Motor Vehicle In-Transport,1,Clear,1
1,Alabama,10306,MONTGOMERY (101),MONTGOMERY,5,May,6,Friday,2024,15,3:00pm-3:59pm,2,Urban,4,Minor Arterial,32.33769444,-86.299475,1,Daylight,12,Motor Vehicle In-Transport,1,Clear,1
1,Alabama,10307,MONTGOMERY (101),MONTGOMERY,5,May,1,Sunday,2024,19,7:00pm-7:59pm,2,Urban,7,Local,32.40703056,-86.28395278,3,Dark - Lighted,12,Motor Vehicle In-Transport,1,Clear,1
1,Alabama,10308,JEFFERSON (73),BESSEMER,5,May,1,Sunday,2024,23,11:00pm-11:59pm,2,Urban,4,Minor Arterial,33.40773889,-86.96276667,3,Dark - Lighted,8,Pedestrian,10,Cloudy,1
1,Alabama,10309,JACKSON (71),NOT APPLICABLE,5,May,4,Wednesday,2024,13,1:00pm-1:59pm,1,Rural,3,Other Principal Arterial,34.62271111,-85.97993889,1,Daylight,34,Ditch,10,Cloudy,1
1,Alabama,10310,PERRY (105),NOT APPLICABLE,5,May,5,Thursday,2024,10,10:00am-10:59am,1,Rural,3,Other Principal Arterial,32.56895833,-87.41441667,1,Daylight,12,Motor Vehicle In-Transport,10,Cloudy,1
1,Alabama,10311,JEFFERSON (73),BIRMINGHAM,5,May,4,Wednesday,2024,7,7:00am-7:59am,2,Urban,3,Other Principal Arterial,33.51256111,-86.79716111,1,Daylight,12,Motor Vehicle In-Transport,1,Clear,1
1,Alabama,10312,BLOUNT (9),NOT APPLICABLE,5,May,6,Friday,2024,21,9:00pm-9:59pm,1,Rural,4,Minor Arterial,33.9806,-86.61492222,2,Dark - Not Lighted,59,Traffic Sign Support,1,Clear,1
1,Alabama,10313,MONTGOMERY (101),MONTGOMERY,5,May,6,Friday,2024,22,10:00pm-10:59pm,2,Urban,3,Other Principal Arterial,32.32643333,-86.29422222,6,Dark - Unknown Lighting,8,Pedestrian,1,Clear,1
1,Alabama,10314,JEFFERSON (73),BIRMINGHAM,5,May,6,Friday,2024,16,4:00pm-4:59pm,2,Urban,3,Other Principal Arterial,33.52719444,-86.77880278,1,Daylight,12,Motor Vehicle In-Transport,1,Clear,1
1,Alabama,10315,JEFFERSON (73),NOT APPLICABLE,5,May,7,Saturday,2024,5,5:00am-5:59am,1,Rural,1,Interstate,33.45580556,-86.95097778,2,Dark - Not Lighted,8,Pedestrian,1,Clear,1
1,Alabama,10316,BARBOUR (5),EUFAULA,5,May,7,Saturday,2024,20,8:00pm-8:59pm,2,Urban,4,Minor Arterial,31.87283056,-85.21645556,2,Dark - Not Lighted,8,Pedestrian,1,Clear,1
1,Alabama,10317,RANDOLPH (111),WEDOWEE,5,May,7,Saturday,2024,23,11:00pm-11:59pm,1,Rural,3,Other Principal Arterial,33.30290556,-85.48398333,2,Dark - Not Lighted,8,Pedestrian,10,Cloudy,1
1,Alabama,10318,GENEVA (61),NOT APPLICABLE,5,May,1,Sunday,2024,10,10:00am-10:59am,1,Rural,4,Minor Arterial,31.15803889,-85.88314722,1,Daylight,32,Culvert,1,Clear,1
1,Alabama,10319,JEFFERSON (73),BIRMINGHAM,5,May,2,Monday,2024,21,9:00pm-9:59pm,2,Urban,3,Other Principal Arterial,33.52789167,-86.76121944,3,Dark - Lighted,30,Utility Pole/Light Support,1,Clear,1
1,Alabama,10320,TALLADEGA (121),TALLADEGA,5,May,2,Monday,2024,13,1:00pm-1:59pm,1,Rural,3,Other Principal Arterial,33.47718889,-86.12089722,1,Daylight,12,Motor Vehicle In-Transport,1,Clear,1
1,Alabama,10321,MOBILE (97),NOT APPLICABLE,5,May,3,Tuesday,2024,12,12:00pm-12:59pm,2,Urban,4,Minor Arterial,30.58314167,-88.17984444,1,Daylight,12,Motor Vehicle In-Transport,1,Clear,1
1,Alabama,10322,COFFEE (31),NOT APPLICABLE,5,May,4,Wednesday,2024,22,10:00pm-10:59pm,2,Urban,5,Major Collector,31.34586389,-85.814,2,Dark - Not Lighted,32,Culvert,1,Clear,1
1,Alabama,10323,MOBILE (97),NOT APPLICABLE,5,May,6,Friday,2024,4,4:00am-4:59am,1,Rural,4,Minor Arterial,30.46808611,-88.37586667,2,Dark - Not Lighted,9,Pedalcyclist,10,Cloudy,1
1,Alabama,10324,MARSHALL (95),NOT APPLICABLE,5,May,7,Saturday,2024,20,8:00pm-8:59pm,1,Rural,4,Minor Arterial,34.18840556,-86.21806944,2,Dark - Not Lighted,42,Tree (Standing Only),1,Clear,1
1,Alabama,10325,WALKER (127),NOT APPLICABLE,5,May,7,Saturday,2024,22,10:00pm-10:59pm,1,Rural,5,Major Collector,33.89405556,-87.62515278,2,Dark - Not Lighted,1,Rollover/Overturn,1,Clear,1
1,Alabama,10326,DALLAS (47),NOT APPLICABLE,5,May,5,Thursday,2024,20,8:00pm-8:59pm,1,Rural,3,Other Principal Arterial,32.44541389,-87.41861944,2,Dark - Not Lighted,12,Motor Vehicle In-Transport,1,Clear,1
1,Alabama,10327,BARBOUR (5),EUFAULA,5,May,4,Wednesday,2024,1,1:00am-1:59am,2,Urban,3,Other Principal Arterial,31.91299444,-85.14858333,3,Dark - Lighted,12,Motor Vehicle In-Transport,1,Clear,2
1,Alabama,10328,LEE (81),OPELIKA,5,May,4,Wednesday,2024,15,3:00pm-3:59pm,2,Urban,4,Minor Arterial,32.61800833,-85.34333611,1,Daylight,10,Railway Vehicle,1,Clear,1
1,Alabama,10329,JEFFERSON (73),BIRMINGHAM,5,May,5,Thursday,2024,16,4:00pm-4:59pm,2,Urban,1,Interstate,33.54848056,-86.78060278,1,Daylight,12,Motor Vehicle In-Transport,1,Clear,1
1,Alabama,10330,HOUSTON (69),DOTHAN,5,May,5,Thursday,2024,21,9:00pm-9:59pm,2,Urban,3,Other Principal Arterial,31.28376389,-85.46431389,2,Dark - Not Lighted,12,Motor Vehicle In-Transport,1,Clear,1
1,Alabama,10331,CALHOUN (15),NOT APPLICABLE,5,May,6,Friday,2024,14,2:00pm-2:59pm,2,Urban,3,Other Principal Arterial,33.76795833,-85.892825,1,Daylight,12,Motor Vehicle In-Transport,10,Cloudy,1
1,Alabama,10332,CULLMAN (43),CULLMAN,5,May,6,Friday,2024,7,7:00am-7:59am,1,Rural,5,Major Collector,34.16164167,-86.8356,1,Daylight,12,Motor Vehicle In-Transport,10,Cloudy,1
1,Alabama,10333,LAUDERDALE (77),NOT APPLICABLE,5,May,7,Saturday,2024,6,6:00am-6:59am,1,Rural,5,Major Collector,34.95076111,-87.68599444,1,Daylight,42,Tree (Standing Only),10,Cloudy,1
1,Alabama,10334,MOBILE (97),MOBILE,5,May,7,Saturday,2024,16,4:00pm-4:59pm,2,Urban,1,Interstate,30.62877222,-88.11781111,1,Daylight,12,Motor Vehicle In-Transport,1,Clear,1
1,Alabama,10335,MADISON (89),HUNTSVILLE,5,May,7,Saturday,2024,20,8:00pm-8:59pm,2,Urban,4,Minor Arterial,34.71131944,-86.60045833,3,Dark - Lighted,12,Motor Vehicle In-Transport,1,Clear,1
1,Alabama,10336,MADISON (89),HUNTSVILLE,5,May,7,Saturday,2024,22,10:00pm-10:59pm,2,Urban,3,Other Principal Arterial,34.747275,-86.63273056,3,Dark - Lighted,12,Motor Vehicle In-Transport,10,Cloudy,1
1,Alabama,10337,AUTAUGA (1),NOT APPLICABLE,5,May,2,Monday,2024,13,1:00pm-1:59pm,2,Urban,4,Minor Arterial,32.43059722,-86.5206,1,Daylight,12,Motor Vehicle In-Transport,1,Clear,1
1,Alabama,10338,COVINGTON (39),NOT APPLICABLE,5,May,2,Monday,2024,20,8:00pm-8:59pm,1,Rural,5,Major Collector,31.00759167,-86.62297778,2,Dark - Not Lighted,12,Motor Vehicle In-Transport,2,Rain,1
1,Alabama,10339,MADISON (89),HUNTSVILLE,5,May,4,Wednesday,2024,10,10:00am-10:59am,1,Rural,3,Other Principal Arterial,34.576725,-86.56679167,1,Daylight,12,Motor Vehicle In-Transport,1,Clear,1
1,Alabama,10340,MORGAN (103),DECATUR,5,May,5,Thursday,2024,9,9:00am-9:59am,2,Urban,4,Minor Arterial,34.56123889,-87.05421667,1,Daylight,9,Pedalcyclist,1,Clear,1
1,Alabama,10341,COLBERT (33),MUSCLE SHOALS,5,May,5,Thursday,2024,6,6:00am-6:59am,2,Urban,5,Major Collector,34.72917222,-87.60018611,1,Daylight,42,Tree (Standing Only),1,Clear,1
1,Alabama,10342,COLBERT (33),MUSCLE SHOALS,5,May,6,Friday,2024,5,5:00am-5:59am,2,Urban,3,Other Principal Arterial,34.74116389,-87.66769722,4,Dawn,12,Motor Vehicle In-Transport,10,Cloudy,1
1,Alabama,10343,WINSTON (133),HALEYVILLE,5,May,6,Friday,2024,4,4:00am-4:59am,1,Rural,7,Local,34.21502222,-87.62109444,4,Dawn,34,Ditch,1,Clear,1
1,Alabama,10344,CRENSHAW (41),NOT APPLICABLE,5,May,6,Friday,2024,16,4:00pm-4:59pm,1,Rural,7,Local,31.711625,-86.18682778,1,Daylight,35,Embankment,1,Clear,1
1,Alabama,10345,DALE (45),NEWTON,5,May,6,Friday,2024,23,11:00pm-11:59pm,2,Urban,3,Other Principal Arterial,31.37753889,-85.57045556,2,Dark - Not Lighted,8,Pedestrian,1,Clear,1
1,Alabama,10346,ETOWAH (55),NOT APPLICABLE,6,June,7,Saturday,2024,6,6:00am-6:59am,2,Urban,3,Other Principal Arterial,33.90504444,-86.02542222,1,Daylight,12,Motor Vehicle In-Transport,2,Rain,1
1,Alabama,10347,RANDOLPH (111),NOT APPLICABLE,6,June,7,Saturday,2024,14,2:00pm-2:59pm,1,Rural,5,Major Collector,33.12796944,-85.28668889,1,Daylight,35,Embankment,10,Cloudy,1
1,Alabama,10348,CLEBURNE (29),NOT APPLICABLE,6,June,7,Saturday,2024,15,3:00pm-3:59pm,1,Rural,5,Major Collector,33.47865,-85.79216667,1,Daylight,1,Rollover/Overturn,1,Clear,1
1,Alabama,10349,CONECUH (35),EVERGREEN,6,June,7,Saturday,2024,20,8:00pm-8:59pm,1,Rural,7,Local,31.44352222,-86.94915833,5,Dusk,10,Railway Vehicle,1,Clear,1
1,Alabama,10350,WALKER (127),JASPER,6,June,1,Sunday,2024,21,9:00pm-9:59pm,2,Urban,4,Minor Arterial,33.90586667,-87.26298889,2,Dark - Not Lighted,32,Culvert,2,Rain,1
1,Alabama,10351,ELMORE (51),NOT APPLICABLE,6,June,2,Monday,2024,14,2:00pm-2:59pm,1,Rural,4,Minor Arterial,32.7445,-85.959975,1,Daylight,12,Motor Vehicle In-Transport,1,Clear,1
1,Alabama,10352,ST. CLAIR (115),NOT APPLICABLE,6,June,2,Monday,2024,16,4:00pm-4:59pm,1,Rural,4,Minor Arterial,33.45776667,-86.37731111,1,Daylight,12,Motor Vehicle In-Transport,1,Clear,1
1,Alabama,10353,CALHOUN (15),OXFORD,6,June,3,Tuesday,2024,18,6:00pm-6:59pm,2,Urban,7,Local,33.58771944,-85.82074444,1,Daylight,32,Culvert,1,Clear,1
1,Alabama,10354,TUSCALOOSA (125),TUSCALOOSA,6,June,4,Wednesday,2024,4,4:00am-4:59am,2,Urban,1,Interstate,33.183,-87.55791389,3,Dark - Lighted,8,Pedestrian,10,Cloudy,1
1,Alabama,10355,MADISON (89),HUNTSVILLE,6,June,5,Thursday,2024,15,3:00pm-3:59pm,2,Urban,3,Other Principal Arterial,34.7504,-86.63506944,1,Daylight,12,Motor Vehicle In-Transport,1,Clear,1
1,Alabama,10356,FRANKLIN (59),NOT APPLICABLE,6,June,5,Thursday,2024,19,7:00pm-7:59pm,1,Rural,7,Local,34.32113333,-87.56805833,5,Dusk,34,Ditch,1,Clear,1
1,Alabama,10357,MADISON (89),HUNTSVILLE,6,June,6,Friday,2024,5,5:00am-5:59am,2,Urban,3,Other Principal Arterial,34.79366667,-86.66922778,1,Daylight,12,Motor Vehicle In-Transport,1,Clear,1
1,Alabama,10358,JEFFERSON (73),BIRMINGHAM,6,June,6,Friday,2024,13,1:00pm-1:59pm,2,Urban,4,Minor Arterial,33.63854444,-86.70283056,1,Daylight,12,Motor Vehicle In-Transport,1,Clear,1
1,Alabama,10359,MARION (93),NOT APPLICABLE,6,June,6,Friday,2024,13,1:00pm-1:59pm,1,Rural,3,Other Principal Arterial,34.13538611,-87.89004722,1,Daylight,9,Pedalcyclist,1,Clear,2
1,Alabama,10360,AUTAUGA (1),NOT APPLICABLE,6,June,6,Friday,2024,13,1:00pm-1:59pm,1,Rural,1,Interstate,32.59041111,-86.47520556,1,Daylight,57,Cable Barrier,1,Clear,1
1,Alabama,10361,LIMESTONE (83),NOT APPLICABLE,6,June,6,Friday,2024,16,4:00pm-4:59pm,1,Rural,7,Local,34.80794167,-86.78648889,1,Daylight,1,Rollover/Overturn,1,Clear,1
1,Alabama,10362,CALHOUN (15),ANNISTON,6,June,6,Friday,2024,8,8:00am-8:59am,2,Urban,3,Other Principal Arterial,33.62380556,-85.82809722,1,Daylight,8,Pedestrian,1,Clear,1
1,Alabama,10363,MARENGO (91),DEMOPOLIS,6,June,7,Saturday,2024,14,2:00pm-2:59pm,2,Urban,3,Other Principal Arterial,32.50281667,-87.81088056,1,Daylight,30,Utility Pole/Light Support,1,Clear,1
1,Alabama,10364,TUSCALOOSA (125),NORTHPORT,6,June,1,Sunday,2024,17,5:00pm-5:59pm,2,Urban,3,Other Principal Arterial,33.23271667,-87.6255,1,Daylight,12,Motor Vehicle In-Transport,1,Clear,1
1,Alabama,10365,CHILTON (21),NOT APPLICABLE,6,June,2,Monday,2024,16,4:00pm-4:59pm,1,Rural,7,Local,32.99890278,-86.77520833,1,Daylight,35,Embankment,1,Clear,1
1,Alabama,10366,CHAMBERS (17),VALLEY,6,June,2,Monday,2024,18,6:00pm-6:59pm,2,Urban,1,Interstate,32.75051389,-85.27726389,1,Daylight,8,Pedestrian,1,Clear,3
1,Alabama,10367,WINSTON (133),NOT APPLICABLE,6,June,3,Tuesday,2024,4,4:00am-4:59am,1,Rural,3,Other Principal Arterial,34.08955,-87.59927222,2,Dark - Not Lighted,58,Ground,10,Cloudy,1
1,Alabama,10368,BLOUNT (9),NOT APPLICABLE,6,June,3,Tuesday,2024,21,9:00pm-9:59pm,1,Rural,4,Minor Arterial,33.901525,-86.73421667,2,Dark - Not Lighted,12,Motor Vehicle In-Transport,1,Clear,1
1,Alabama,10369,CULLMAN (43),NOT APPLICABLE,6,June,4,Wednesday,2024,8,8:00am-8:59am,1,Rural,4,Minor Arterial,34.23958611,-86.70418333,1,Daylight,12,Motor Vehicle In-Transport,1,Clear,1
1,Alabama,10370,MADISON (89),NOT APPLICABLE,8,August,4,Wednesday,2024,17,5:00pm-5:59pm,1,Rural,3,Other Principal Arterial,34.88631667,-86.56901111,1,Daylight,12,Motor Vehicle In-Transport,10,Cloudy,1
1,Alabama,10371,DEKALB (49),HENAGAR,4,April,7,Saturday,2024,5,5:00am-5:59am,1,Rural,4,Minor Arterial,34.604725,-85.71644167,4,Dawn,42,Tree (Standing Only),1,Clear,1
1,Alabama,10372,HENRY (67),HEADLAND,5,May,2,Monday,2024,4,4:00am-4:59am,1,Rural,5,Major Collector,31.31540556,-85.30793056,3,Dark - Lighted,1,Rollover/Overturn,1,Clear,1
1,Alabama,10373,MONTGOMERY (101),MONTGOMERY,5,May,1,Sunday,2024,19,7:00pm-7:59pm,2,Urban,3,Other Principal Arterial,32.35488889,-86.21793333,5,Dusk,12,Motor Vehicle In-Transport,1,Clear,1
1,Alabama,10374,ELMORE (51),WETUMPKA,6,June,7,Saturday,2024,3,3:00am-3:59am,2,Urban,3,Other Principal Arterial,32.48620833,-86.20736111,2,Dark - Not Lighted,12,Motor Vehicle In-Transport,2,Rain,1