STATE,STATENAME,ST_CASE,COUNTYNAME,CITYNAME,MONTH,MONTHNAME,DAY_WEEK,DAY_WEEKNAME,YEAR,HOUR,HOURNAME,RUR_URB,RUR_URBNAME,FUNC_SYS,FUNC_SYSNAME,LATITUDE,LONGITUD,LGT_COND,LGT_CONDNAME,HARM_EV,HARM_EVNAME,WEATHER,WEATHERNAME,FATALS
1,Alabama,10375,CLARKE (25),NOT APPLICABLE,6,June,5,Thursday,2024,12,12:00pm-12:59pm,1,Rural,3,Other Principal Arterial,31.73967778,-87.98524722,1,Daylight,42,Tree (Standing Only),1,Clear,1
1,Alabama,10376,TUSCALOOSA (125),TUSCALOOSA,6,June,5,Thursday,2024,21,9:00pm-9:59pm,2,Urban,7,Local,33.11665,-87.55497222,2,Dark - Not Lighted,8,Pedestrian,1,Clear,1
1,Alabama,10377,MOBILE (97),MOBILE,6,June,5,Thursday,2024,9,9:00am-9:59am,2,Urban,3,Other Principal Arterial,30.75455833,-88.20861944,1,Daylight,12,Motor Vehicle In-Transport,1,Clear,1
1,Alabama,10378,JEFFERSON (73),TARRANT,6,June,6,Friday,2024,12,12:00pm-12:59pm,2,Urban,3,Other Principal Arterial,33.58834167,-86.76629167,1,Daylight,12,Motor Vehicle In-Transport,1,Clear,1
1,Alabama,10379,LOWNDES (85),NOT APPLICABLE,6,June,6,Friday,2024,0,0:00am-0:59am,1,Rural,3,Other Principal Arterial,32.27032222,-86.51305278,2,Dark - Not Lighted,30,Utility Pole/Light Support,1,Clear,1
1,Alabama,10381,MOBILE (97),NOT APPLICABLE,6,June,7,Saturday,2024,23,11:00pm-11:59pm,1,Rural,1,Interstate,30.55079444,-88.21396111,3,Dark - Lighted,8,Pedestrian,1,Clear,1
1,Alabama,10382,BALDWIN (3),NOT APPLICABLE,6,June,7,Saturday,2024,1,1:00am-1:59am,1,Rural,5,Major Collector,30.44094722,-87.80023056,2,Dark - Not Lighted,32,Culvert,1,Clear,1
1,Alabama,10383,MOBILE (97),NOT APPLICABLE,6,June,7,Saturday,2024,5,5:00am-5:59am,1,Rural,4,Minor Arterial,30.63876111,-88.40461667,1,Daylight,12,Motor Vehicle In-Transport,1,Clear,1
1,Alabama,10384,ST. CLAIR (115),NOT APPLICABLE,6,June,7,Saturday,2024,13,1:00pm-1:59pm,1,Rural,4,Minor Arterial,33.69385833,-86.28071944,1,Daylight,34,Ditch,1,Clear,1
1,Alabama,10386,MOBILE (97),NOT APPLICABLE,6,June,1,Sunday,2024,6,6:00am-6:59am,1,Rural,3,Other Principal Arterial,30.83639722,-88.35986667,1,Daylight,12,Motor Vehicle In-Transport,1,Clear,1
1,Alabama,10387,MARION (93),NOT APPLICABLE,6,June,1,Sunday,2024,6,6:00am-6:59am,1,Rural,1,Interstate,33.9927,-87.78645,1,Daylight,35,Embankment,1,Clear,1
1,Alabama,10389,MOBILE (97),NOT APPLICABLE,6,June,2,Monday,2024,6,6:00am-6:59am,1,Rural,1,Interstate,30.89628611,-88.01326389,1,Daylight,32,Culvert,1,Clear,4
1,Alabama,10390,MOBILE (97),MOBILE,6,June,3,Tuesday,2024,19,7:00pm-7:59pm,2,Urban,5,Major Collector,30.69836111,-88.20757778,1,Daylight,1,Rollover/Overturn,1,Clear,1
1,Alabama,10391,TUSCALOOSA (125),NOT APPLICABLE,6,June,3,Tuesday,2024,17,5:00pm-5:59pm,1,Rural,7,Local,33.10274444,-87.3374,1,Daylight,34,Ditch,10,Cloudy,1
1,Alabama,10392,JEFFERSON (73),HOMEWOOD,6,June,3,Tuesday,2024,10,10:00am-10:59am,2,Urban,1,Interstate,33.46575833,-86.825725,1,Daylight,1,Rollover/Overturn,1,Clear,1
1,Alabama,10393,JEFFERSON (73),BIRMINGHAM,6,June,4,Wednesday,2024,3,3:00am-3:59am,2,Urban,7,Local,33.60452778,-86.65724167,3,Dark - Lighted,8,Pedestrian,1,Clear,1
1,Alabama,10394,MADISON (89),HUNTSVILLE,6,June,5,Thursday,2024,18,6:00pm-6:59pm,2,Urban,3,Other Principal Arterial,34.73515278,-86.61231389,1,Daylight,12,Motor Vehicle In-Transport,1,Clear,1
1,Alabama,10395,BARBOUR (5),NOT APPLICABLE,6,June,5,Thursday,2024,0,0:00am-0:59am,1,Rural,7,Local,31.77188611,-85.46941944,2,Dark - Not Lighted,38,Fence,1,Clear,1
1,Alabama,10396,ST. CLAIR (115),RIVERSIDE,6,June,6,Friday,2024,1,1:00am-1:59am,2,Urban,7,Local,33.61354167,-86.20629722,3,Dark - Lighted,19,Building,10,Cloudy,1
1,Alabama,10397,TALLAPOOSA (123),NOT APPLICABLE,6,June,7,Saturday,2024,16,4:00pm-4:59pm,1,Rural,5,Major Collector,32.69718611,-85.72718333,1,Daylight,42,Tree (Standing Only),1,Clear,1
1,Alabama,10398,TALLADEGA (121),TALLADEGA,6,June,6,Friday,2024,4,4:00am-4:59am,2,Urban,5,Major Collector,33.4378,-86.09630556,1,Daylight,9,Pedalcyclist,1,Clear,1
1,Alabama,10399,TALLADEGA (121),CHILDERSBURG,6,June,6,Friday,2024,23,11:00pm-11:59pm,2,Urban,3,Other Principal Arterial,33.28462778,-86.36250556,3,Dark - Lighted,8,Pedestrian,1,Clear,1
1,Alabama,10400,SHELBY (117),PELHAM,6,June,6,Friday,2024,20,8:00pm-8:59pm,2,Urban,1,Interstate,33.29846111,-86.79486389,2,Dark - Not Lighted,12,Motor Vehicle In-Transport,1,Clear,1
1,Alabama,10401,MOBILE (97),MOBILE,6,June,1,Sunday,2024,1,1:00am-1:59am,2,Urban,3,Other Principal Arterial,30.68598611,-88.20773611,3,Dark - Lighted,8,Pedestrian,1,Clear,1
1,Alabama,10402,ST. CLAIR (115),RIVERSIDE,6,June,1,Sunday,2024,0,0:00am-0:59am,2,Urban,7,Local,33.61226667,-86.20684167,2,Dark - Not Lighted,19,Building,1,Clear,1
1,Alabama,10403,ETOWAH (55),GLENCOE,6,June,1,Sunday,2024,21,9:00pm-9:59pm,2,Urban,5,Major Collector,33.97051389,-85.90473056,3,Dark - Lighted,30,Utility Pole/Light Support,1,Clear,1
1,Alabama,10404,TALLAPOOSA (123),NOT APPLICABLE,6,June,2,Monday,2024,1,1:00am-1:59am,1,Rural,4,Minor Arterial,32.79476389,-85.79015833,2,Dark - Not Lighted,1,Rollover/Overturn,1,Clear,1
1,Alabama,10405,MADISON (89),HUNTSVILLE,6,June,2,Monday,2024,14,2:00pm-2:59pm,2,Urban,1,Interstate,34.760375,-86.56271111,1,Daylight,34,Ditch,1,Clear,1
1,Alabama,10406,LIMESTONE (83),NOT APPLICABLE,6,June,5,Thursday,2024,12,12:00pm-12:59pm,1,Rural,7,Local,34.74700556,-87.00158611,1,Daylight,12,Motor Vehicle In-Transport,1,Clear,1
1,Alabama,10407,JEFFERSON (73),BESSEMER,6,June,6,Friday,2024,16,4:00pm-4:59pm,2,Urban,3,Other Principal Arterial,33.40121111,-86.96522222,1,Daylight,12,Motor Vehicle In-Transport,1,Clear,1
1,Alabama,10408,LEE (81),NOT APPLICABLE,6,June,7,Saturday,2024,16,4:00pm-4:59pm,2,Urban,3,Other Principal Arterial,32.65896111,-85.46521667,1,Daylight,42,Tree (Standing Only),10,Cloudy,1
1,Alabama,10409,LIMESTONE (83),NOT APPLICABLE,6,June,7,Saturday,2024,14,2:00pm-2:59pm,2,Urban,7,Local,34.84853611,-86.98111111,1,Daylight,53,Mail Box,1,Clear,1
1,Alabama,10410,MARSHALL (95),NOT APPLICABLE,6,June,6,Friday,2024,13,1:00pm-1:59pm,1,Rural,7,Local,34.17386667,-86.344575,1,Daylight,32,Culvert,1,Clear,1
1,Alabama,10411,HENRY (67),NOT APPLICABLE,6,June,5,Thursday,2024,18,6:00pm-6:59pm,1,Rural,3,Other Principal Arterial,31.537825,-85.28999722,5,Dusk,1,Rollover/Overturn,2,Rain,1
1,Alabama,10412,TUSCALOOSA (125),NOT APPLICABLE,7,July,6,Friday,2024,19,7:00pm-7:59pm,1,Rural,7,Local,33.09230833,-87.45373056,2,Dark - Not Lighted,32,Culvert,2,Rain,1
1,Alabama,10413,CALHOUN (15),NOT APPLICABLE,7,July,6,Friday,2024,4,4:00am-4:59am,1,Rural,7,Local,33.78940833,-85.94338889,2,Dark - Not Lighted,42,Tree (Standing Only),1,Clear,1
1,Alabama,10415,CRENSHAW (41),NOT APPLICABLE,7,July,5,Thursday,2024,0,0:00am-0:59am,1,Rural,5,Major Collector,31.81295278,-86.27299722,2,Dark - Not Lighted,35,Embankment,1,Clear,1
1,Alabama,10416,JEFFERSON (73),NOT APPLICABLE,7,July,4,Wednesday,2024,3,3:00am-3:59am,2,Urban,5,Major Collector,33.45538333,-86.98111944,2,Dark - Not Lighted,19,Building,10,Cloudy,1
1,Alabama,10417,BLOUNT (9),NOT APPLICABLE,7,July,3,Tuesday,2024,20,8:00pm-8:59pm,1,Rural,5,Major Collector,33.98032778,-86.75579722,2,Dark - Not Lighted,30,Utility Pole/Light Support,1,Clear,1
1,Alabama,10418,JEFFERSON (73),BIRMINGHAM,6,June,7,Saturday,2024,5,5:00am-5:59am,2,Urban,4,Minor Arterial,33.38722778,-86.967475,2,Dark - Not Lighted,8,Pedestrian,10,Cloudy,1
1,Alabama,10419,TALLADEGA (121),SYLACAUGA,7,July,3,Tuesday,2024,14,2:00pm-2:59pm,2,Urban,3,Other Principal Arterial,33.16369722,-86.27523611,1,Daylight,12,Motor Vehicle In-Transport,1,Clear,1
1,Alabama,10420,CLEBURNE (29),NOT APPLICABLE,6,June,6,Friday,2024,8,8:00am-8:59am,1,Rural,3,Other Principal Arterial,33.52659167,-85.63923611,1,Daylight,12,Motor Vehicle In-Transport,10,Cloudy,1
1,Alabama,10421,MOBILE (97),MOBILE,6,June,6,Friday,2024,7,7:00am-7:59am,2,Urban,3,Other Principal Arterial,30.72495833,-88.03706111,1,Daylight,12,Motor Vehicle In-Transport,1,Clear,1
1,Alabama,10422,MONTGOMERY (101),NOT APPLICABLE,6,June,6,Friday,2024,10,10:00am-10:59am,2,Urban,4,Minor Arterial,32.30588611,-86.0227,1,Daylight,12,Motor Vehicle In-Transport,1,Clear,1
1,Alabama,10423,LEE (81),OPELIKA,6,June,6,Friday,2024,14,2:00pm-2:59pm,2,Urban,1,Interstate,32.61216389,-85.41148889,1,Daylight,12,Motor Vehicle In-Transport,1,Clear,1
1,Alabama,10424,MORGAN (103),NOT APPLICABLE,7,July,2,Monday,2024,17,5:00pm-5:59pm,1,Rural,3,Other Principal Arterial,34.31220833,-86.59908056,1,Daylight,12,Motor Vehicle In-Transport,1,Clear,1
1,Alabama,10425,BLOUNT (9),NOT APPLICABLE,6,June,7,Saturday,2024,20,8:00pm-8:59pm,1,Rural,6,Minor Collector,33.89079444,-86.39318889,2,Dark - Not Lighted,8,Pedestrian,1,Clear,1
1,Alabama,10426,LEE (81),NOT APPLICABLE,6,June,4,Wednesday,2024,21,9:00pm-9:59pm,2,Urban,4,Minor Arterial,32.53028611,-85.03805556,2,Dark - Not Lighted,12,Motor Vehicle In-Transport,1,Clear,1
1,Alabama,10427,LAUDERDALE (77),NOT APPLICABLE,6,June,5,Thursday,2024,13,1:00pm-1:59pm,2,Urban,3,Other Principal Arterial,34.82621944,-87.73028611,1,Daylight,12,Motor Vehicle In-Transport,1,Clear,1
1,Alabama,10428,MADISON (89),HUNTSVILLE,7,July,7,Saturday,2024,14,2:00pm-2:59pm,2,Urban,7,Local,34.74894167,-86.54000278,1,Daylight,42,Tree (Standing Only),1,Clear,1
1,Alabama,10429,CALHOUN (15),OXFORD,6,June,5,Thursday,2024,12,12:00pm-12:59pm,2,Urban,4,Minor Arterial,33.59721111,-85.93706389,1,Daylight,12,Motor Vehicle In-Transport,2,Rain,1
1,Alabama,10430,PIKE (109),BRUNDIDGE,6,June,5,Thursday,2024,17,5:00pm-5:59pm,2,Urban,5,Major Collector,31.71379444,-85.81050556,1,Daylight,12,Motor Vehicle In-Transport,1,Clear,2
1,Alabama,10431,COLBERT (33),NOT APPLICABLE,6,June,5,Thursday,2024,10,10:00am-10:59am,1,Rural,4,Minor Arterial,34.75541944,-87.46890833,1,Daylight,12,Motor Vehicle In-Transport,1,Clear,1
1,Alabama,10432,ESCAMBIA (53),NOT APPLICABLE,7,July,5,Thursday,2024,16,4:00pm-4:59pm,1,Rural,3,Other Principal Arterial,31.04682778,-87.17521944,1,Daylight,12,Motor Vehicle In-Transport,10,Cloudy,1
1,Alabama,10433,CULLMAN (43),NOT APPLICABLE,7,July,6,Friday,2024,8,8:00am-8:59am,1,Rural,4,Minor Arterial,34.04449444,-86.87872778,1,Daylight,1,Rollover/Overturn,2,Rain,1
1,Alabama,10434,MARSHALL (95),NOT APPLICABLE,7,July,7,Saturday,2024,19,7:00pm-7:59pm,1,Rural,3,Other Principal Arterial,34.413925,-86.52778056,5,Dusk,12,Motor Vehicle In-Transport,10,Cloudy,3
1,Alabama,10435,PIKE (109),TROY,7,July,1,Sunday,2024,23,11:00pm-11:59pm,2,Urban,4,Minor Arterial,31.8097,-86.0209,3,Dark - Lighted,33,Curb,99,Reported as Unknown,1
1,Alabama,10436,CONECUH (35),NOT APPLICABLE,7,July,1,Sunday,2024,0,0:00am-0:59am,1,Rural,3,Other Principal Arterial,31.34561944,-87.02762778,2,Dark - Not Lighted,12,Motor Vehicle In-Transport,1,Clear,1
1,Alabama,10437,JACKSON (71),NOT APPLICABLE,7,July,1,Sunday,2024,8,8:00am-8:59am,1,Rural,3,Other Principal Arterial,34.62818333,-86.31229444,1,Daylight,12,Motor Vehicle In-Transport,1,Clear,1
1,Alabama,10438,AUTAUGA (1),NOT APPLICABLE,7,July,2,Monday,2024,4,4:00am-4:59am,1,Rural,5,Major Collector,32.49273889,-86.51742222,2,Dark - Not Lighted,42,Tree (Standing Only),1,Clear,1
1,Alabama,10439,TALLADEGA (121),NOT APPLICABLE,7,July,2,Monday,2024,16,4:00pm-4:59pm,1,Rural,1,Interstate,33.59112222,-86.14753056,1,Daylight,57,Cable Barrier,1,Clear,1
1,Alabama,10440,JEFFERSON (73),NOT APPLICABLE,7,July,4,Wednesday,2024,23,11:00pm-11:59pm,1,Rural,4,Minor Arterial,33.53085278,-87.07371111,2,Dark - Not Lighted,42,Tree (Standing Only),1,Clear,1
1,Alabama,10441,BALDWIN (3),NOT APPLICABLE,7,July,2,Monday,2024,3,3:00am-3:59am,1,Rural,6,Minor Collector,30.45794722,-87.72837778,2,Dark - Not Lighted,38,Fence,1,Clear,1
1,Alabama,10442,MOBILE (97),NOT APPLICABLE,7,July,3,Tuesday,2024,1,1:00am-1:59am,2,Urban,3,Other Principal Arterial,30.53165,-88.19265278,3,Dark - Lighted,12,Motor Vehicle In-Transport,2,Rain,1
1,Alabama,10443,MOBILE (97),MOBILE,7,July,4,Wednesday,2024,5,5:00am-5:59am,2,Urban,3,Other Principal Arterial,30.69119167,-88.17369444,1,Daylight,12,Motor Vehicle In-Transport,1,Clear,1
1,Alabama,10444,CHILTON (21),CLANTON,7,July,7,Saturday,2024,11,11:00am-11:59am,2,Urban,7,Local,32.81049444,-86.61017778,1,Daylight,10,Railway Vehicle,1,Clear,1
1,Alabama,10445,GENEVA (61),NOT APPLICABLE,7,July,7,Saturday,2024,19,7:00pm-7:59pm,1,Rural,4,Minor Arterial,30.99826389,-85.64653333,2,Dark - Not Lighted,12,Motor Vehicle In-Transport,1,Clear,2
1,Alabama,10446,CRENSHAW (41),NOT APPLICABLE,7,July,7,Saturday,2024,12,12:00pm-12:59pm,1,Rural,3,Other Principal Arterial,31.83876389,-86.30597778,1,Daylight,12,Motor Vehicle In-Transport,1,Clear,1
1,Alabama,10447,MORGAN (103),NOT APPLICABLE,7,July,7,Saturday,2024,13,1:00pm-1:59pm,1,Rural,5,Major Collector,34.42714167,-86.89164722,1,Daylight,42,Tree (Standing Only),1,Clear,1
1,Alabama,10448,DEKALB (49),NOT APPLICABLE,7,July,7,Saturday,2024,2,2:00am-2:59am,1,Rural,7,Local,34.36037222,-85.72692222,2,Dark - Not Lighted,30,Utility Pole/Light Support,1,Clear,1
1,Alabama,10449,MADISON (89),NOT APPLICABLE,7,July,7,Saturday,2024,1,1:00am-1:59am,2,Urban,7,Local,34.80472222,-86.69128333,2,Dark - Not Lighted,42,Tree (Standing Only),1,Clear,1
1,Alabama,10450,WALKER (127),NOT APPLICABLE,7,July,5,Thursday,2024,4,4:00am-4:59am,1,Rural,5,Major Collector,33.79295278,-87.27436111,2,Dark - Not Lighted,35,Embankment,1,Clear,1
1,Alabama,10451,FAYETTE (57),NOT APPLICABLE,7,July,5,Thursday,2024,22,10:00pm-10:59pm,1,Rural,5,Major Collector,33.73432778,-87.90981389,2,Dark - Not Lighted,32,Culvert,1,Clear,1
1,Alabama,10452,MONTGOMERY (101),MONTGOMERY,7,July,1,Sunday,2024,1,1:00am-1:59am,2,Urban,7,Local,32.339225,-86.26085556,3,Dark - Lighted,12,Motor Vehicle In-Transport,1,Clear,1
1,Alabama,10453,MADISON (89),HUNTSVILLE,7,July,1,Sunday,2024,11,11:00am-11:59am,2,Urban,4,Minor Arterial,34.65696111,-86.75332778,1,Daylight,1,Rollover/Overturn,1,Clear,1
1,Alabama,10454,MADISON (89),NOT APPLICABLE,7,July,2,Monday,2024,8,8:00am-8:59am,1,Rural,4,Minor Arterial,34.86369444,-86.456325,1,Daylight,12,Motor Vehicle In-Transport,1,Clear,2
1,Alabama,10455,JEFFERSON (73),BESSEMER,7,July,3,Tuesday,2024,11,11:00am-11:59am,2,Urban,3,Other Principal Arterial,33.39954722,-86.96657778,1,Daylight,12,Motor Vehicle In-Transport,1,Clear,1
1,Alabama,10456,JEFFERSON (73),BIRMINGHAM,7,July,3,Tuesday,2024,6,6:00am-6:59am,2,Urban,4,Minor Arterial,33.48241667,-86.85904167,1,Daylight,12,Motor Vehicle In-Transport,1,Clear,1
1,Alabama,10457,TUSCALOOSA (125),TUSCALOOSA,7,July,3,Tuesday,2024,18,6:00pm-6:59pm,2,Urban,4,Minor Arterial,33.20280278,-87.46195,1,Daylight,12,Motor Vehicle In-Transport,1,Clear,1
1,Alabama,10458,MARSHALL (95),GUNTERSVILLE,7,July,7,Saturday,2024,1,1:00am-1:59am,2,Urban,3,Other Principal Arterial,34.30574722,-86.28921389,3,Dark - Lighted,12,Motor Vehicle In-Transport,1,Clear,1
1,Alabama,10459,BALDWIN (3),GULF SHORES,7,July,5,Thursday,2024,10,10:00am-10:59am,2,Urban,3,Other Principal Arterial,30.30253611,-87.68303611,1,Daylight,30,Utility Pole/Light Support,1,Clear,1
1,Alabama,10460,HOUSTON (69),NOT APPLICABLE,7,July,6,Friday,2024,0,0:00am-0:59am,1,Rural,4,Minor Arterial,31.25868333,-85.22573056,2,Dark - Not Lighted,33,Curb,1,Clear,1
1,Alabama,10461,MOBILE (97),MOBILE,7,July,6,Friday,2024,5,5:00am-5:59am,2,Urban,3,Other Principal Arterial,30.56247222,-88.17247222,2,Dark - Not Lighted,8,Pedestrian,2,Rain,1
1,Alabama,10462,WALKER (127),NOT APPLICABLE,7,July,6,Friday,2024,12,12:00pm-12:59pm,1,Rural,5,Major Collector,33.73691389,-87.11631389,1,Daylight,12,Motor Vehicle In-Transport,2,Rain,1
1,Alabama,10463,MORGAN (103),DECATUR,7,July,7,Saturday,2024,11,11:00am-11:59am,2,Urban,3,Other Principal Arterial,34.56799167,-86.97325,1,Daylight,12,Motor Vehicle In-Transport,1,Clear,1
1,Alabama,10464,BLOUNT (9),NOT APPLICABLE,7,July,7,Saturday,2024,7,7:00am-7:59am,1,Rural,5,Major Collector,33.91505556,-86.5148,1,Daylight,32,Culvert,10,Cloudy,1
1,Alabama,10465,CULLMAN (43),NOT APPLICABLE,7,July,7,Saturday,2024,2,2:00am-2:59am,1,Rural,1,Interstate,33.99133889,-86.85999444,2,Dark - Not Lighted,8,Pedestrian,10,Cloudy,1
1,Alabama,10466,BALDWIN (3),NOT APPLICABLE,7,July,7,Saturday,2024,17,5:00pm-5:59pm,1,Rural,1,Interstate,30.65165833,-87.72981944,1,Daylight,8,Pedestrian,1,Clear,1
1,Alabama,10467,JEFFERSON (73),BIRMINGHAM,7,July,2,Monday,2024,17,5:00pm-5:59pm,2,Urban,7,Local,33.49517778,-86.88543889,1,Daylight,14,Parked Motor Vehicle,1,Clear,1
1,Alabama,10468,TUSCALOOSA (125),TUSCALOOSA,7,July,2,Monday,2024,8,8:00am-8:59am,2,Urban,4,Minor Arterial,33.16496111,-87.47789167,1,Daylight,42,Tree (Standing Only),10,Cloudy,1
1,Alabama,10469,MOBILE (97),NOT APPLICABLE,7,July,2,Monday,2024,13,1:00pm-1:59pm,1,Rural,4,Minor Arterial,30.27479167,-88.12087222,1,Daylight,12,Motor Vehicle In-Transport,1,Clear,2
1,Alabama,10470,MARSHALL (95),NOT APPLICABLE,7,July,2,Monday,2024,23,11:00pm-11:59pm,1,Rural,5,Major Collector,34.40173889,-86.46546389,2,Dark - Not Lighted,42,Tree (Standing Only),10,Cloudy,1
1,Alabama,10471,CALHOUN (15),NOT APPLICABLE,7,July,3,Tuesday,2024,1,1:00am-1:59am,2,Urban,4,Minor Arterial,33.62511111,-85.91978333,2,Dark - Not Lighted,8,Pedestrian,10,Cloudy,1
1,Alabama,10472,WALKER (127),NOT APPLICABLE,7,July,5,Thursday,2024,11,11:00am-11:59am,1,Rural,7,Local,33.98104722,-87.46338333,1,Daylight,34,Ditch,2,Rain,1
1,Alabama,10473,HALE (65),NOT APPLICABLE,7,July,6,Friday,2024,1,1:00am-1:59am,1,Rural,4,Minor Arterial,32.55328333,-87.67492778,2,Dark - Not Lighted,38,Fence,1,Clear,1
1,Alabama,10474,JEFFERSON (73),BIRMINGHAM,7,July,6,Friday,2024,15,3:00pm-3:59pm,2,Urban,4,Minor Arterial,33.51083611,-86.89274444,1,Daylight,19,Building,1,Clear,1
1,Alabama,10475,MARENGO (91),NOT APPLICABLE,7,July,6,Friday,2024,11,11:00am-11:59am,1,Rural,5,Major Collector,32.34449167,-87.84049722,1,Daylight,10,Railway Vehicle,1,Clear,1
1,Alabama,10476,CONECUH (35),NOT APPLICABLE,7,July,7,Saturday,2024,20,8:00pm-8:59pm,1,Rural,6,Minor Collector,31.50095,-86.97568333,2,Dark - Not Lighted,1,Rollover/Overturn,1,Clear,1
1,Alabama,10477,SHELBY (117),HOOVER,7,July,7,Saturday,2024,15,3:00pm-3:59pm,2,Urban,5,Major Collector,33.28025278,-86.89635833,1,Daylight,42,Tree (Standing Only),10,Cloudy,1
1,Alabama,10478,CHEROKEE (19),NOT APPLICABLE,7,July,1,Sunday,2024,0,0:00am-0:59am,1,Rural,3,Other Principal Arterial,33.97510556,-85.5096,2,Dark - Not Lighted,42,Tree (Standing Only),10,Cloudy,1
1,Alabama,10479,ETOWAH (55),NOT APPLICABLE,7,July,1,Sunday,2024,14,2:00pm-2:59pm,1,Rural,1,Interstate,34.1414,-85.99042778,1,Daylight,42,Tree (Standing Only),2,Rain,1
1,Alabama,10480,CALHOUN (15),NOT APPLICABLE,7,July,1,Sunday,2024,16,4:00pm-4:59pm,1,Rural,4,Minor Arterial,33.8403,-85.67031111,1,Daylight,34,Ditch,2,Rain,1
1,Alabama,10481,LOWNDES (85),NOT APPLICABLE,7,July,1,Sunday,2024,3,3:00am-3:59am,1,Rural,3,Other Principal Arterial,32.29049722,-86.80329722,2,Dark - Not Lighted,1,Rollover/Overturn,1,Clear,1
1,Alabama,10482,LAWRENCE (79),NOT APPLICABLE,7,July,3,Tuesday,2024,11,11:00am-11:59am,1,Rural,3,Other Principal Arterial,34.51611667,-87.20615556,1,Daylight,12,Motor Vehicle In-Transport,2,Rain,1
1,Alabama,10483,ESCAMBIA (53),NOT APPLICABLE,7,July,4,Wednesday,2024,10,10:00am-10:59am,1,Rural,4,Minor Arterial,31.1473,-87.46354722,1,Daylight,12,Motor Vehicle In-Transport,1,Clear,1
1,Alabama,10484,JEFFERSON (73),TRUSSVILLE,7,July,5,Thursday,2024,6,6:00am-6:59am,2,Urban,5,Major Collector,33.67596389,-86.58591389,4,Dawn,12,Motor Vehicle In-Transport,10,Cloudy,1
1,Alabama,10485,RANDOLPH (111),NOT APPLICABLE,7,July,5,Thursday,2024,19,7:00pm-7:59pm,1,Rural,3,Other Principal Arterial,33.38983611,-85.52396111,5,Dusk,12,Motor Vehicle In-Transport,10,Cloudy,2
1,Alabama,10486,TUSCALOOSA (125),NORTHPORT,7,July,6,Friday,2024,20,8:00pm-8:59pm,2,Urban,3,Other Principal Arterial,33.23753889,-87.56983611,3,Dark - Lighted,8,Pedestrian,10,Cloudy,1
1,Alabama,10487,BALDWIN (3),ORANGE BEACH,7,July,1,Sunday,2024,21,9:00pm-9:59pm,2,Urban,3,Other Principal Arterial,30.27344444,-87.56896944,3,Dark - Lighted,8,Pedestrian,1,Clear,1
1,Alabama,10488,BALDWIN (3),LOXLEY,7,July,3,Tuesday,2024,5,5:00am-5:59am,1,Rural,7,Local,30.66495556,-87.75864722,2,Dark - Not Lighted,1,Rollover/Overturn,1,Clear,1
1,Alabama,10489,MADISON (89),HUNTSVILLE,7,July,4,Wednesday,2024,10,10:00am-10:59am,2,Urban,3,Other Principal Arterial,34.74201944,-86.67055833,1,Daylight,8,Pedestrian,10,Cloudy,1
1,Alabama,10490,SHELBY (117),MONTEVALLO,7,July,4,Wednesday,2024,17,5:00pm-5:59pm,2,Urban,3,Other Principal Arterial,33.11936944,-86.84953889,1,Daylight,12,Motor Vehicle In-Transport,10,Cloudy,3
1,Alabama,10491,TUSCALOOSA (125),NOT APPLICABLE,8,August,5,Thursday,2024,14,2:00pm-2:59pm,1,Rural,5,Major Collector,33.27160556,-87.2482,1,Daylight,59,Traffic Sign Support,1,Clear,1
1,Alabama,10492,MONTGOMERY (101),MONTGOMERY,8,August,5,Thursday,2024,15,3:00pm-3:59pm,2,Urban,7,Local,32.34834167,-86.32020556,1,Daylight,14,Parked Motor Vehicle,1,Clear,1
1,Alabama,10493,LIMESTONE (83),NOT APPLICABLE,8,August,5,Thursday,2024,17,5:00pm-5:59pm,1,Rural,3,Other Principal Arterial,34.80111944,-87.22770278,1,Daylight,12,Motor Vehicle In-Transport,1,Clear,1
1,Alabama,10494,HOUSTON (69),ASHFORD,8,August,5,Thursday,2024,13,1:00pm-1:59pm,2,Urban,3,Other Principal Arterial,31.1785,-85.244975,1,Daylight,12,Motor Vehicle In-Transport,1,Clear,1
1,Alabama,10495,LAUDERDALE (77),FLORENCE,8,August,6,Friday,2024,22,10:00pm-10:59pm,2,Urban,3,Other Principal Arterial,34.83284722,-87.66769722,3,Dark - Lighted,1,Rollover/Overturn,1,Clear,1
1,Alabama,10496,MACON (87),FRANKLIN,8,August,6,Friday,2024,12,12:00pm-12:59pm,2,Urban,5,Major Collector,32.45308611,-85.79944722,1,Daylight,12,Motor Vehicle In-Transport,1,Clear,1
1,Alabama,10497,CHEROKEE (19),NOT APPLICABLE,8,August,6,Friday,2024,21,9:00pm-9:59pm,1,Rural,7,Local,34.05668333,-85.43934722,2,Dark - Not Lighted,32,Culvert,10,Cloudy,1
1,Alabama,10498,MONTGOMERY (101),MONTGOMERY,8,August,6,Friday,2024,22,10:00pm-10:59pm,1,Rural,3,Other Principal Arterial,32.43296667,-86.21976944,2,Dark - Not Lighted,12,Motor Vehicle In-Transport,1,Clear,1
1,Alabama,10499,JEFFERSON (73),NOT APPLICABLE,8,August,6,Friday,2024,2,2:00am-2:59am,1,Rural,1,Interstate,33.54298611,-86.64129722,2,Dark - Not Lighted,34,Ditch,99,Reported as Unknown,1
1,Alabama,10500,HOUSTON (69),NOT APPLICABLE,8,August,7,Saturday,2024,6,6:00am-6:59am,2,Urban,3,Other Principal Arterial,31.19546111,-85.33086389,1,Daylight,59,Traffic Sign Support,2,Rain,1
1,Alabama,10501,LAUDERDALE (77),KILLEN,8,August,7,Saturday,2024,16,4:00pm-4:59pm,2,Urban,3,Other Principal Arterial,34.8588,-87.53160556,1,Daylight,42,Tree (Standing Only),1,Clear,1
1,Alabama,10502,SHELBY (117),NOT APPLICABLE,8,August,1,Sunday,2024,13,1:00pm-1:59pm,1,Rural,1,Interstate,33.16124444,-86.77149167,1,Daylight,12,Motor Vehicle In-Transport,1,Clear,1