STATE,STATENAME,ST_CASE,COUNTYNAME,CITYNAME,MONTH,MONTHNAME,DAY_WEEK,DAY_WEEKNAME,YEAR,HOUR,HOURNAME,RUR_URB,RUR_URBNAME,FUNC_SYS,FUNC_SYSNAME,LATITUDE,LONGITUD,LGT_COND,LGT_CONDNAME,HARM_EV,HARM_EVNAME,WEATHER,WEATHERNAME,FATALS
1,Alabama,10503,COLBERT (33),SHEFFIELD,8,August,1,Sunday,2024,15,3:00pm-3:59pm,2,Urban,5,Major Collector,34.74394167,-87.71448889,1,Daylight,30,Utility Pole/Light Support,1,Clear,1
1,Alabama,10504,LIMESTONE (83),NOT APPLICABLE,8,August,1,Sunday,2024,16,4:00pm-4:59pm,1,Rural,3,Other Principal Arterial,34.96294444,-86.795325,1,Daylight,12,Motor Vehicle In-Transport,1,Clear,1
1,Alabama,10505,MARION (93),NOT APPLICABLE,8,August,2,Monday,2024,17,5:00pm-5:59pm,1,Rural,5,Major Collector,34.27201389,-87.94128611,1,Daylight,42,Tree (Standing Only),1,Clear,1
1,Alabama,10506,ETOWAH (55),NOT APPLICABLE,8,August,2,Monday,2024,20,8:00pm-8:59pm,1,Rural,3,Other Principal Arterial,34.13341389,-86.12241111,2,Dark - Not Lighted,12,Motor Vehicle In-Transport,1,Clear,1
1,Alabama,10508,MOBILE (97),MOBILE,8,August,3,Tuesday,2024,0,0:00am-0:59am,2,Urban,1,Interstate,30.63370278,-88.11860556,3,Dark - Lighted,12,Motor Vehicle In-Transport,1,Clear,1
1,Alabama,10509,SHELBY (117),NOT APPLICABLE,8,August,3,Tuesday,2024,14,2:00pm-2:59pm,1,Rural,1,Interstate,33.24966944,-86.79969722,1,Daylight,12,Motor Vehicle In-Transport,1,Clear,1
1,Alabama,10510,FRANKLIN (59),NOT APPLICABLE,8,August,3,Tuesday,2024,17,5:00pm-5:59pm,1,Rural,5,Major Collector,34.55065556,-87.90312778,1,Daylight,1,Rollover/Overturn,1,Clear,1
1,Alabama,10511,MOBILE (97),SEMMES,8,August,3,Tuesday,2024,5,5:00am-5:59am,2,Urban,4,Minor Arterial,30.803875,-88.24886389,6,Dark - Unknown Lighting,8,Pedestrian,1,Clear,1
1,Alabama,10512,MONTGOMERY (101),MONTGOMERY,8,August,5,Thursday,2024,8,8:00am-8:59am,2,Urban,1,Interstate,32.33155556,-86.33311667,1,Daylight,54,"Motor Vehicle In-Transport Strikes or is Struck by Cargo, Persons or Objects Set-in-Motion from/by Another Motor Vehicle In Transport",1,Clear,1
1,Alabama,10513,MOBILE (97),NOT APPLICABLE,8,August,6,Friday,2024,10,10:00am-10:59am,1,Rural,7,Local,30.53386389,-88.31035278,1,Daylight,42,Tree (Standing Only),1,Clear,1
1,Alabama,10514,LAWRENCE (79),NOT APPLICABLE,8,August,6,Friday,2024,17,5:00pm-5:59pm,1,Rural,3,Other Principal Arterial,34.43500556,-87.19484167,1,Daylight,1,Rollover/Overturn,1,Clear,1
1,Alabama,10515,MONTGOMERY (101),NOT APPLICABLE,8,August,6,Friday,2024,17,5:00pm-5:59pm,1,Rural,5,Major Collector,32.34461111,-86.46904167,1,Daylight,59,Traffic Sign Support,1,Clear,1
1,Alabama,10516,MORGAN (103),NOT APPLICABLE,8,August,6,Friday,2024,17,5:00pm-5:59pm,1,Rural,3,Other Principal Arterial,34.38130278,-86.65726667,1,Daylight,12,Motor Vehicle In-Transport,1,Clear,1
1,Alabama,10517,MONTGOMERY (101),MONTGOMERY,7,July,2,Monday,2024,7,7:00am-7:59am,2,Urban,1,Interstate,32.32760556,-86.33526111,1,Daylight,8,Pedestrian,1,Clear,1
1,Alabama,10518,MADISON (89),HUNTSVILLE,8,August,6,Friday,2024,19,7:00pm-7:59pm,2,Urban,3,Other Principal Arterial,34.81283333,-86.57163611,5,Dusk,12,Motor Vehicle In-Transport,1,Clear,1
1,Alabama,10519,MONTGOMERY (101),PIKE ROAD,8,August,7,Saturday,2024,17,5:00pm-5:59pm,2,Urban,1,Interstate,32.36798889,-86.062125,1,Daylight,52,Guardrail End,1,Clear,1
1,Alabama,10520,BULLOCK (11),UNION SPRINGS,8,August,7,Saturday,2024,0,0:00am-0:59am,2,Urban,5,Major Collector,32.07761667,-85.68768611,3,Dark - Lighted,12,Motor Vehicle In-Transport,1,Clear,1
1,Alabama,10521,DALLAS (47),NOT APPLICABLE,8,August,1,Sunday,2024,1,1:00am-1:59am,1,Rural,3,Other Principal Arterial,32.26864722,-87.39685833,2,Dark - Not Lighted,12,Motor Vehicle In-Transport,1,Clear,2
1,Alabama,10522,GREENE (63),NOT APPLICABLE,8,August,2,Monday,2024,4,4:00am-4:59am,1,Rural,5,Major Collector,32.87680556,-87.86847778,2,Dark - Not Lighted,8,Pedestrian,1,Clear,1
1,Alabama,10523,ETOWAH (55),SOUTHSIDE,8,August,2,Monday,2024,10,10:00am-10:59am,2,Urban,3,Other Principal Arterial,33.92473333,-86.02248611,1,Daylight,12,Motor Vehicle In-Transport,1,Clear,1
1,Alabama,10525,CONECUH (35),NOT APPLICABLE,8,August,3,Tuesday,2024,14,2:00pm-2:59pm,1,Rural,6,Minor Collector,31.52400833,-87.01579444,1,Daylight,1,Rollover/Overturn,1,Clear,1
1,Alabama,10526,LIMESTONE (83),NOT APPLICABLE,8,August,3,Tuesday,2024,3,3:00am-3:59am,1,Rural,3,Other Principal Arterial,34.66619444,-86.95003056,2,Dark - Not Lighted,59,Traffic Sign Support,10,Cloudy,1
1,Alabama,10527,LEE (81),NOT APPLICABLE,8,August,3,Tuesday,2024,4,4:00am-4:59am,1,Rural,7,Local,32.59676667,-85.22288611,2,Dark - Not Lighted,11,Live Animal,1,Clear,1
1,Alabama,10528,HOUSTON (69),DOTHAN,8,August,4,Wednesday,2024,9,9:00am-9:59am,2,Urban,3,Other Principal Arterial,31.24138889,-85.41585,1,Daylight,5,Fell/Jumped from Vehicle,1,Clear,1
1,Alabama,10529,MORGAN (103),NOT APPLICABLE,8,August,6,Friday,2024,17,5:00pm-5:59pm,1,Rural,3,Other Principal Arterial,34.52152222,-86.58991389,1,Daylight,24,Guardrail Face,2,Rain,1
1,Alabama,10530,TUSCALOOSA (125),NOT APPLICABLE,8,August,5,Thursday,2024,6,6:00am-6:59am,1,Rural,1,Interstate,33.07966111,-87.684825,1,Daylight,12,Motor Vehicle In-Transport,1,Clear,1
1,Alabama,10531,SUMTER (119),NOT APPLICABLE,8,August,2,Monday,2024,18,6:00pm-6:59pm,1,Rural,1,Interstate,32.51682222,-88.30922778,2,Dark - Not Lighted,14,Parked Motor Vehicle,1,Clear,1
1,Alabama,10532,CHEROKEE (19),NOT APPLICABLE,8,August,2,Monday,2024,16,4:00pm-4:59pm,1,Rural,4,Minor Arterial,34.10266944,-85.53474444,1,Daylight,12,Motor Vehicle In-Transport,1,Clear,1
1,Alabama,10533,WALKER (127),NOT APPLICABLE,8,August,2,Monday,2024,12,12:00pm-12:59pm,1,Rural,1,Interstate,33.85751111,-87.36708611,1,Daylight,35,Embankment,10,Cloudy,1
1,Alabama,10534,MORGAN (103),DECATUR,8,August,7,Saturday,2024,23,11:00pm-11:59pm,2,Urban,4,Minor Arterial,34.58943889,-86.97657222,3,Dark - Lighted,12,Motor Vehicle In-Transport,1,Clear,1
1,Alabama,10535,JEFFERSON (73),BIRMINGHAM,8,August,7,Saturday,2024,1,1:00am-1:59am,2,Urban,5,Major Collector,33.54103889,-86.75700278,3,Dark - Lighted,15,Non-Motorist on Personal Conveyance,1,Clear,1
1,Alabama,10536,MONROE (99),NOT APPLICABLE,11,November,6,Friday,2024,10,10:00am-10:59am,1,Rural,5,Major Collector,31.32304444,-87.48876389,1,Daylight,42,Tree (Standing Only),1,Clear,1
1,Alabama,10537,MORGAN (103),NOT APPLICABLE,8,August,1,Sunday,2024,16,4:00pm-4:59pm,1,Rural,5,Major Collector,34.37341389,-86.58935833,1,Daylight,1,Rollover/Overturn,1,Clear,1
1,Alabama,10538,AUTAUGA (1),NOT APPLICABLE,8,August,6,Friday,2024,23,11:00pm-11:59pm,1,Rural,4,Minor Arterial,32.43738333,-86.59352222,2,Dark - Not Lighted,12,Motor Vehicle In-Transport,1,Clear,1
1,Alabama,10539,AUTAUGA (1),NOT APPLICABLE,8,August,3,Tuesday,2024,18,6:00pm-6:59pm,1,Rural,4,Minor Arterial,32.5839,-86.46426667,1,Daylight,12,Motor Vehicle In-Transport,1,Clear,1
1,Alabama,10540,JEFFERSON (73),NOT APPLICABLE,8,August,3,Tuesday,2024,22,10:00pm-10:59pm,2,Urban,7,Local,33.48470278,-86.91832778,3,Dark - Lighted,12,Motor Vehicle In-Transport,1,Clear,1
1,Alabama,10541,COOSA (37),NOT APPLICABLE,8,August,4,Wednesday,2024,13,1:00pm-1:59pm,1,Rural,5,Major Collector,33.07924167,-86.24506389,1,Daylight,12,Motor Vehicle In-Transport,1,Clear,1
1,Alabama,10542,TUSCALOOSA (125),BROOKWOOD,8,August,5,Thursday,2024,16,4:00pm-4:59pm,1,Rural,5,Major Collector,33.27020278,-87.30781111,1,Daylight,12,Motor Vehicle In-Transport,1,Clear,1
1,Alabama,10543,MADISON (89),HUNTSVILLE,8,August,5,Thursday,2024,23,11:00pm-11:59pm,2,Urban,3,Other Principal Arterial,34.73496111,-86.62831944,3,Dark - Lighted,8,Pedestrian,1,Clear,1
1,Alabama,10544,BLOUNT (9),NOT APPLICABLE,8,August,5,Thursday,2024,19,7:00pm-7:59pm,1,Rural,4,Minor Arterial,33.848425,-86.82623889,3,Dark - Lighted,12,Motor Vehicle In-Transport,10,Cloudy,1
1,Alabama,10545,COLBERT (33),LITTLEVILLE,8,August,6,Friday,2024,16,4:00pm-4:59pm,2,Urban,3,Other Principal Arterial,34.57656111,-87.68278056,1,Daylight,12,Motor Vehicle In-Transport,1,Clear,1
1,Alabama,10546,ST. CLAIR (115),NOT APPLICABLE,8,August,7,Saturday,2024,8,8:00am-8:59am,1,Rural,4,Minor Arterial,33.61578889,-86.28126389,1,Daylight,12,Motor Vehicle In-Transport,1,Clear,2
1,Alabama,10547,CULLMAN (43),NOT APPLICABLE,8,August,7,Saturday,2024,18,6:00pm-6:59pm,1,Rural,1,Interstate,33.96830278,-86.864425,1,Daylight,34,Ditch,1,Clear,1
1,Alabama,10548,WINSTON (133),NOT APPLICABLE,8,August,2,Monday,2024,1,1:00am-1:59am,1,Rural,3,Other Principal Arterial,34.12276944,-87.60885,6,Dark - Unknown Lighting,42,Tree (Standing Only),1,Clear,1
1,Alabama,10549,FRANKLIN (59),NOT APPLICABLE,8,August,2,Monday,2024,17,5:00pm-5:59pm,1,Rural,5,Major Collector,34.44216667,-87.86775278,1,Daylight,42,Tree (Standing Only),1,Clear,1
1,Alabama,10550,JEFFERSON (73),BESSEMER,8,August,3,Tuesday,2024,0,0:00am-0:59am,2,Urban,1,Interstate,33.36943056,-86.99825833,2,Dark - Not Lighted,12,Motor Vehicle In-Transport,1,Clear,1
1,Alabama,10551,BUTLER (13),GREENVILLE,8,August,3,Tuesday,2024,15,3:00pm-3:59pm,2,Urban,1,Interstate,31.83415833,-86.65919167,1,Daylight,35,Embankment,1,Clear,1
1,Alabama,10552,BLOUNT (9),NOT APPLICABLE,8,August,3,Tuesday,2024,12,12:00pm-12:59pm,1,Rural,3,Other Principal Arterial,34.19885,-86.49451111,1,Daylight,34,Ditch,1,Clear,1
1,Alabama,10553,JACKSON (71),SCOTTSBORO,8,August,3,Tuesday,2024,11,11:00am-11:59am,2,Urban,4,Minor Arterial,34.62773333,-86.05105,1,Daylight,12,Motor Vehicle In-Transport,1,Clear,1
1,Alabama,10554,MOBILE (97),NOT APPLICABLE,8,August,4,Wednesday,2024,12,12:00pm-12:59pm,2,Urban,5,Major Collector,30.62934722,-88.29097778,1,Daylight,32,Culvert,1,Clear,1
1,Alabama,10555,CALHOUN (15),NOT APPLICABLE,8,August,4,Wednesday,2024,18,6:00pm-6:59pm,1,Rural,4,Minor Arterial,33.77183056,-85.97289167,5,Dusk,34,Ditch,1,Clear,1
1,Alabama,10556,TALLADEGA (121),SYLACAUGA,8,August,5,Thursday,2024,13,1:00pm-1:59pm,2,Urban,3,Other Principal Arterial,33.17556111,-86.29010833,1,Daylight,12,Motor Vehicle In-Transport,1,Clear,1
1,Alabama,10557,MORGAN (103),DECATUR,8,August,5,Thursday,2024,20,8:00pm-8:59pm,2,Urban,5,Major Collector,34.57023333,-87.01095,3,Dark - Lighted,12,Motor Vehicle In-Transport,1,Clear,1
1,Alabama,10558,MADISON (89),HUNTSVILLE,8,August,4,Wednesday,2024,11,11:00am-11:59am,2,Urban,5,Major Collector,34.77300278,-86.52763889,1,Daylight,12,Motor Vehicle In-Transport,1,Clear,1
1,Alabama,10559,DALLAS (47),SELMA,8,August,6,Friday,2024,12,12:00pm-12:59pm,2,Urban,4,Minor Arterial,32.43620833,-87.02324722,1,Daylight,12,Motor Vehicle In-Transport,10,Cloudy,1
1,Alabama,10560,CLEBURNE (29),NOT APPLICABLE,8,August,6,Friday,2024,13,1:00pm-1:59pm,1,Rural,3,Other Principal Arterial,33.59605,-85.70658611,1,Daylight,12,Motor Vehicle In-Transport,10,Cloudy,1
1,Alabama,10561,MADISON (89),HUNTSVILLE,8,August,6,Friday,2024,19,7:00pm-7:59pm,2,Urban,4,Minor Arterial,34.69962222,-86.68912222,2,Dark - Not Lighted,1,Rollover/Overturn,10,Cloudy,1
1,Alabama,10562,ST. CLAIR (115),RAGLAND,8,August,7,Saturday,2024,17,5:00pm-5:59pm,2,Urban,7,Local,33.70600833,-86.17986944,1,Daylight,1,Rollover/Overturn,10,Cloudy,1
1,Alabama,10563,MOBILE (97),MOBILE,8,August,7,Saturday,2024,23,11:00pm-11:59pm,2,Urban,3,Other Principal Arterial,30.60116944,-88.16583056,2,Dark - Not Lighted,8,Pedestrian,1,Clear,1
1,Alabama,10564,CHILTON (21),NOT APPLICABLE,9,September,1,Sunday,2024,17,5:00pm-5:59pm,1,Rural,1,Interstate,32.91057778,-86.63908611,1,Daylight,1,Rollover/Overturn,1,Clear,1
1,Alabama,10565,TALLADEGA (121),SYLACAUGA,7,July,3,Tuesday,2024,12,12:00pm-12:59pm,2,Urban,3,Other Principal Arterial,33.1637,-86.25084444,1,Daylight,12,Motor Vehicle In-Transport,10,Cloudy,1
1,Alabama,10566,JEFFERSON (73),NOT APPLICABLE,8,August,4,Wednesday,2024,15,3:00pm-3:59pm,1,Rural,3,Other Principal Arterial,33.61475278,-86.6861,1,Daylight,12,Motor Vehicle In-Transport,1,Clear,1
1,Alabama,10567,DALLAS (47),SELMA,9,September,3,Tuesday,2024,2,2:00am-2:59am,2,Urban,4,Minor Arterial,32.41942778,-87.08323056,3,Dark - Lighted,1,Rollover/Overturn,1,Clear,1
1,Alabama,10568,DEKALB (49),NOT APPLICABLE,9,September,5,Thursday,2024,2,2:00am-2:59am,1,Rural,4,Minor Arterial,34.28791111,-85.92238889,2,Dark - Not Lighted,52,Guardrail End,1,Clear,1
1,Alabama,10569,JEFFERSON (73),NOT APPLICABLE,8,August,5,Thursday,2024,21,9:00pm-9:59pm,2,Urban,4,Minor Arterial,33.49295,-86.92177778,2,Dark - Not Lighted,8,Pedestrian,1,Clear,1
1,Alabama,10570,BARBOUR (5),CLAYTON,9,September,4,Wednesday,2024,23,11:00pm-11:59pm,1,Rural,5,Major Collector,31.88647778,-85.46172778,2,Dark - Not Lighted,8,Pedestrian,1,Clear,1
1,Alabama,10571,MONTGOMERY (101),MONTGOMERY,9,September,5,Thursday,2024,21,9:00pm-9:59pm,2,Urban,3,Other Principal Arterial,32.38233889,-86.192825,3,Dark - Lighted,8,Pedestrian,1,Clear,1
1,Alabama,10572,GENEVA (61),NOT APPLICABLE,9,September,5,Thursday,2024,8,8:00am-8:59am,1,Rural,7,Local,31.14044444,-85.54610833,1,Daylight,34,Ditch,10,Cloudy,1
1,Alabama,10573,CHAMBERS (17),NOT APPLICABLE,9,September,5,Thursday,2024,6,6:00am-6:59am,1,Rural,3,Other Principal Arterial,33.10762222,-85.35387778,1,Daylight,32,Culvert,1,Clear,1
1,Alabama,10574,RUSSELL (113),PHENIX CITY,9,September,5,Thursday,2024,21,9:00pm-9:59pm,2,Urban,2,Other Freeways and Expressways,32.49793333,-85.01979722,2,Dark - Not Lighted,52,Guardrail End,1,Clear,1
1,Alabama,10575,BLOUNT (9),NOT APPLICABLE,9,September,6,Friday,2024,15,3:00pm-3:59pm,1,Rural,4,Minor Arterial,33.864125,-86.79293333,1,Daylight,12,Motor Vehicle In-Transport,10,Cloudy,1
1,Alabama,10576,CHEROKEE (19),NOT APPLICABLE,9,September,6,Friday,2024,8,8:00am-8:59am,1,Rural,4,Minor Arterial,34.23038611,-85.55326944,1,Daylight,34,Ditch,1,Clear,1
1,Alabama,10577,FRANKLIN (59),RUSSELLVILLE,9,September,6,Friday,2024,5,5:00am-5:59am,2,Urban,3,Other Principal Arterial,34.48854167,-87.73253889,3,Dark - Lighted,12,Motor Vehicle In-Transport,10,Cloudy,1
1,Alabama,10578,ETOWAH (55),NOT APPLICABLE,9,September,7,Saturday,2024,12,12:00pm-12:59pm,1,Rural,1,Interstate,34.16133056,-85.9775,1,Daylight,42,Tree (Standing Only),1,Clear,2
1,Alabama,10579,JACKSON (71),SKYLINE,9,September,1,Sunday,2024,9,9:00am-9:59am,1,Rural,4,Minor Arterial,34.80922778,-86.11858889,1,Daylight,42,Tree (Standing Only),1,Clear,1
1,Alabama,10580,CLAY (27),NOT APPLICABLE,9,September,1,Sunday,2024,15,3:00pm-3:59pm,1,Rural,5,Major Collector,33.12131944,-85.88218333,1,Daylight,1,Rollover/Overturn,1,Clear,1
1,Alabama,10581,JEFFERSON (73),BIRMINGHAM,9,September,7,Saturday,2024,12,12:00pm-12:59pm,2,Urban,1,Interstate,33.56436389,-86.73025278,1,Daylight,12,Motor Vehicle In-Transport,1,Clear,2
1,Alabama,10582,LEE (81),OPELIKA,9,September,7,Saturday,2024,19,7:00pm-7:59pm,2,Urban,1,Interstate,32.64172222,-85.35371389,2,Dark - Not Lighted,12,Motor Vehicle In-Transport,10,Cloudy,1
1,Alabama,10583,MOBILE (97),MOBILE,9,September,1,Sunday,2024,0,0:00am-0:59am,2,Urban,4,Minor Arterial,30.67610833,-88.14858889,3,Dark - Lighted,12,Motor Vehicle In-Transport,1,Clear,1
1,Alabama,10584,LIMESTONE (83),NOT APPLICABLE,9,September,1,Sunday,2024,18,6:00pm-6:59pm,1,Rural,5,Major Collector,34.92066667,-86.94557778,2,Dark - Not Lighted,42,Tree (Standing Only),1,Clear,1
1,Alabama,10585,CULLMAN (43),NOT APPLICABLE,9,September,1,Sunday,2024,16,4:00pm-4:59pm,1,Rural,1,Interstate,34.29627222,-86.91099444,1,Daylight,24,Guardrail Face,1,Clear,1
1,Alabama,10586,ETOWAH (55),GADSDEN,9,September,1,Sunday,2024,1,1:00am-1:59am,2,Urban,1,Interstate,34.00447222,-86.071425,2,Dark - Not Lighted,8,Pedestrian,1,Clear,1
1,Alabama,10587,TALLADEGA (121),NOT APPLICABLE,9,September,2,Monday,2024,1,1:00am-1:59am,1,Rural,1,Interstate,33.58629167,-86.08341111,2,Dark - Not Lighted,57,Cable Barrier,1,Clear,2
1,Alabama,10588,MORGAN (103),HARTSELLE,9,September,4,Wednesday,2024,18,6:00pm-6:59pm,1,Rural,5,Major Collector,34.46423611,-86.92330556,5,Dusk,1,Rollover/Overturn,10,Cloudy,1
1,Alabama,10589,PIKE (109),NOT APPLICABLE,9,September,4,Wednesday,2024,6,6:00am-6:59am,1,Rural,3,Other Principal Arterial,31.62389167,-85.80355556,1,Daylight,30,Utility Pole/Light Support,2,Rain,1
1,Alabama,10590,COLBERT (33),NOT APPLICABLE,9,September,3,Tuesday,2024,14,2:00pm-2:59pm,1,Rural,3,Other Principal Arterial,34.69160278,-87.61696944,1,Daylight,12,Motor Vehicle In-Transport,1,Clear,1
1,Alabama,10591,HOUSTON (69),DOTHAN,9,September,3,Tuesday,2024,0,0:00am-0:59am,2,Urban,7,Local,31.22283056,-85.40601389,3,Dark - Lighted,18,Other Object (not fixed),1,Clear,1
1,Alabama,10592,MOBILE (97),MOBILE,9,September,2,Monday,2024,8,8:00am-8:59am,2,Urban,3,Other Principal Arterial,30.67596944,-88.15648056,1,Daylight,12,Motor Vehicle In-Transport,1,Clear,1
1,Alabama,10593,MORGAN (103),DECATUR,9,September,6,Friday,2024,15,3:00pm-3:59pm,2,Urban,3,Other Principal Arterial,34.54456111,-86.92851111,1,Daylight,12,Motor Vehicle In-Transport,1,Clear,1
1,Alabama,10594,TUSCALOOSA (125),TUSCALOOSA,9,September,4,Wednesday,2024,5,5:00am-5:59am,2,Urban,1,Interstate,33.16983333,-87.55249722,3,Dark - Lighted,12,Motor Vehicle In-Transport,1,Clear,1
1,Alabama,10595,TUSCALOOSA (125),NOT APPLICABLE,9,September,4,Wednesday,2024,6,6:00am-6:59am,1,Rural,5,Major Collector,33.09818333,-87.68304167,1,Daylight,12,Motor Vehicle In-Transport,10,Cloudy,1
1,Alabama,10596,WALKER (127),NOT APPLICABLE,9,September,2,Monday,2024,16,4:00pm-4:59pm,1,Rural,5,Major Collector,33.85384722,-87.18241111,1,Daylight,12,Motor Vehicle In-Transport,1,Clear,2
1,Alabama,10597,TUSCALOOSA (125),NOT APPLICABLE,9,September,5,Thursday,2024,16,4:00pm-4:59pm,1,Rural,5,Major Collector,33.42124444,-87.28865278,1,Daylight,42,Tree (Standing Only),2,Rain,1
1,Alabama,10598,RUSSELL (113),PHENIX CITY,9,September,5,Thursday,2024,1,1:00am-1:59am,2,Urban,3,Other Principal Arterial,32.49058611,-85.03578889,3,Dark - Lighted,8,Pedestrian,1,Clear,1
1,Alabama,10599,CULLMAN (43),HANCEVILLE,9,September,6,Friday,2024,23,11:00pm-11:59pm,2,Urban,4,Minor Arterial,34.08305833,-86.78981667,2,Dark - Not Lighted,8,Pedestrian,2,Rain,1
1,Alabama,10600,CHILTON (21),NOT APPLICABLE,9,September,7,Saturday,2024,5,5:00am-5:59am,1,Rural,6,Minor Collector,32.92953333,-86.76323056,2,Dark - Not Lighted,42,Tree (Standing Only),2,Rain,1
1,Alabama,10601,CONECUH (35),NOT APPLICABLE,9,September,7,Saturday,2024,20,8:00pm-8:59pm,1,Rural,4,Minor Arterial,31.48087222,-87.00462778,2,Dark - Not Lighted,42,Tree (Standing Only),1,Clear,2
1,Alabama,10602,ETOWAH (55),SOUTHSIDE,9,September,7,Saturday,2024,17,5:00pm-5:59pm,2,Urban,5,Major Collector,33.89685278,-86.05751667,1,Daylight,42,Tree (Standing Only),2,Rain,1
1,Alabama,10603,BLOUNT (9),NOT APPLICABLE,9,September,1,Sunday,2024,17,5:00pm-5:59pm,1,Rural,3,Other Principal Arterial,34.09454444,-86.35632778,1,Daylight,12,Motor Vehicle In-Transport,10,Cloudy,1
1,Alabama,10604,LAWRENCE (79),NOT APPLICABLE,9,September,2,Monday,2024,17,5:00pm-5:59pm,1,Rural,5,Major Collector,34.629225,-87.26555833,5,Dusk,53,Mail Box,1,Clear,1
1,Alabama,10605,JACKSON (71),SCOTTSBORO,9,September,2,Monday,2024,4,4:00am-4:59am,2,Urban,3,Other Principal Arterial,34.6692,-86.00958056,4,Dawn,12,Motor Vehicle In-Transport,1,Clear,1
1,Alabama,10606,CLAY (27),NOT APPLICABLE,9,September,2,Monday,2024,17,5:00pm-5:59pm,1,Rural,4,Minor Arterial,33.20757778,-85.98088056,1,Daylight,12,Motor Vehicle In-Transport,10,Cloudy,1
1,Alabama,10607,JEFFERSON (73),TRUSSVILLE,9,September,3,Tuesday,2024,8,8:00am-8:59am,2,Urban,1,Interstate,33.64049444,-86.61705556,1,Daylight,12,Motor Vehicle In-Transport,1,Clear,1
1,Alabama,10608,MOBILE (97),MOBILE,9,September,3,Tuesday,2024,11,11:00am-11:59am,2,Urban,5,Major Collector,30.69785833,-88.10617222,1,Daylight,8,Pedestrian,1,Clear,1
1,Alabama,10609,MADISON (89),NOT APPLICABLE,9,September,3,Tuesday,2024,18,6:00pm-6:59pm,1,Rural,5,Major Collector,34.78645556,-86.70879167,1,Daylight,12,Motor Vehicle In-Transport,1,Clear,1
1,Alabama,10610,MONTGOMERY (101),MONTGOMERY,9,September,3,Tuesday,2024,21,9:00pm-9:59pm,2,Urban,1,Interstate,32.38489444,-86.32214722,3,Dark - Lighted,25,Concrete Traffic Barrier,1,Clear,1
1,Alabama,10611,MONTGOMERY (101),MONTGOMERY,9,September,3,Tuesday,2024,18,6:00pm-6:59pm,2,Urban,3,Other Principal Arterial,32.32661111,-86.29936944,1,Daylight,8,Pedestrian,1,Clear,1
1,Alabama,10612,MOBILE (97),MOBILE,9,September,4,Wednesday,2024,9,9:00am-9:59am,1,Rural,1,Interstate,30.48388056,-88.37723611,1,Daylight,12,Motor Vehicle In-Transport,1,Clear,1
1,Alabama,10613,MOBILE (97),NOT APPLICABLE,9,September,4,Wednesday,2024,7,7:00am-7:59am,1,Rural,3,Other Principal Arterial,30.87113056,-88.04591944,1,Daylight,12,Motor Vehicle In-Transport,1,Clear,1
1,Alabama,10614,ETOWAH (55),GADSDEN,9,September,5,Thursday,2024,23,11:00pm-11:59pm,2,Urban,3,Other Principal Arterial,33.99796944,-85.99433056,3,Dark - Lighted,12,Motor Vehicle In-Transport,1,Clear,1
1,Alabama,10615,MADISON (89),HUNTSVILLE,9,September,6,Friday,2024,10,10:00am-10:59am,1,Rural,3,Other Principal Arterial,0,0,1,Daylight,12,Motor Vehicle In-Transport,1,Clear,1
1,Alabama,10616,MONTGOMERY (101),MONTGOMERY,9,September,6,Friday,2024,5,5:00am-5:59am,2,Urban,1,Interstate,32.36248333,-86.22619722,3,Dark - Lighted,8,Pedestrian,1,Clear,1
1,Alabama,10617,ST. CLAIR (115),ODENVILLE,9,September,6,Friday,2024,17,5:00pm-5:59pm,2,Urban,3,Other Principal Arterial,33.70723611,-86.37430833,5,Dusk,8,Pedestrian,1,Clear,1
1,Alabama,10618,PERRY (105),NOT APPLICABLE,9,September,6,Friday,2024,17,5:00pm-5:59pm,1,Rural,4,Minor Arterial,32.64864722,-87.09678611,1,Daylight,12,Motor Vehicle In-Transport,1,Clear,1
1,Alabama,10619,MACON (87),NOT APPLICABLE,9,September,6,Friday,2024,16,4:00pm-4:59pm,1,Rural,7,Local,32.29457778,-85.4648,1,Daylight,35,Embankment,1,Clear,1
1,Alabama,10620,MACON (87),NOT APPLICABLE,9,September,6,Friday,2024,15,3:00pm-3:59pm,1,Rural,5,Major Collector,32.48914444,-85.81136667,1,Daylight,12,Motor Vehicle In-Transport,1,Clear,1
1,Alabama,10621,LIMESTONE (83),NOT APPLICABLE,9,September,7,Saturday,2024,2,2:00am-2:59am,2,Urban,3,Other Principal Arterial,34.69376389,-86.9554,2,Dark - Not Lighted,1,Rollover/Overturn,1,Clear,1
1,Alabama,10622,JEFFERSON (73),NOT APPLICABLE,9,September,7,Saturday,2024,23,11:00pm-11:59pm,2,Urban,3,Other Principal Arterial,33.61765,-86.73956111,3,Dark - Lighted,12,Motor Vehicle In-Transport,1,Clear,1
1,Alabama,10623,MORGAN (103),NOT APPLICABLE,9,September,1,Sunday,2024,22,10:00pm-10:59pm,1,Rural,5,Major Collector,34.42615278,-86.86714167,2,Dark - Not Lighted,42,Tree (Standing Only),1,Clear,1
1,Alabama,10624,LEE (81),NOT APPLICABLE,9,September,3,Tuesday,2024,17,5:00pm-5:59pm,1,Rural,5,Major Collector,32.554525,-85.34226389,1,Daylight,12,Motor Vehicle In-Transport,1,Clear,1
1,Alabama,10625,MOBILE (97),MOBILE,9,September,2,Monday,2024,12,12:00pm-12:59pm,2,Urban,3,Other Principal Arterial,30.70903056,-88.125325,1,Daylight,12,Motor Vehicle In-Transport,1,Clear,1
1,Alabama,10626,DALLAS (47),SELMA,9,September,3,Tuesday,2024,6,6:00am-6:59am,2,Urban,3,Other Principal Arterial,32.43316111,-87.051125,1,Daylight,8,Pedestrian,1,Clear,1