STATE,STATENAME,ST_CASE,COUNTYNAME,CITYNAME,MONTH,MONTHNAME,DAY_WEEK,DAY_WEEKNAME,YEAR,HOUR,HOURNAME,RUR_URB,RUR_URBNAME,FUNC_SYS,FUNC_SYSNAME,LATITUDE,LONGITUD,LGT_COND,LGT_CONDNAME,HARM_EV,HARM_EVNAME,WEATHER,WEATHERNAME,FATALS
1,Alabama,10750,BLOUNT (9),NOT APPLICABLE,10,October,1,Sunday,2024,11,11:00am-11:59am,1,Rural,4,Minor Arterial,34.02015833,-86.33648889,1,Daylight,35,Embankment,1,Clear,1
1,Alabama,10751,MOBILE (97),NOT APPLICABLE,10,October,3,Tuesday,2024,20,8:00pm-8:59pm,1,Rural,7,Local,30.95058889,-88.34364722,2,Dark - Not Lighted,8,Pedestrian,1,Clear,1
1,Alabama,10752,TUSCALOOSA (125),NOT APPLICABLE,10,October,3,Tuesday,2024,18,6:00pm-6:59pm,1,Rural,3,Other Principal Arterial,33.532875,-87.65256944,2,Dark - Not Lighted,12,Motor Vehicle In-Transport,1,Clear,1
1,Alabama,10753,JEFFERSON (73),BESSEMER,10,October,4,Wednesday,2024,13,1:00pm-1:59pm,2,Urban,7,Local,33.41503333,-86.93881944,1,Daylight,10,Railway Vehicle,1,Clear,1
1,Alabama,10754,CLEBURNE (29),HEFLIN,10,October,5,Thursday,2024,22,10:00pm-10:59pm,2,Urban,7,Local,33.64916389,-85.59370833,2,Dark - Not Lighted,42,Tree (Standing Only),1,Clear,1
1,Alabama,10755,ELMORE (51),WETUMPKA,10,October,5,Thursday,2024,18,6:00pm-6:59pm,2,Urban,3,Other Principal Arterial,32.56029722,-86.1914,9,Reported as Unknown,12,Motor Vehicle In-Transport,1,Clear,1
1,Alabama,10756,FRANKLIN (59),PHIL CAMPBELL,10,October,5,Thursday,2024,16,4:00pm-4:59pm,1,Rural,4,Minor Arterial,34.38761111,-87.64236111,5,Dusk,12,Motor Vehicle In-Transport,1,Clear,1
1,Alabama,10757,FAYETTE (57),NOT APPLICABLE,10,October,5,Thursday,2024,2,2:00am-2:59am,1,Rural,5,Major Collector,33.61128611,-87.78467222,2,Dark - Not Lighted,42,Tree (Standing Only),10,Cloudy,1
1,Alabama,10758,RUSSELL (113),PHENIX CITY,10,October,5,Thursday,2024,13,1:00pm-1:59pm,2,Urban,3,Other Principal Arterial,32.45251944,-85.0006,1,Daylight,25,Concrete Traffic Barrier,1,Clear,1
1,Alabama,10759,JEFFERSON (73),BIRMINGHAM,11,November,6,Friday,2024,11,11:00am-11:59am,2,Urban,3,Other Principal Arterial,33.53306111,-86.85815833,1,Daylight,12,Motor Vehicle In-Transport,2,Rain,1
1,Alabama,10760,LOWNDES (85),NOT APPLICABLE,11,November,6,Friday,2024,18,6:00pm-6:59pm,1,Rural,4,Minor Arterial,32.11676667,-86.661575,2,Dark - Not Lighted,12,Motor Vehicle In-Transport,1,Clear,1
1,Alabama,10761,BLOUNT (9),NOT APPLICABLE,11,November,6,Friday,2024,19,7:00pm-7:59pm,1,Rural,3,Other Principal Arterial,33.88296667,-86.64548889,2,Dark - Not Lighted,12,Motor Vehicle In-Transport,10,Cloudy,1
1,Alabama,10763,COVINGTON (39),OPP,11,November,7,Saturday,2024,18,6:00pm-6:59pm,1,Rural,4,Minor Arterial,31.26785,-86.30595833,2,Dark - Not Lighted,12,Motor Vehicle In-Transport,1,Clear,3
1,Alabama,10764,CLEBURNE (29),NOT APPLICABLE,11,November,7,Saturday,2024,19,7:00pm-7:59pm,1,Rural,1,Interstate,33.62213333,-85.59965833,2,Dark - Not Lighted,12,Motor Vehicle In-Transport,1,Clear,1
1,Alabama,10765,ESCAMBIA (53),NOT APPLICABLE,11,November,7,Saturday,2024,5,5:00am-5:59am,1,Rural,4,Minor Arterial,31.14866389,-86.90223889,2,Dark - Not Lighted,35,Embankment,1,Clear,1
1,Alabama,10766,MONTGOMERY (101),MONTGOMERY,11,November,1,Sunday,2024,17,5:00pm-5:59pm,2,Urban,7,Local,32.40826944,-86.2811,5,Dusk,1,Rollover/Overturn,1,Clear,1
1,Alabama,10768,DEKALB (49),NOT APPLICABLE,11,November,1,Sunday,2024,1,1:00am-1:59am,1,Rural,4,Minor Arterial,34.60424722,-85.69303056,2,Dark - Not Lighted,30,Utility Pole/Light Support,1,Clear,1
1,Alabama,10769,DEKALB (49),NOT APPLICABLE,11,November,2,Monday,2024,1,1:00am-1:59am,1,Rural,5,Major Collector,34.70575556,-85.55231111,2,Dark - Not Lighted,42,Tree (Standing Only),1,Clear,1
1,Alabama,10770,LAWRENCE (79),NOT APPLICABLE,11,November,2,Monday,2024,1,1:00am-1:59am,1,Rural,4,Minor Arterial,34.41630833,-87.15851944,2,Dark - Not Lighted,53,Mail Box,1,Clear,1
1,Alabama,10771,ST. CLAIR (115),NOT APPLICABLE,11,November,2,Monday,2024,18,6:00pm-6:59pm,1,Rural,1,Interstate,33.60106389,-86.31809167,3,Dark - Lighted,34,Ditch,1,Clear,1
1,Alabama,10772,MARION (93),NOT APPLICABLE,11,November,3,Tuesday,2024,13,1:00pm-1:59pm,1,Rural,5,Major Collector,34.01765,-87.8485,1,Daylight,12,Motor Vehicle In-Transport,1,Clear,1
1,Alabama,10773,JEFFERSON (73),BIRMINGHAM,11,November,4,Wednesday,2024,19,7:00pm-7:59pm,2,Urban,7,Local,33.56183611,-86.84118611,2,Dark - Not Lighted,8,Pedestrian,1,Clear,1
1,Alabama,10774,ST. CLAIR (115),NOT APPLICABLE,11,November,4,Wednesday,2024,2,2:00am-2:59am,1,Rural,1,Interstate,33.90885556,-86.22213889,2,Dark - Not Lighted,14,Parked Motor Vehicle,1,Clear,1
1,Alabama,10775,JEFFERSON (73),NOT APPLICABLE,11,November,4,Wednesday,2024,20,8:00pm-8:59pm,1,Rural,7,Local,33.44671389,-86.97892778,2,Dark - Not Lighted,12,Motor Vehicle In-Transport,1,Clear,1
1,Alabama,10776,BULLOCK (11),NOT APPLICABLE,11,November,4,Wednesday,2024,13,1:00pm-1:59pm,1,Rural,5,Major Collector,32.01100556,-85.51903056,1,Daylight,12,Motor Vehicle In-Transport,2,Rain,1
1,Alabama,10777,MADISON (89),NOT APPLICABLE,11,November,5,Thursday,2024,19,7:00pm-7:59pm,1,Rural,3,Other Principal Arterial,34.85964167,-86.72244722,2,Dark - Not Lighted,12,Motor Vehicle In-Transport,10,Cloudy,1
1,Alabama,10778,MONTGOMERY (101),NOT APPLICABLE,11,November,5,Thursday,2024,0,0:00am-0:59am,1,Rural,3,Other Principal Arterial,32.29173333,-86.46616111,2,Dark - Not Lighted,18,Other Object (not fixed),2,Rain,1
1,Alabama,10779,MADISON (89),NOT APPLICABLE,11,November,6,Friday,2024,10,10:00am-10:59am,1,Rural,5,Major Collector,34.90271667,-86.54941111,1,Daylight,40,Fire Hydrant,10,Cloudy,1
1,Alabama,10780,CULLMAN (43),NOT APPLICABLE,11,November,7,Saturday,2024,3,3:00am-3:59am,1,Rural,6,Minor Collector,34.09105833,-86.69462222,2,Dark - Not Lighted,42,Tree (Standing Only),1,Clear,1
1,Alabama,10781,CHOCTAW (23),NOT APPLICABLE,11,November,7,Saturday,2024,10,10:00am-10:59am,1,Rural,4,Minor Arterial,31.89356389,-88.31371667,1,Daylight,42,Tree (Standing Only),1,Clear,1
1,Alabama,10782,FAYETTE (57),NOT APPLICABLE,11,November,7,Saturday,2024,14,2:00pm-2:59pm,1,Rural,5,Major Collector,33.62733889,-87.70382778,1,Daylight,42,Tree (Standing Only),1,Clear,1
1,Alabama,10783,AUTAUGA (1),NOT APPLICABLE,11,November,7,Saturday,2024,16,4:00pm-4:59pm,1,Rural,7,Local,32.46165,-86.71028889,1,Daylight,1,Rollover/Overturn,10,Cloudy,1
1,Alabama,10784,MONTGOMERY (101),MONTGOMERY,11,November,1,Sunday,2024,2,2:00am-2:59am,2,Urban,4,Minor Arterial,32.33029444,-86.29926389,3,Dark - Lighted,12,Motor Vehicle In-Transport,1,Clear,1
1,Alabama,10785,LAUDERDALE (77),FLORENCE,11,November,1,Sunday,2024,11,11:00am-11:59am,2,Urban,2,Other Freeways and Expressways,34.80646389,-87.65542778,1,Daylight,8,Pedestrian,1,Clear,1
1,Alabama,10786,MARION (93),NOT APPLICABLE,11,November,1,Sunday,2024,22,10:00pm-10:59pm,1,Rural,5,Major Collector,34.27334167,-87.79539444,2,Dark - Not Lighted,42,Tree (Standing Only),10,Cloudy,1
1,Alabama,10787,GREENE (63),NOT APPLICABLE,11,November,2,Monday,2024,19,7:00pm-7:59pm,1,Rural,1,Interstate,32.74451389,-88.08993611,2,Dark - Not Lighted,42,Tree (Standing Only),1,Clear,1
1,Alabama,10788,CULLMAN (43),CULLMAN,11,November,3,Tuesday,2024,17,5:00pm-5:59pm,1,Rural,4,Minor Arterial,34.14025833,-86.82476111,5,Dusk,1,Rollover/Overturn,1,Clear,1
1,Alabama,10789,BUTLER (13),GEORGIANA,11,November,4,Wednesday,2024,7,7:00am-7:59am,2,Urban,4,Minor Arterial,31.64496667,-86.74151667,1,Daylight,42,Tree (Standing Only),1,Clear,1
1,Alabama,10790,JEFFERSON (73),BIRMINGHAM,11,November,5,Thursday,2024,17,5:00pm-5:59pm,2,Urban,4,Minor Arterial,33.54021111,-86.82798056,2,Dark - Not Lighted,8,Pedestrian,1,Clear,1
1,Alabama,10791,JEFFERSON (73),NOT APPLICABLE,11,November,5,Thursday,2024,12,12:00pm-12:59pm,1,Rural,1,Interstate,33.57725556,-86.81298333,1,Daylight,25,Concrete Traffic Barrier,1,Clear,1
1,Alabama,10792,LAUDERDALE (77),NOT APPLICABLE,11,November,5,Thursday,2024,16,4:00pm-4:59pm,1,Rural,4,Minor Arterial,34.973375,-87.89388889,1,Daylight,34,Ditch,1,Clear,1
1,Alabama,10793,COFFEE (31),NOT APPLICABLE,11,November,6,Friday,2024,21,9:00pm-9:59pm,1,Rural,4,Minor Arterial,31.45619722,-86.06934722,2,Dark - Not Lighted,42,Tree (Standing Only),1,Clear,1
1,Alabama,10794,ETOWAH (55),NOT APPLICABLE,11,November,7,Saturday,2024,15,3:00pm-3:59pm,1,Rural,6,Minor Collector,34.11622222,-86.19016389,1,Daylight,30,Utility Pole/Light Support,1,Clear,1
1,Alabama,10795,FAYETTE (57),NOT APPLICABLE,11,November,7,Saturday,2024,12,12:00pm-12:59pm,1,Rural,5,Major Collector,33.6024,-87.87101389,1,Daylight,18,Other Object (not fixed),1,Clear,1
1,Alabama,10796,MORGAN (103),NOT APPLICABLE,11,November,3,Tuesday,2024,22,10:00pm-10:59pm,1,Rural,7,Local,34.47683611,-86.88606389,2,Dark - Not Lighted,34,Ditch,2,Rain,1
1,Alabama,10797,CHEROKEE (19),NOT APPLICABLE,11,November,3,Tuesday,2024,8,8:00am-8:59am,1,Rural,4,Minor Arterial,34.16062222,-85.80900278,1,Daylight,42,Tree (Standing Only),2,Rain,2
1,Alabama,10798,MARSHALL (95),NOT APPLICABLE,11,November,4,Wednesday,2024,7,7:00am-7:59am,1,Rural,7,Local,34.25890556,-86.12275833,1,Daylight,43,Other Fixed Object,10,Cloudy,2
1,Alabama,10799,COVINGTON (39),OPP,11,November,1,Sunday,2024,23,11:00pm-11:59pm,1,Rural,3,Other Principal Arterial,31.25209167,-86.27667778,2,Dark - Not Lighted,9,Pedalcyclist,1,Clear,1
1,Alabama,10800,JEFFERSON (73),BIRMINGHAM,11,November,2,Monday,2024,9,9:00am-9:59am,2,Urban,1,Interstate,33.49243889,-86.82006944,1,Daylight,12,Motor Vehicle In-Transport,1,Clear,1
1,Alabama,10801,LEE (81),NOT APPLICABLE,11,November,4,Wednesday,2024,17,5:00pm-5:59pm,1,Rural,5,Major Collector,32.72285,-85.24374444,2,Dark - Not Lighted,8,Pedestrian,1,Clear,1
1,Alabama,10802,CULLMAN (43),CULLMAN,11,November,4,Wednesday,2024,20,8:00pm-8:59pm,2,Urban,3,Other Principal Arterial,34.20631667,-86.85976111,3,Dark - Lighted,12,Motor Vehicle In-Transport,1,Clear,2
1,Alabama,10803,WALKER (127),NOT APPLICABLE,11,November,4,Wednesday,2024,18,6:00pm-6:59pm,1,Rural,3,Other Principal Arterial,33.801525,-87.11717778,2,Dark - Not Lighted,8,Pedestrian,1,Clear,1
1,Alabama,10804,HOUSTON (69),NOT APPLICABLE,11,November,4,Wednesday,2024,18,6:00pm-6:59pm,1,Rural,5,Major Collector,31.0818,-85.04894722,2,Dark - Not Lighted,34,Ditch,1,Clear,1
1,Alabama,10805,COFFEE (31),ENTERPRISE,11,November,5,Thursday,2024,16,4:00pm-4:59pm,2,Urban,4,Minor Arterial,31.36058611,-85.86708056,5,Dusk,12,Motor Vehicle In-Transport,1,Clear,1
1,Alabama,10806,MADISON (89),MADISON,11,November,7,Saturday,2024,16,4:00pm-4:59pm,2,Urban,1,Interstate,34.68699167,-86.722475,1,Daylight,12,Motor Vehicle In-Transport,1,Clear,1
1,Alabama,10807,DALLAS (47),SELMA,11,November,7,Saturday,2024,21,9:00pm-9:59pm,2,Urban,4,Minor Arterial,32.41761111,-87.02411944,3,Dark - Lighted,8,Pedestrian,1,Clear,1
1,Alabama,10808,CLAY (27),NOT APPLICABLE,11,November,7,Saturday,2024,22,10:00pm-10:59pm,1,Rural,5,Major Collector,33.30576944,-85.83890556,2,Dark - Not Lighted,53,Mail Box,1,Clear,1
1,Alabama,10809,WASHINGTON (129),NOT APPLICABLE,11,November,7,Saturday,2024,19,7:00pm-7:59pm,1,Rural,3,Other Principal Arterial,31.15361389,-88.26579444,2,Dark - Not Lighted,12,Motor Vehicle In-Transport,1,Clear,1
1,Alabama,10810,PIKE (109),NOT APPLICABLE,11,November,7,Saturday,2024,16,4:00pm-4:59pm,1,Rural,5,Major Collector,31.73300833,-85.78383056,1,Daylight,35,Embankment,1,Clear,1
1,Alabama,10811,TUSCALOOSA (125),NOT APPLICABLE,11,November,7,Saturday,2024,14,2:00pm-2:59pm,1,Rural,4,Minor Arterial,33.39743056,-87.71408889,1,Daylight,12,Motor Vehicle In-Transport,1,Clear,1
1,Alabama,10812,DEKALB (49),RAINSVILLE,11,November,7,Saturday,2024,8,8:00am-8:59am,1,Rural,3,Other Principal Arterial,34.48315278,-85.81983056,1,Daylight,1,Rollover/Overturn,1,Clear,1
1,Alabama,10813,MOBILE (97),NOT APPLICABLE,11,November,7,Saturday,2024,0,0:00am-0:59am,1,Rural,5,Major Collector,30.86512778,-88.27626667,2,Dark - Not Lighted,12,Motor Vehicle In-Transport,1,Clear,1
1,Alabama,10814,BALDWIN (3),FAIRHOPE,11,November,1,Sunday,2024,9,9:00am-9:59am,2,Urban,3,Other Principal Arterial,30.54556667,-87.88915556,1,Daylight,12,Motor Vehicle In-Transport,1,Clear,1
1,Alabama,10815,JEFFERSON (73),NOT APPLICABLE,11,November,2,Monday,2024,20,8:00pm-8:59pm,1,Rural,3,Other Principal Arterial,33.733025,-87.017525,2,Dark - Not Lighted,12,Motor Vehicle In-Transport,1,Clear,1
1,Alabama,10816,JEFFERSON (73),BIRMINGHAM,11,November,2,Monday,2024,6,6:00am-6:59am,2,Urban,4,Minor Arterial,33.43471667,-86.84489167,4,Dawn,58,Ground,1,Clear,1
1,Alabama,10817,DEKALB (49),NOT APPLICABLE,11,November,2,Monday,2024,1,1:00am-1:59am,1,Rural,4,Minor Arterial,34.63183889,-85.64014167,2,Dark - Not Lighted,42,Tree (Standing Only),10,Cloudy,1
1,Alabama,10818,BALDWIN (3),NOT APPLICABLE,11,November,2,Monday,2024,10,10:00am-10:59am,1,Rural,5,Major Collector,30.35554167,-87.74387222,1,Daylight,12,Motor Vehicle In-Transport,1,Clear,1
1,Alabama,10819,COOSA (37),NOT APPLICABLE,11,November,2,Monday,2024,9,9:00am-9:59am,1,Rural,3,Other Principal Arterial,32.99058056,-86.07115833,1,Daylight,24,Guardrail Face,1,Clear,2
1,Alabama,10820,ELMORE (51),ECLECTIC,11,November,3,Tuesday,2024,6,6:00am-6:59am,1,Rural,5,Major Collector,32.64078611,-86.03826667,3,Dark - Lighted,42,Tree (Standing Only),2,Rain,1
1,Alabama,10821,WASHINGTON (129),NOT APPLICABLE,11,November,4,Wednesday,2024,20,8:00pm-8:59pm,1,Rural,7,Local,31.69632778,-88.26743889,2,Dark - Not Lighted,1,Rollover/Overturn,1,Clear,1
1,Alabama,10822,LEE (81),NOT APPLICABLE,11,November,4,Wednesday,2024,17,5:00pm-5:59pm,1,Rural,4,Minor Arterial,32.479675,-85.21477778,2,Dark - Not Lighted,8,Pedestrian,1,Clear,1
1,Alabama,10823,CHEROKEE (19),NOT APPLICABLE,11,November,4,Wednesday,2024,17,5:00pm-5:59pm,1,Rural,3,Other Principal Arterial,34.32848056,-85.572675,1,Daylight,12,Motor Vehicle In-Transport,1,Clear,1
1,Alabama,10824,COLBERT (33),NOT APPLICABLE,11,November,5,Thursday,2024,18,6:00pm-6:59pm,1,Rural,3,Other Principal Arterial,34.70004444,-87.64050556,2,Dark - Not Lighted,12,Motor Vehicle In-Transport,1,Clear,1
1,Alabama,10825,LEE (81),NOT APPLICABLE,11,November,5,Thursday,2024,17,5:00pm-5:59pm,1,Rural,5,Major Collector,32.72772778,-85.58115278,2,Dark - Not Lighted,12,Motor Vehicle In-Transport,10,Cloudy,1
1,Alabama,10826,JEFFERSON (73),Other,11,November,5,Thursday,2024,13,1:00pm-1:59pm,2,Urban,3,Other Principal Arterial,33.59513889,-86.94171111,1,Daylight,1,Rollover/Overturn,10,Cloudy,1
1,Alabama,10827,PERRY (105),NOT APPLICABLE,11,November,5,Thursday,2024,21,9:00pm-9:59pm,1,Rural,4,Minor Arterial,32.66308333,-87.09291944,2,Dark - Not Lighted,12,Motor Vehicle In-Transport,1,Clear,1
1,Alabama,10828,GENEVA (61),NOT APPLICABLE,11,November,6,Friday,2024,4,4:00am-4:59am,1,Rural,5,Major Collector,31.14763611,-85.77080833,2,Dark - Not Lighted,42,Tree (Standing Only),2,Rain,1
1,Alabama,10829,ELMORE (51),NOT APPLICABLE,11,November,7,Saturday,2024,2,2:00am-2:59am,1,Rural,4,Minor Arterial,32.60719444,-86.26158056,2,Dark - Not Lighted,1,Rollover/Overturn,1,Clear,1
1,Alabama,10830,MADISON (89),NOT APPLICABLE,11,November,6,Friday,2024,8,8:00am-8:59am,1,Rural,3,Other Principal Arterial,34.81551389,-86.68740833,1,Daylight,12,Motor Vehicle In-Transport,1,Clear,1
1,Alabama,10831,BALDWIN (3),NOT APPLICABLE,11,November,5,Thursday,2024,5,5:00am-5:59am,1,Rural,3,Other Principal Arterial,30.75902222,-87.79053889,2,Dark - Not Lighted,12,Motor Vehicle In-Transport,10,Cloudy,1
1,Alabama,10832,MARION (93),NOT APPLICABLE,11,November,6,Friday,2024,14,2:00pm-2:59pm,1,Rural,1,Interstate,34.12398333,-88.05308333,1,Daylight,34,Ditch,1,Clear,1
1,Alabama,10833,FAYETTE (57),NOT APPLICABLE,12,December,1,Sunday,2024,2,2:00am-2:59am,1,Rural,4,Minor Arterial,33.57313611,-87.81071111,2,Dark - Not Lighted,35,Embankment,1,Clear,1
1,Alabama,10834,FAYETTE (57),NOT APPLICABLE,12,December,1,Sunday,2024,20,8:00pm-8:59pm,1,Rural,5,Major Collector,33.58733056,-87.88381111,2,Dark - Not Lighted,1,Rollover/Overturn,10,Cloudy,1
1,Alabama,10835,CULLMAN (43),CULLMAN,12,December,1,Sunday,2024,18,6:00pm-6:59pm,2,Urban,4,Minor Arterial,34.18839444,-86.78896667,2,Dark - Not Lighted,8,Pedestrian,1,Clear,1
1,Alabama,10836,CULLMAN (43),CULLMAN,12,December,2,Monday,2024,18,6:00pm-6:59pm,2,Urban,3,Other Principal Arterial,34.20667778,-86.86944722,2,Dark - Not Lighted,8,Pedestrian,1,Clear,1
1,Alabama,10837,BUTLER (13),NOT APPLICABLE,12,December,4,Wednesday,2024,6,6:00am-6:59am,1,Rural,6,Minor Collector,31.72443889,-86.86044167,4,Dawn,1,Rollover/Overturn,1,Clear,1
1,Alabama,10838,JEFFERSON (73),BIRMINGHAM,12,December,4,Wednesday,2024,20,8:00pm-8:59pm,2,Urban,3,Other Principal Arterial,33.40915556,-86.91351389,2,Dark - Not Lighted,12,Motor Vehicle In-Transport,1,Clear,1
1,Alabama,10839,CALHOUN (15),ANNISTON,12,December,5,Thursday,2024,4,4:00am-4:59am,2,Urban,3,Other Principal Arterial,33.69241944,-85.82331111,3,Dark - Lighted,8,Pedestrian,10,Cloudy,1
1,Alabama,10840,TUSCALOOSA (125),NOT APPLICABLE,12,December,5,Thursday,2024,16,4:00pm-4:59pm,1,Rural,3,Other Principal Arterial,33.45341111,-87.49523889,1,Daylight,35,Embankment,1,Clear,1
1,Alabama,10841,MARENGO (91),NOT APPLICABLE,12,December,5,Thursday,2024,20,8:00pm-8:59pm,1,Rural,4,Minor Arterial,32.08796667,-87.91589167,2,Dark - Not Lighted,12,Motor Vehicle In-Transport,10,Cloudy,1
1,Alabama,10842,MONTGOMERY (101),MONTGOMERY,12,December,6,Friday,2024,1,1:00am-1:59am,1,Rural,5,Major Collector,32.366775,-86.10159167,2,Dark - Not Lighted,12,Motor Vehicle In-Transport,1,Clear,1
1,Alabama,10843,MOBILE (97),NOT APPLICABLE,12,December,6,Friday,2024,20,8:00pm-8:59pm,1,Rural,5,Major Collector,30.84975278,-88.28060278,2,Dark - Not Lighted,32,Culvert,10,Cloudy,1
1,Alabama,10844,CONECUH (35),NOT APPLICABLE,12,December,7,Saturday,2024,20,8:00pm-8:59pm,1,Rural,3,Other Principal Arterial,31.43938056,-86.89586111,2,Dark - Not Lighted,1,Rollover/Overturn,1,Clear,1
1,Alabama,10845,BUTLER (13),NOT APPLICABLE,12,December,1,Sunday,2024,12,12:00pm-12:59pm,1,Rural,1,Interstate,31.88443889,-86.60893889,1,Daylight,57,Cable Barrier,10,Cloudy,1
1,Alabama,10846,MOBILE (97),NOT APPLICABLE,12,December,1,Sunday,2024,14,2:00pm-2:59pm,1,Rural,6,Minor Collector,30.95956111,-88.07391389,1,Daylight,30,Utility Pole/Light Support,2,Rain,1
1,Alabama,10847,FAYETTE (57),NOT APPLICABLE,12,December,1,Sunday,2024,10,10:00am-10:59am,1,Rural,7,Local,33.90293333,-87.73362778,1,Daylight,42,Tree (Standing Only),10,Cloudy,2
1,Alabama,10848,BUTLER (13),NOT APPLICABLE,12,December,7,Saturday,2024,16,4:00pm-4:59pm,1,Rural,1,Interstate,31.75341944,-86.70688611,5,Dusk,14,Parked Motor Vehicle,1,Clear,1
1,Alabama,10849,ETOWAH (55),NOT APPLICABLE,12,December,1,Sunday,2024,2,2:00am-2:59am,1,Rural,1,Interstate,34.00649444,-86.0809,3,Dark - Lighted,1,Rollover/Overturn,1,Clear,1
1,Alabama,10850,BIBB (7),NOT APPLICABLE,12,December,2,Monday,2024,13,1:00pm-1:59pm,1,Rural,4,Minor Arterial,33.02131389,-86.91426389,1,Daylight,12,Motor Vehicle In-Transport,2,Rain,1
1,Alabama,10851,MOBILE (97),NOT APPLICABLE,12,December,2,Monday,2024,6,6:00am-6:59am,1,Rural,7,Local,30.70387778,-88.29314167,1,Daylight,32,Culvert,10,Cloudy,1
1,Alabama,10852,MADISON (89),NOT APPLICABLE,12,December,2,Monday,2024,5,5:00am-5:59am,1,Rural,7,Local,34.94760833,-86.65695278,2,Dark - Not Lighted,42,Tree (Standing Only),2,Rain,1
1,Alabama,10853,LAUDERDALE (77),NOT APPLICABLE,12,December,2,Monday,2024,11,11:00am-11:59am,1,Rural,5,Major Collector,34.96175833,-87.52038056,1,Daylight,32,Culvert,1,Clear,1
1,Alabama,10854,CHILTON (21),JEMISON,12,December,3,Tuesday,2024,17,5:00pm-5:59pm,2,Urban,4,Minor Arterial,32.95869444,-86.74871944,3,Dark - Lighted,12,Motor Vehicle In-Transport,10,Cloudy,1
1,Alabama,10855,ETOWAH (55),NOT APPLICABLE,12,December,3,Tuesday,2024,16,4:00pm-4:59pm,1,Rural,3,Other Principal Arterial,34.03181111,-86.11869722,2,Dark - Not Lighted,12,Motor Vehicle In-Transport,10,Cloudy,1
1,Alabama,10856,COOSA (37),NOT APPLICABLE,12,December,3,Tuesday,2024,14,2:00pm-2:59pm,1,Rural,4,Minor Arterial,32.87526667,-86.07349167,1,Daylight,35,Embankment,2,Rain,1
1,Alabama,10858,WILCOX (131),PINE HILL,12,December,3,Tuesday,2024,10,10:00am-10:59am,2,Urban,3,Other Principal Arterial,31.97200556,-87.63085278,1,Daylight,12,Motor Vehicle In-Transport,2,Rain,1
1,Alabama,10859,BLOUNT (9),NOT APPLICABLE,12,December,4,Wednesday,2024,7,7:00am-7:59am,1,Rural,4,Minor Arterial,33.93711389,-86.38937222,1,Daylight,12,Motor Vehicle In-Transport,1,Clear,1
1,Alabama,10860,CHEROKEE (19),NOT APPLICABLE,12,December,2,Monday,2024,12,12:00pm-12:59pm,1,Rural,3,Other Principal Arterial,34.31155833,-85.57700278,1,Daylight,12,Motor Vehicle In-Transport,5,"Fog, Smog, Smoke",1
1,Alabama,10861,PIKE (109),NOT APPLICABLE,12,December,4,Wednesday,2024,8,8:00am-8:59am,1,Rural,3,Other Principal Arterial,31.66770833,-85.81446944,1,Daylight,12,Motor Vehicle In-Transport,1,Clear,1
1,Alabama,10862,CULLMAN (43),CULLMAN,12,December,5,Thursday,2024,16,4:00pm-4:59pm,2,Urban,3,Other Principal Arterial,34.18367778,-86.78515,1,Daylight,12,Motor Vehicle In-Transport,10,Cloudy,1
1,Alabama,10863,TALLADEGA (121),TALLADEGA,12,December,5,Thursday,2024,15,3:00pm-3:59pm,2,Urban,7,Local,33.42358889,-86.06934722,1,Daylight,42,Tree (Standing Only),1,Clear,1
1,Alabama,10865,LIMESTONE (83),NOT APPLICABLE,12,December,6,Friday,2024,17,5:00pm-5:59pm,1,Rural,1,Interstate,34.64899722,-86.90897778,5,Dusk,12,Motor Vehicle In-Transport,10,Cloudy,2
1,Alabama,10866,ETOWAH (55),NOT APPLICABLE,12,December,6,Friday,2024,13,1:00pm-1:59pm,1,Rural,3,Other Principal Arterial,34.074725,-86.12283611,1,Daylight,59,Traffic Sign Support,1,Clear,1
1,Alabama,10867,MADISON (89),NOT APPLICABLE,12,December,2,Monday,2024,18,6:00pm-6:59pm,1,Rural,4,Minor Arterial,34.78689444,-86.78561944,2,Dark - Not Lighted,12,Motor Vehicle In-Transport,1,Clear,1
1,Alabama,10868,FRANKLIN (59),NOT APPLICABLE,12,December,7,Saturday,2024,4,4:00am-4:59am,1,Rural,5,Major Collector,34.39276111,-88.09721389,2,Dark - Not Lighted,1,Rollover/Overturn,1,Clear,1
1,Alabama,10869,BUTLER (13),NOT APPLICABLE,12,December,7,Saturday,2024,17,5:00pm-5:59pm,1,Rural,5,Major Collector,31.64978889,-86.72113889,3,Dark - Lighted,8,Pedestrian,1,Clear,1
1,Alabama,10870,MORGAN (103),NOT APPLICABLE,12,December,7,Saturday,2024,17,5:00pm-5:59pm,1,Rural,7,Local,34.31713889,-86.7941,2,Dark - Not Lighted,53,Mail Box,1,Clear,1
1,Alabama,10871,CHEROKEE (19),NOT APPLICABLE,12,December,7,Saturday,2024,19,7:00pm-7:59pm,1,Rural,4,Minor Arterial,34.09721667,-85.50053056,2,Dark - Not Lighted,12,Motor Vehicle In-Transport,1,Clear,1
1,Alabama,10872,LAMAR (75),NOT APPLICABLE,12,December,7,Saturday,2024,22,10:00pm-10:59pm,1,Rural,5,Major Collector,34.02134444,-88.15289444,2,Dark - Not Lighted,42,Tree (Standing Only),2,Rain,1
1,Alabama,10873,COFFEE (31),NOT APPLICABLE,12,December,1,Sunday,2024,17,5:00pm-5:59pm,1,Rural,3,Other Principal Arterial,31.29828611,-85.79111389,2,Dark - Not Lighted,9,Pedalcyclist,1,Clear,1