STATE,STATENAME,ST_CASE,COUNTYNAME,CITYNAME,MONTH,MONTHNAME,DAY_WEEK,DAY_WEEKNAME,YEAR,HOUR,HOURNAME,RUR_URB,RUR_URBNAME,FUNC_SYS,FUNC_SYSNAME,LATITUDE,LONGITUD,LGT_COND,LGT_CONDNAME,HARM_EV,HARM_EVNAME,WEATHER,WEATHERNAME,FATALS
5,Arkansas,50209,BOONE (9),NOT APPLICABLE,6,June,7,Saturday,2024,14,2:00pm-2:59pm,1,Rural,6,Minor Collector,36.463675,-93.23044722,1,Daylight,12,Motor Vehicle In-Transport,1,Clear,1
5,Arkansas,50210,PULASKI (119),NORTH LITTLE ROCK,6,June,3,Tuesday,2024,5,5:00am-5:59am,2,Urban,3,Other Principal Arterial,34.75586389,-92.2527,3,Dark - Lighted,33,Curb,1,Clear,1
5,Arkansas,50211,PULASKI (119),LITTLE ROCK,6,June,5,Thursday,2024,20,8:00pm-8:59pm,2,Urban,5,Major Collector,34.73244722,-92.31853333,2,Dark - Not Lighted,42,Tree (Standing Only),1,Clear,1
5,Arkansas,50212,WASHINGTON (143),NOT APPLICABLE,6,June,6,Friday,2024,18,6:00pm-6:59pm,1,Rural,3,Other Principal Arterial,36.17504722,-93.99882222,1,Daylight,12,Motor Vehicle In-Transport,1,Clear,1
5,Arkansas,50213,PULASKI (119),LITTLE ROCK,6,June,5,Thursday,2024,17,5:00pm-5:59pm,2,Urban,3,Other Principal Arterial,34.70753611,-92.38096944,1,Daylight,33,Curb,1,Clear,1
5,Arkansas,50214,GARLAND (51),HOT SPRINGS,5,May,6,Friday,2024,12,12:00pm-12:59pm,2,Urban,2,Other Freeways and Expressways,34.508225,-93.00917222,1,Daylight,24,Guardrail Face,2,Rain,1
5,Arkansas,50215,HOWARD (61),NOT APPLICABLE,6,June,1,Sunday,2024,14,2:00pm-2:59pm,1,Rural,5,Major Collector,34.29087778,-94.24229167,1,Daylight,59,Traffic Sign Support,1,Clear,1
5,Arkansas,50216,LOGAN (83),NOT APPLICABLE,6,June,4,Wednesday,2024,6,6:00am-6:59am,1,Rural,4,Minor Arterial,35.28817778,-93.41954722,4,Dawn,23,Bridge Rail (Includes parapet),1,Clear,1
5,Arkansas,50217,CLEBURNE (23),NOT APPLICABLE,6,June,2,Monday,2024,14,2:00pm-2:59pm,1,Rural,5,Major Collector,35.66587222,-91.91414722,1,Daylight,12,Motor Vehicle In-Transport,1,Clear,2
5,Arkansas,50218,SEBASTIAN (131),NOT APPLICABLE,6,June,3,Tuesday,2024,0,0:00am-0:59am,1,Rural,7,Local,35.16681389,-94.08500278,2,Dark - Not Lighted,32,Culvert,1,Clear,1
5,Arkansas,50219,BENTON (7),BENTONVILLE,5,May,5,Thursday,2024,16,4:00pm-4:59pm,2,Urban,1,Interstate,36.35091667,-94.17941667,1,Daylight,12,Motor Vehicle In-Transport,1,Clear,1
5,Arkansas,50220,HOT SPRING (59),NOT APPLICABLE,6,June,6,Friday,2024,17,5:00pm-5:59pm,1,Rural,4,Minor Arterial,34.31136389,-92.77775,1,Daylight,12,Motor Vehicle In-Transport,1,Clear,1
5,Arkansas,50221,OUACHITA (103),NOT APPLICABLE,6,June,2,Monday,2024,18,6:00pm-6:59pm,1,Rural,3,Other Principal Arterial,33.61555556,-92.77170833,1,Daylight,12,Motor Vehicle In-Transport,1,Clear,1
5,Arkansas,50222,CRAIGHEAD (31),JONESBORO,5,May,7,Saturday,2024,22,10:00pm-10:59pm,2,Urban,3,Other Principal Arterial,35.78386667,-90.73788333,2,Dark - Not Lighted,33,Curb,1,Clear,1
5,Arkansas,50223,YELL (149),NOT APPLICABLE,6,June,2,Monday,2024,16,4:00pm-4:59pm,1,Rural,5,Major Collector,34.99081111,-93.55681111,1,Daylight,42,Tree (Standing Only),2,Rain,1
5,Arkansas,50224,SALINE (125),NOT APPLICABLE,6,June,6,Friday,2024,6,6:00am-6:59am,2,Urban,1,Interstate,34.53880833,-92.66256667,1,Daylight,25,Concrete Traffic Barrier,7,"Blowing Sand, Soil, Dirt",1
5,Arkansas,50225,PULASKI (119),NORTH LITTLE ROCK,6,June,1,Sunday,2024,0,0:00am-0:59am,2,Urban,1,Interstate,34.80411667,-92.368425,3,Dark - Lighted,12,Motor Vehicle In-Transport,1,Clear,1
5,Arkansas,50226,BOONE (9),NOT APPLICABLE,6,June,5,Thursday,2024,15,3:00pm-3:59pm,1,Rural,5,Major Collector,36.35320278,-92.98068056,1,Daylight,12,Motor Vehicle In-Transport,10,Cloudy,1
5,Arkansas,50227,LAWRENCE (75),NOT APPLICABLE,6,June,5,Thursday,2024,16,4:00pm-4:59pm,1,Rural,3,Other Principal Arterial,36.12696667,-90.95681389,1,Daylight,12,Motor Vehicle In-Transport,1,Clear,1
5,Arkansas,50228,JEFFERSON (69),PINE BLUFF,6,June,7,Saturday,2024,6,6:00am-6:59am,2,Urban,4,Minor Arterial,34.19574722,-92.02455,3,Dark - Lighted,59,Traffic Sign Support,1,Clear,1
5,Arkansas,50229,LAWRENCE (75),NOT APPLICABLE,6,June,7,Saturday,2024,22,10:00pm-10:59pm,1,Rural,2,Other Freeways and Expressways,36.00359722,-90.97769722,2,Dark - Not Lighted,35,Embankment,1,Clear,1
5,Arkansas,50230,FRANKLIN (47),OZARK,6,June,4,Wednesday,2024,14,2:00pm-2:59pm,1,Rural,4,Minor Arterial,35.49995833,-93.84346111,1,Daylight,15,Non-Motorist on Personal Conveyance,1,Clear,1
5,Arkansas,50231,PULASKI (119),JACKSONVILLE,6,June,3,Tuesday,2024,0,0:00am-0:59am,2,Urban,2,Other Freeways and Expressways,34.83584722,-92.15166667,2,Dark - Not Lighted,25,Concrete Traffic Barrier,1,Clear,1
5,Arkansas,50232,FAULKNER (45),NOT APPLICABLE,6,June,3,Tuesday,2024,17,5:00pm-5:59pm,1,Rural,3,Other Principal Arterial,35.08562222,-92.34993333,1,Daylight,12,Motor Vehicle In-Transport,1,Clear,2
5,Arkansas,50233,LOGAN (83),NOT APPLICABLE,6,June,1,Sunday,2024,1,1:00am-1:59am,1,Rural,4,Minor Arterial,35.29746667,-93.79638056,2,Dark - Not Lighted,12,Motor Vehicle In-Transport,1,Clear,1
5,Arkansas,50234,PULASKI (119),MAUMELLE,6,June,7,Saturday,2024,15,3:00pm-3:59pm,2,Urban,7,Local,34.84059167,-92.3604,1,Daylight,12,Motor Vehicle In-Transport,1,Clear,1
5,Arkansas,50235,NEVADA (99),NOT APPLICABLE,6,June,6,Friday,2024,9,9:00am-9:59am,1,Rural,4,Minor Arterial,33.74530556,-93.14677222,1,Daylight,1,Rollover/Overturn,1,Clear,1
5,Arkansas,50236,GARLAND (51),NOT APPLICABLE,6,June,7,Saturday,2024,12,12:00pm-12:59pm,1,Rural,3,Other Principal Arterial,34.50947222,-93.14950556,1,Daylight,12,Motor Vehicle In-Transport,1,Clear,3
5,Arkansas,50237,INDEPENDENCE (63),NOT APPLICABLE,6,June,5,Thursday,2024,12,12:00pm-12:59pm,1,Rural,3,Other Principal Arterial,35.80565833,-91.61651667,1,Daylight,12,Motor Vehicle In-Transport,1,Clear,1
5,Arkansas,50238,INDEPENDENCE (63),NOT APPLICABLE,6,June,4,Wednesday,2024,11,11:00am-11:59am,1,Rural,3,Other Principal Arterial,35.73793333,-91.63914167,1,Daylight,12,Motor Vehicle In-Transport,1,Clear,1
5,Arkansas,50239,GARLAND (51),NOT APPLICABLE,6,June,5,Thursday,2024,18,6:00pm-6:59pm,1,Rural,5,Major Collector,34.43033889,-93.16705556,1,Daylight,12,Motor Vehicle In-Transport,1,Clear,1
5,Arkansas,50240,WHITE (145),NOT APPLICABLE,6,June,7,Saturday,2024,6,6:00am-6:59am,1,Rural,5,Major Collector,35.35565278,-91.66613889,1,Daylight,12,Motor Vehicle In-Transport,10,Cloudy,1
5,Arkansas,50241,GARLAND (51),NOT APPLICABLE,6,June,6,Friday,2024,19,7:00pm-7:59pm,1,Rural,4,Minor Arterial,34.60065278,-92.93552778,1,Daylight,34,Ditch,1,Clear,1
5,Arkansas,50242,BENTON (7),NOT APPLICABLE,6,June,4,Wednesday,2024,18,6:00pm-6:59pm,1,Rural,4,Minor Arterial,36.39708889,-94.44800556,1,Daylight,12,Motor Vehicle In-Transport,1,Clear,1
5,Arkansas,50243,BAXTER (5),NOT APPLICABLE,6,June,5,Thursday,2024,12,12:00pm-12:59pm,1,Rural,7,Local,36.40856667,-92.34920833,1,Daylight,3,Immersion or Partial Immersion,1,Clear,1
5,Arkansas,50244,NEWTON (101),NOT APPLICABLE,6,June,6,Friday,2024,13,1:00pm-1:59pm,1,Rural,5,Major Collector,35.77769444,-93.07226944,1,Daylight,34,Ditch,1,Clear,2
5,Arkansas,50245,WASHINGTON (143),NOT APPLICABLE,6,June,6,Friday,2024,16,4:00pm-4:59pm,1,Rural,1,Interstate,35.76206944,-94.19280278,1,Daylight,12,Motor Vehicle In-Transport,1,Clear,1
5,Arkansas,50246,BENTON (7),NOT APPLICABLE,7,July,3,Tuesday,2024,21,9:00pm-9:59pm,2,Urban,7,Local,36.21291944,-94.11431944,3,Dark - Lighted,8,Pedestrian,1,Clear,1
5,Arkansas,50247,SALINE (125),NOT APPLICABLE,6,June,7,Saturday,2024,18,6:00pm-6:59pm,1,Rural,1,Interstate,34.48295556,-92.72370278,1,Daylight,12,Motor Vehicle In-Transport,1,Clear,1
5,Arkansas,50248,PULASKI (119),NOT APPLICABLE,5,May,6,Friday,2024,16,4:00pm-4:59pm,1,Rural,4,Minor Arterial,34.91863333,-92.09126111,1,Daylight,42,Tree (Standing Only),1,Clear,1
5,Arkansas,50249,INDEPENDENCE (63),NOT APPLICABLE,7,July,6,Friday,2024,18,6:00pm-6:59pm,1,Rural,5,Major Collector,35.56577222,-91.67165,1,Daylight,35,Embankment,1,Clear,1
5,Arkansas,50250,PULASKI (119),NOT APPLICABLE,6,June,4,Wednesday,2024,10,10:00am-10:59am,1,Rural,5,Major Collector,34.91446111,-92.10808889,1,Daylight,32,Culvert,10,Cloudy,1
5,Arkansas,50251,HEMPSTEAD (57),NOT APPLICABLE,7,July,3,Tuesday,2024,23,11:00pm-11:59pm,1,Rural,6,Minor Collector,33.62575278,-93.72513333,2,Dark - Not Lighted,10,Railway Vehicle,1,Clear,1
5,Arkansas,50252,GREENE (55),NOT APPLICABLE,7,July,7,Saturday,2024,11,11:00am-11:59am,1,Rural,7,Local,36.115975,-90.53808889,1,Daylight,19,Building,1,Clear,1
5,Arkansas,50253,POPE (115),NOT APPLICABLE,7,July,7,Saturday,2024,12,12:00pm-12:59pm,1,Rural,7,Local,35.27636111,-93.00381111,1,Daylight,32,Culvert,1,Clear,1
5,Arkansas,50254,PRAIRIE (117),NOT APPLICABLE,7,July,1,Sunday,2024,15,3:00pm-3:59pm,1,Rural,3,Other Principal Arterial,34.53800278,-91.62326944,1,Daylight,12,Motor Vehicle In-Transport,1,Clear,2
5,Arkansas,50255,JEFFERSON (69),NOT APPLICABLE,7,July,4,Wednesday,2024,22,10:00pm-10:59pm,1,Rural,1,Interstate,34.34095278,-92.16967778,2,Dark - Not Lighted,8,Pedestrian,1,Clear,1
5,Arkansas,50256,JEFFERSON (69),JEFFERSON,7,July,5,Thursday,2024,9,9:00am-9:59am,1,Rural,4,Minor Arterial,34.17999722,-91.53804444,1,Daylight,1,Rollover/Overturn,1,Clear,1
5,Arkansas,50257,CRAIGHEAD (31),LAKE CITY,7,July,5,Thursday,2024,10,10:00am-10:59am,1,Rural,3,Other Principal Arterial,35.82069722,-90.44329167,1,Daylight,1,Rollover/Overturn,1,Clear,1
5,Arkansas,50258,WHITE (145),NOT APPLICABLE,6,June,3,Tuesday,2024,15,3:00pm-3:59pm,1,Rural,4,Minor Arterial,35.31276667,-91.56244167,1,Daylight,33,Curb,1,Clear,1
5,Arkansas,50259,FRANKLIN (47),NOT APPLICABLE,7,July,6,Friday,2024,13,1:00pm-1:59pm,1,Rural,4,Minor Arterial,35.70696111,-93.80333889,1,Daylight,59,Traffic Sign Support,1,Clear,1
5,Arkansas,50260,UNION (139),NOT APPLICABLE,7,July,3,Tuesday,2024,12,12:00pm-12:59pm,1,Rural,6,Minor Collector,33.04572222,-92.42326944,1,Daylight,42,Tree (Standing Only),10,Cloudy,1
5,Arkansas,50261,BENTON (7),PEA RIDGE,7,July,1,Sunday,2024,16,4:00pm-4:59pm,1,Rural,5,Major Collector,36.48001111,-94.11442222,1,Daylight,38,Fence,1,Clear,2
5,Arkansas,50262,SALINE (125),NOT APPLICABLE,7,July,7,Saturday,2024,17,5:00pm-5:59pm,1,Rural,5,Major Collector,34.79033889,-92.76288056,1,Daylight,38,Fence,1,Clear,1
5,Arkansas,50263,LOGAN (83),SUBIACO,7,July,4,Wednesday,2024,11,11:00am-11:59am,1,Rural,4,Minor Arterial,35.29413333,-93.64730278,1,Daylight,8,Pedestrian,10,Cloudy,1
5,Arkansas,50264,NEVADA (99),NOT APPLICABLE,7,July,2,Monday,2024,9,9:00am-9:59am,1,Rural,1,Interstate,33.87468611,-93.33531111,1,Daylight,42,Tree (Standing Only),2,Rain,1
5,Arkansas,50265,MARION (89),NOT APPLICABLE,7,July,1,Sunday,2024,20,8:00pm-8:59pm,1,Rural,5,Major Collector,36.27548611,-92.74801667,5,Dusk,34,Ditch,1,Clear,1
5,Arkansas,50266,SEVIER (133),NOT APPLICABLE,7,July,3,Tuesday,2024,18,6:00pm-6:59pm,1,Rural,5,Major Collector,33.815,-94.05269167,1,Daylight,32,Culvert,1,Clear,1
5,Arkansas,50267,CRAIGHEAD (31),NOT APPLICABLE,7,July,6,Friday,2024,13,1:00pm-1:59pm,1,Rural,4,Minor Arterial,35.87844444,-90.59893056,1,Daylight,10,Railway Vehicle,1,Clear,1
5,Arkansas,50268,UNION (139),NOT APPLICABLE,7,July,1,Sunday,2024,10,10:00am-10:59am,1,Rural,7,Local,33.33295,-92.93347778,1,Daylight,42,Tree (Standing Only),1,Clear,1
5,Arkansas,50269,ST FRANCIS (123),NOT APPLICABLE,7,July,7,Saturday,2024,5,5:00am-5:59am,1,Rural,1,Interstate,34.96936111,-90.96641667,4,Dawn,12,Motor Vehicle In-Transport,1,Clear,1
5,Arkansas,50270,PULASKI (119),NOT APPLICABLE,7,July,4,Wednesday,2024,21,9:00pm-9:59pm,1,Rural,4,Minor Arterial,34.70683333,-92.44504444,2,Dark - Not Lighted,12,Motor Vehicle In-Transport,1,Clear,1
5,Arkansas,50271,ST FRANCIS (123),NOT APPLICABLE,7,July,7,Saturday,2024,13,1:00pm-1:59pm,1,Rural,1,Interstate,35.04529722,-90.70673056,1,Daylight,12,Motor Vehicle In-Transport,1,Clear,1
5,Arkansas,50272,PRAIRIE (117),HAZEN,7,July,2,Monday,2024,1,1:00am-1:59am,1,Rural,1,Interstate,34.83334167,-91.48230833,2,Dark - Not Lighted,12,Motor Vehicle In-Transport,1,Clear,2
5,Arkansas,50273,PULASKI (119),NORTH LITTLE ROCK,7,July,2,Monday,2024,21,9:00pm-9:59pm,2,Urban,3,Other Principal Arterial,34.77316389,-92.2786,3,Dark - Lighted,9,Pedalcyclist,2,Rain,1
5,Arkansas,50274,BENTON (7),NOT APPLICABLE,7,July,4,Wednesday,2024,22,10:00pm-10:59pm,1,Rural,4,Minor Arterial,36.1396,-94.48600833,2,Dark - Not Lighted,42,Tree (Standing Only),10,Cloudy,1
5,Arkansas,50275,SALINE (125),NOT APPLICABLE,7,July,2,Monday,2024,1,1:00am-1:59am,1,Rural,4,Minor Arterial,34.56465556,-92.62282778,2,Dark - Not Lighted,59,Traffic Sign Support,1,Clear,1
5,Arkansas,50276,WASHINGTON (143),FAYETTEVILLE,6,June,6,Friday,2024,8,8:00am-8:59am,2,Urban,3,Other Principal Arterial,36.07840556,-94.20495278,1,Daylight,12,Motor Vehicle In-Transport,1,Clear,1
5,Arkansas,50277,DREW (43),NOT APPLICABLE,7,July,6,Friday,2024,4,4:00am-4:59am,1,Rural,5,Major Collector,33.73256944,-91.97346111,2,Dark - Not Lighted,42,Tree (Standing Only),2,Rain,1
5,Arkansas,50278,BENTON (7),BENTONVILLE,6,June,4,Wednesday,2024,11,11:00am-11:59am,2,Urban,4,Minor Arterial,36.33572778,-94.22478333,1,Daylight,12,Motor Vehicle In-Transport,1,Clear,1
5,Arkansas,50279,WHITE (145),NOT APPLICABLE,7,July,4,Wednesday,2024,18,6:00pm-6:59pm,1,Rural,4,Minor Arterial,35.29866389,-92.08191667,1,Daylight,8,Pedestrian,1,Clear,1
5,Arkansas,50280,MILLER (91),TEXARKANA,7,July,1,Sunday,2024,1,1:00am-1:59am,2,Urban,4,Minor Arterial,33.46075556,-94.02916667,3,Dark - Lighted,12,Motor Vehicle In-Transport,1,Clear,1
5,Arkansas,50281,BRADLEY (11),NOT APPLICABLE,7,July,1,Sunday,2024,20,8:00pm-8:59pm,1,Rural,5,Major Collector,33.35573056,-92.05276389,2,Dark - Not Lighted,42,Tree (Standing Only),10,Cloudy,1
5,Arkansas,50282,HOT SPRING (59),NOT APPLICABLE,7,July,2,Monday,2024,16,4:00pm-4:59pm,1,Rural,3,Other Principal Arterial,34.42503889,-92.84040278,1,Daylight,12,Motor Vehicle In-Transport,1,Clear,1
5,Arkansas,50283,PULASKI (119),LITTLE ROCK,7,July,4,Wednesday,2024,1,1:00am-1:59am,2,Urban,4,Minor Arterial,34.64739167,-92.43836944,3,Dark - Lighted,12,Motor Vehicle In-Transport,1,Clear,1
5,Arkansas,50284,CRAIGHEAD (31),JONESBORO,7,July,3,Tuesday,2024,14,2:00pm-2:59pm,2,Urban,3,Other Principal Arterial,35.860475,-90.65015833,1,Daylight,12,Motor Vehicle In-Transport,10,Cloudy,1
5,Arkansas,50285,GARLAND (51),HOT SPRINGS,7,July,4,Wednesday,2024,7,7:00am-7:59am,1,Rural,3,Other Principal Arterial,34.47081667,-92.99931667,1,Daylight,12,Motor Vehicle In-Transport,1,Clear,1
5,Arkansas,50286,HEMPSTEAD (57),NOT APPLICABLE,7,July,4,Wednesday,2024,3,3:00am-3:59am,1,Rural,5,Major Collector,33.70679167,-93.86385,2,Dark - Not Lighted,1,Rollover/Overturn,1,Clear,1
5,Arkansas,50288,GARLAND (51),NOT APPLICABLE,7,July,4,Wednesday,2024,8,8:00am-8:59am,1,Rural,5,Major Collector,34.49703333,-93.129225,1,Daylight,12,Motor Vehicle In-Transport,1,Clear,1
5,Arkansas,50289,CLAY (21),NOT APPLICABLE,8,August,6,Friday,2024,0,0:00am-0:59am,1,Rural,7,Local,36.28213611,-90.57073056,2,Dark - Not Lighted,1,Rollover/Overturn,1,Clear,4
5,Arkansas,50290,MADISON (87),NOT APPLICABLE,8,August,6,Friday,2024,17,5:00pm-5:59pm,1,Rural,5,Major Collector,36.22578056,-93.85228056,1,Daylight,12,Motor Vehicle In-Transport,1,Clear,2
5,Arkansas,50292,SEBASTIAN (131),NOT APPLICABLE,7,July,7,Saturday,2024,14,2:00pm-2:59pm,1,Rural,3,Other Principal Arterial,35.09793056,-94.2635,1,Daylight,12,Motor Vehicle In-Transport,1,Clear,1
5,Arkansas,50293,CRITTENDEN (35),NOT APPLICABLE,6,June,4,Wednesday,2024,0,0:00am-0:59am,1,Rural,4,Minor Arterial,35.20669444,-90.284875,3,Dark - Lighted,1,Rollover/Overturn,1,Clear,1
5,Arkansas,50294,BENTON (7),GARFIELD,7,July,7,Saturday,2024,11,11:00am-11:59am,2,Urban,7,Local,36.44754722,-93.97490833,1,Daylight,12,Motor Vehicle In-Transport,1,Clear,1
5,Arkansas,50295,PULASKI (119),LITTLE ROCK,7,July,6,Friday,2024,11,11:00am-11:59am,1,Rural,3,Other Principal Arterial,34.68928333,-92.39446389,1,Daylight,8,Pedestrian,1,Clear,1
5,Arkansas,50296,PULASKI (119),NOT APPLICABLE,7,July,4,Wednesday,2024,10,10:00am-10:59am,1,Rural,4,Minor Arterial,34.81670278,-92.16890556,1,Daylight,53,Mail Box,1,Clear,1
5,Arkansas,50297,LAWRENCE (75),NOT APPLICABLE,8,August,5,Thursday,2024,12,12:00pm-12:59pm,1,Rural,5,Major Collector,36.02336667,-91.33105,1,Daylight,1,Rollover/Overturn,1,Clear,1
5,Arkansas,50298,CRAWFORD (33),NOT APPLICABLE,8,August,3,Tuesday,2024,17,5:00pm-5:59pm,1,Rural,5,Major Collector,35.6888,-94.31681389,1,Daylight,1,Rollover/Overturn,1,Clear,1
5,Arkansas,50299,POLK (113),NOT APPLICABLE,8,August,3,Tuesday,2024,11,11:00am-11:59am,1,Rural,5,Major Collector,34.57379444,-94.27563056,1,Daylight,12,Motor Vehicle In-Transport,1,Clear,1
5,Arkansas,50300,CRAIGHEAD (31),LAKE CITY,8,August,6,Friday,2024,10,10:00am-10:59am,1,Rural,3,Other Principal Arterial,35.82265833,-90.48191111,1,Daylight,12,Motor Vehicle In-Transport,10,Cloudy,2
5,Arkansas,50301,PULASKI (119),LITTLE ROCK,8,August,7,Saturday,2024,4,4:00am-4:59am,2,Urban,1,Interstate,34.71212778,-92.27013333,2,Dark - Not Lighted,42,Tree (Standing Only),1,Clear,1
5,Arkansas,50302,CLAY (21),NOT APPLICABLE,8,August,3,Tuesday,2024,20,8:00pm-8:59pm,1,Rural,3,Other Principal Arterial,36.39914167,-90.51483056,2,Dark - Not Lighted,42,Tree (Standing Only),1,Clear,1
5,Arkansas,50303,CALHOUN (13),NOT APPLICABLE,8,August,4,Wednesday,2024,10,10:00am-10:59am,1,Rural,3,Other Principal Arterial,33.48078333,-92.47195833,1,Daylight,32,Culvert,1,Clear,1
5,Arkansas,50304,SEBASTIAN (131),NOT APPLICABLE,8,August,5,Thursday,2024,15,3:00pm-3:59pm,1,Rural,3,Other Principal Arterial,35.09470833,-94.26258611,1,Daylight,12,Motor Vehicle In-Transport,1,Clear,1
5,Arkansas,50305,PULASKI (119),LITTLE ROCK,8,August,3,Tuesday,2024,4,4:00am-4:59am,2,Urban,1,Interstate,34.74276389,-92.28533056,3,Dark - Lighted,8,Pedestrian,1,Clear,1
5,Arkansas,50306,SALINE (125),NOT APPLICABLE,8,August,6,Friday,2024,12,12:00pm-12:59pm,1,Rural,7,Local,34.48859444,-92.42735556,1,Daylight,42,Tree (Standing Only),1,Clear,1
5,Arkansas,50307,POINSETT (111),NOT APPLICABLE,8,August,3,Tuesday,2024,21,9:00pm-9:59pm,1,Rural,4,Minor Arterial,35.56334444,-90.70896111,2,Dark - Not Lighted,34,Ditch,1,Clear,2
5,Arkansas,50308,PULASKI (119),NOT APPLICABLE,8,August,6,Friday,2024,8,8:00am-8:59am,1,Rural,1,Interstate,34.66847222,-92.26433889,1,Daylight,42,Tree (Standing Only),1,Clear,1
5,Arkansas,50309,WASHINGTON (143),SPRINGDALE,7,July,4,Wednesday,2024,7,7:00am-7:59am,1,Rural,4,Minor Arterial,36.1531,-94.15444722,1,Daylight,34,Ditch,1,Clear,2
5,Arkansas,50310,WASHINGTON (143),SPRINGDALE,7,July,4,Wednesday,2024,12,12:00pm-12:59pm,2,Urban,4,Minor Arterial,36.155525,-94.20801111,1,Daylight,12,Motor Vehicle In-Transport,1,Clear,1
5,Arkansas,50311,WASHINGTON (143),SPRINGDALE,8,August,6,Friday,2024,9,9:00am-9:59am,2,Urban,1,Interstate,36.15363611,-94.18630278,1,Daylight,21,Bridge Pier or Support,1,Clear,1
5,Arkansas,50312,BENTON (7),ROGERS,8,August,6,Friday,2024,22,10:00pm-10:59pm,2,Urban,1,Interstate,36.29470833,-94.16525556,2,Dark - Not Lighted,34,Ditch,1,Clear,1
5,Arkansas,50313,PULASKI (119),LITTLE ROCK,8,August,3,Tuesday,2024,2,2:00am-2:59am,2,Urban,3,Other Principal Arterial,34.71021111,-92.378175,3,Dark - Lighted,34,Ditch,1,Clear,1
5,Arkansas,50314,SEBASTIAN (131),FORT SMITH,7,July,1,Sunday,2024,0,0:00am-0:59am,2,Urban,3,Other Principal Arterial,35.37299722,-94.39442778,3,Dark - Lighted,33,Curb,1,Clear,1
5,Arkansas,50315,MONTGOMERY (97),NOT APPLICABLE,8,August,7,Saturday,2024,18,6:00pm-6:59pm,1,Rural,7,Local,34.67416667,-93.42813056,1,Daylight,35,Embankment,1,Clear,1
5,Arkansas,50316,COLUMBIA (27),NOT APPLICABLE,8,August,6,Friday,2024,20,8:00pm-8:59pm,1,Rural,5,Major Collector,33.33171111,-93.10290833,2,Dark - Not Lighted,34,Ditch,1,Clear,1
5,Arkansas,50317,LONOKE (85),LONOKE,8,August,4,Wednesday,2024,14,2:00pm-2:59pm,1,Rural,4,Minor Arterial,34.76423889,-92.04243611,1,Daylight,12,Motor Vehicle In-Transport,1,Clear,1
5,Arkansas,50318,CRAIGHEAD (31),JONESBORO,8,August,6,Friday,2024,23,11:00pm-11:59pm,2,Urban,4,Minor Arterial,35.81282222,-90.67805833,3,Dark - Lighted,8,Pedestrian,1,Clear,1
5,Arkansas,50319,PULASKI (119),NOT APPLICABLE,7,July,1,Sunday,2024,10,10:00am-10:59am,1,Rural,6,Minor Collector,34.95433611,-92.07504444,1,Daylight,1,Rollover/Overturn,1,Clear,1
5,Arkansas,50320,LONOKE (85),CABOT,8,August,3,Tuesday,2024,7,7:00am-7:59am,1,Rural,3,Other Principal Arterial,34.93939167,-92.02051944,1,Daylight,12,Motor Vehicle In-Transport,1,Clear,1
5,Arkansas,50321,BENTON (7),NOT APPLICABLE,8,August,4,Wednesday,2024,18,6:00pm-6:59pm,2,Urban,5,Major Collector,36.40427778,-94.2928,1,Daylight,12,Motor Vehicle In-Transport,1,Clear,1
5,Arkansas,50322,LAWRENCE (75),NOT APPLICABLE,8,August,7,Saturday,2024,16,4:00pm-4:59pm,1,Rural,4,Minor Arterial,36.07684444,-91.13194167,1,Daylight,32,Culvert,1,Clear,1
5,Arkansas,50323,CRAIGHEAD (31),JONESBORO,8,August,5,Thursday,2024,6,6:00am-6:59am,2,Urban,7,Local,35.87194722,-90.69657778,1,Daylight,42,Tree (Standing Only),1,Clear,1
5,Arkansas,50325,GARLAND (51),NOT APPLICABLE,8,August,1,Sunday,2024,15,3:00pm-3:59pm,2,Urban,3,Other Principal Arterial,34.46799722,-93.13979167,1,Daylight,12,Motor Vehicle In-Transport,10,Cloudy,1
5,Arkansas,50326,MONROE (95),NOT APPLICABLE,8,August,4,Wednesday,2024,4,4:00am-4:59am,1,Rural,3,Other Principal Arterial,34.61871944,-91.06848611,2,Dark - Not Lighted,42,Tree (Standing Only),1,Clear,1
5,Arkansas,50327,CRITTENDEN (35),NOT APPLICABLE,8,August,7,Saturday,2024,20,8:00pm-8:59pm,1,Rural,1,Interstate,35.26298611,-90.22820833,5,Dusk,12,Motor Vehicle In-Transport,1,Clear,1
5,Arkansas,50328,SEBASTIAN (131),NOT APPLICABLE,7,July,7,Saturday,2024,16,4:00pm-4:59pm,1,Rural,5,Major Collector,35.13795278,-94.38787222,9,Reported as Unknown,1,Rollover/Overturn,99,Reported as Unknown,1
5,Arkansas,50329,CRAIGHEAD (31),NOT APPLICABLE,7,July,1,Sunday,2024,6,6:00am-6:59am,1,Rural,4,Minor Arterial,35.77801667,-90.81709722,4,Dawn,43,Other Fixed Object,10,Cloudy,1
5,Arkansas,50330,JACKSON (67),NOT APPLICABLE,8,August,7,Saturday,2024,6,6:00am-6:59am,1,Rural,5,Major Collector,35.65047778,-91.08330833,4,Dawn,34,Ditch,1,Clear,1
5,Arkansas,50331,WHITE (145),BEEBE,8,August,2,Monday,2024,21,9:00pm-9:59pm,2,Urban,4,Minor Arterial,35.0729,-91.90263056,3,Dark - Lighted,12,Motor Vehicle In-Transport,1,Clear,1
5,Arkansas,50332,CARROLL (15),NOT APPLICABLE,8,August,5,Thursday,2024,16,4:00pm-4:59pm,1,Rural,5,Major Collector,36.21441111,-93.53260278,1,Daylight,12,Motor Vehicle In-Transport,1,Clear,2
5,Arkansas,50333,BOONE (9),NOT APPLICABLE,8,August,3,Tuesday,2024,14,2:00pm-2:59pm,1,Rural,3,Other Principal Arterial,36.37793333,-93.22349444,1,Daylight,12,Motor Vehicle In-Transport,1,Clear,1
5,Arkansas,50334,PULASKI (119),NORTH LITTLE ROCK,8,August,1,Sunday,2024,17,5:00pm-5:59pm,2,Urban,5,Major Collector,34.81875278,-92.37206111,1,Daylight,14,Parked Motor Vehicle,1,Clear,1
5,Arkansas,50335,INDEPENDENCE (63),NOT APPLICABLE,8,August,7,Saturday,2024,22,10:00pm-10:59pm,1,Rural,7,Local,35.80383611,-91.74899722,2,Dark - Not Lighted,34,Ditch,1,Clear,1