STATE,STATENAME,ST_CASE,COUNTYNAME,CITYNAME,MONTH,MONTHNAME,DAY_WEEK,DAY_WEEKNAME,YEAR,HOUR,HOURNAME,RUR_URB,RUR_URBNAME,FUNC_SYS,FUNC_SYSNAME,LATITUDE,LONGITUD,LGT_COND,LGT_CONDNAME,HARM_EV,HARM_EVNAME,WEATHER,WEATHERNAME,FATALS
5,Arkansas,50459,CRAWFORD (33),VAN BUREN,10,October,1,Sunday,2024,18,6:00pm-6:59pm,2,Urban,1,Interstate,35.46123611,-94.38751944,2,Dark - Not Lighted,42,Tree (Standing Only),1,Clear,1
5,Arkansas,50460,POLK (113),NOT APPLICABLE,10,October,5,Thursday,2024,21,9:00pm-9:59pm,1,Rural,4,Minor Arterial,34.56603056,-94.21511944,2,Dark - Not Lighted,9,Pedalcyclist,1,Clear,1
5,Arkansas,50461,MONTGOMERY (97),NOT APPLICABLE,10,October,4,Wednesday,2024,8,8:00am-8:59am,1,Rural,3,Other Principal Arterial,34.52348889,-93.41166667,1,Daylight,12,Motor Vehicle In-Transport,1,Clear,1
5,Arkansas,50462,ST FRANCIS (123),NOT APPLICABLE,10,October,2,Monday,2024,11,11:00am-11:59am,1,Rural,1,Interstate,35.105825,-90.58564167,1,Daylight,25,Concrete Traffic Barrier,1,Clear,1
5,Arkansas,50464,CRAIGHEAD (31),JONESBORO,10,October,5,Thursday,2024,13,1:00pm-1:59pm,2,Urban,3,Other Principal Arterial,35.79723889,-90.73108333,1,Daylight,12,Motor Vehicle In-Transport,1,Clear,1
5,Arkansas,50466,SALINE (125),NOT APPLICABLE,11,November,1,Sunday,2024,5,5:00am-5:59am,1,Rural,6,Minor Collector,34.53220556,-92.39942222,2,Dark - Not Lighted,8,Pedestrian,1,Clear,1
5,Arkansas,50467,PULASKI (119),NORTH LITTLE ROCK,11,November,1,Sunday,2024,17,5:00pm-5:59pm,2,Urban,3,Other Principal Arterial,34.7525,-92.27444722,3,Dark - Lighted,12,Motor Vehicle In-Transport,1,Clear,1
5,Arkansas,50468,HOT SPRING (59),NOT APPLICABLE,11,November,1,Sunday,2024,6,6:00am-6:59am,1,Rural,1,Interstate,34.42668889,-92.79354722,1,Daylight,57,Cable Barrier,2,Rain,1
5,Arkansas,50469,LITTLE RIVER (81),NOT APPLICABLE,11,November,7,Saturday,2024,9,9:00am-9:59am,1,Rural,5,Major Collector,33.68478333,-94.36679722,1,Daylight,42,Tree (Standing Only),2,Rain,1
5,Arkansas,50471,INDEPENDENCE (63),NOT APPLICABLE,10,October,3,Tuesday,2024,4,4:00am-4:59am,1,Rural,4,Minor Arterial,35.70313333,-91.47293611,2,Dark - Not Lighted,12,Motor Vehicle In-Transport,1,Clear,1
5,Arkansas,50472,LONOKE (85),NOT APPLICABLE,11,November,3,Tuesday,2024,8,8:00am-8:59am,1,Rural,6,Minor Collector,35.01048889,-91.90735556,1,Daylight,53,Mail Box,1,Clear,2
5,Arkansas,50473,CLARK (19),NOT APPLICABLE,11,November,7,Saturday,2024,11,11:00am-11:59am,1,Rural,7,Local,34.02867778,-92.90435,1,Daylight,1,Rollover/Overturn,10,Cloudy,1
5,Arkansas,50474,PERRY (105),CASA,11,November,6,Friday,2024,23,11:00pm-11:59pm,1,Rural,4,Minor Arterial,35.02287222,-93.050075,3,Dark - Lighted,8,Pedestrian,2,Rain,1
5,Arkansas,50475,POPE (115),NOT APPLICABLE,10,October,2,Monday,2024,14,2:00pm-2:59pm,1,Rural,5,Major Collector,35.21709444,-92.9299,1,Daylight,1,Rollover/Overturn,1,Clear,1
5,Arkansas,50476,CRITTENDEN (35),NOT APPLICABLE,10,October,4,Wednesday,2024,5,5:00am-5:59am,1,Rural,1,Interstate,35.27256111,-90.23284444,6,Dark - Unknown Lighting,34,Ditch,1,Clear,1
5,Arkansas,50477,PULASKI (119),NORTH LITTLE ROCK,11,November,5,Thursday,2024,15,3:00pm-3:59pm,2,Urban,1,Interstate,34.75475,-92.26249722,1,Daylight,18,Other Object (not fixed),1,Clear,1
5,Arkansas,50478,CRAWFORD (33),NOT APPLICABLE,11,November,1,Sunday,2024,9,9:00am-9:59am,1,Rural,5,Major Collector,35.53686667,-94.25672778,1,Daylight,42,Tree (Standing Only),1,Clear,1
5,Arkansas,50479,PULASKI (119),LITTLE ROCK,11,November,6,Friday,2024,21,9:00pm-9:59pm,2,Urban,4,Minor Arterial,34.7616,-92.38235278,3,Dark - Lighted,42,Tree (Standing Only),1,Clear,1
5,Arkansas,50480,PULASKI (119),LITTLE ROCK,11,November,6,Friday,2024,2,2:00am-2:59am,2,Urban,4,Minor Arterial,34.66756111,-92.36264722,3,Dark - Lighted,8,Pedestrian,1,Clear,1
5,Arkansas,50481,FULTON (49),NOT APPLICABLE,11,November,7,Saturday,2024,7,7:00am-7:59am,1,Rural,4,Minor Arterial,36.49256389,-91.57986944,1,Daylight,32,Culvert,10,Cloudy,1
5,Arkansas,50482,SEBASTIAN (131),FORT SMITH,11,November,7,Saturday,2024,18,6:00pm-6:59pm,2,Urban,3,Other Principal Arterial,35.32760556,-94.40084444,3,Dark - Lighted,12,Motor Vehicle In-Transport,1,Clear,1
5,Arkansas,50483,PULASKI (119),NOT APPLICABLE,10,October,4,Wednesday,2024,19,7:00pm-7:59pm,1,Rural,4,Minor Arterial,34.85226667,-92.08461111,2,Dark - Not Lighted,32,Culvert,1,Clear,1
5,Arkansas,50484,ASHLEY (3),NOT APPLICABLE,11,November,5,Thursday,2024,9,9:00am-9:59am,1,Rural,7,Local,33.27151667,-91.49950833,1,Daylight,10,Railway Vehicle,1,Clear,1
5,Arkansas,50485,SALINE (125),BENTON,11,November,6,Friday,2024,22,10:00pm-10:59pm,2,Urban,1,Interstate,34.58221944,-92.57646944,2,Dark - Not Lighted,12,Motor Vehicle In-Transport,1,Clear,1
5,Arkansas,50486,MILLER (91),NOT APPLICABLE,11,November,3,Tuesday,2024,12,12:00pm-12:59pm,1,Rural,1,Interstate,33.55031111,-93.87034722,1,Daylight,24,Guardrail Face,1,Clear,1
5,Arkansas,50487,MONTGOMERY (97),NOT APPLICABLE,11,November,7,Saturday,2024,15,3:00pm-3:59pm,1,Rural,3,Other Principal Arterial,34.53510833,-93.5602,1,Daylight,42,Tree (Standing Only),1,Clear,1
5,Arkansas,50488,MONTGOMERY (97),NOT APPLICABLE,11,November,1,Sunday,2024,18,6:00pm-6:59pm,1,Rural,7,Local,34.57897778,-93.87550278,2,Dark - Not Lighted,1,Rollover/Overturn,2,Rain,1
5,Arkansas,50489,BENTON (7),BENTONVILLE,9,September,7,Saturday,2024,13,1:00pm-1:59pm,2,Urban,4,Minor Arterial,36.393575,-94.20950556,1,Daylight,35,Embankment,1,Clear,1
5,Arkansas,50490,JEFFERSON (69),PINE BLUFF,11,November,7,Saturday,2024,5,5:00am-5:59am,2,Urban,4,Minor Arterial,34.23974722,-92.05041944,3,Dark - Lighted,8,Pedestrian,2,Rain,1
5,Arkansas,50491,GREENE (55),NOT APPLICABLE,11,November,5,Thursday,2024,18,6:00pm-6:59pm,1,Rural,5,Major Collector,36.09601111,-90.43939444,2,Dark - Not Lighted,8,Pedestrian,1,Clear,1
5,Arkansas,50492,POINSETT (111),NOT APPLICABLE,11,November,3,Tuesday,2024,11,11:00am-11:59am,1,Rural,4,Minor Arterial,35.56178333,-91.03496944,1,Daylight,34,Ditch,1,Clear,1
5,Arkansas,50493,BENTON (7),CENTERTON,11,November,5,Thursday,2024,16,4:00pm-4:59pm,2,Urban,5,Major Collector,36.38711389,-94.28027222,1,Daylight,12,Motor Vehicle In-Transport,1,Clear,1
5,Arkansas,50495,HOWARD (61),NASHVILLE,11,November,5,Thursday,2024,16,4:00pm-4:59pm,2,Urban,4,Minor Arterial,33.92701389,-93.83878611,1,Daylight,12,Motor Vehicle In-Transport,1,Clear,1
5,Arkansas,50496,CLEVELAND (25),NOT APPLICABLE,11,November,4,Wednesday,2024,20,8:00pm-8:59pm,1,Rural,4,Minor Arterial,33.94941944,-92.03245,2,Dark - Not Lighted,35,Embankment,1,Clear,1
5,Arkansas,50497,PULASKI (119),NOT APPLICABLE,11,November,6,Friday,2024,11,11:00am-11:59am,1,Rural,1,Interstate,34.67837778,-92.26781944,1,Daylight,42,Tree (Standing Only),10,Cloudy,2
5,Arkansas,50498,JOHNSON (71),NOT APPLICABLE,11,November,1,Sunday,2024,0,0:00am-0:59am,1,Rural,7,Local,35.54215,-93.52523056,2,Dark - Not Lighted,34,Ditch,1,Clear,1
5,Arkansas,50499,PRAIRIE (117),DE VALLS BLUFF,11,November,2,Monday,2024,23,11:00pm-11:59pm,1,Rural,5,Major Collector,34.780375,-91.45901944,3,Dark - Lighted,35,Embankment,1,Clear,1
5,Arkansas,50500,BAXTER (5),NOT APPLICABLE,11,November,7,Saturday,2024,1,1:00am-1:59am,2,Urban,3,Other Principal Arterial,36.33243611,-92.34031389,8,Not Reported,34,Ditch,1,Clear,1
5,Arkansas,50501,LONOKE (85),LONOKE,11,November,5,Thursday,2024,14,2:00pm-2:59pm,2,Urban,5,Major Collector,34.77710278,-91.90835,1,Daylight,30,Utility Pole/Light Support,1,Clear,1
5,Arkansas,50503,OUACHITA (103),NOT APPLICABLE,11,November,3,Tuesday,2024,10,10:00am-10:59am,1,Rural,3,Other Principal Arterial,33.69044444,-92.70783889,1,Daylight,12,Motor Vehicle In-Transport,1,Clear,1
5,Arkansas,50504,PULASKI (119),LITTLE ROCK,11,November,6,Friday,2024,16,4:00pm-4:59pm,2,Urban,3,Other Principal Arterial,34.71977222,-92.33344167,5,Dusk,12,Motor Vehicle In-Transport,1,Clear,1
5,Arkansas,50505,POLK (113),NOT APPLICABLE,11,November,1,Sunday,2024,13,1:00pm-1:59pm,1,Rural,5,Major Collector,34.59140278,-94.35362778,1,Daylight,42,Tree (Standing Only),10,Cloudy,1
5,Arkansas,50506,NEVADA (99),NOT APPLICABLE,11,November,4,Wednesday,2024,16,4:00pm-4:59pm,1,Rural,4,Minor Arterial,33.92673056,-93.44433889,5,Dusk,32,Culvert,1,Clear,1
5,Arkansas,50507,UNION (139),NOT APPLICABLE,12,December,1,Sunday,2024,19,7:00pm-7:59pm,1,Rural,7,Local,33.24413889,-92.70554722,2,Dark - Not Lighted,42,Tree (Standing Only),1,Clear,1
5,Arkansas,50508,WHITE (145),NOT APPLICABLE,11,November,2,Monday,2024,14,2:00pm-2:59pm,1,Rural,5,Major Collector,35.2151,-91.79384167,1,Daylight,1,Rollover/Overturn,10,Cloudy,1
5,Arkansas,50509,CRAWFORD (33),NOT APPLICABLE,11,November,1,Sunday,2024,15,3:00pm-3:59pm,1,Rural,4,Minor Arterial,35.35973056,-94.29245278,1,Daylight,12,Motor Vehicle In-Transport,2,Rain,1
5,Arkansas,50510,POPE (115),NOT APPLICABLE,11,November,2,Monday,2024,19,7:00pm-7:59pm,1,Rural,1,Interstate,35.30895278,-93.14938611,2,Dark - Not Lighted,23,Bridge Rail (Includes parapet),10,Cloudy,1
5,Arkansas,50511,LONOKE (85),LONOKE,12,December,3,Tuesday,2024,9,9:00am-9:59am,1,Rural,3,Other Principal Arterial,34.91884167,-92.0005,1,Daylight,12,Motor Vehicle In-Transport,1,Clear,1
5,Arkansas,50512,YELL (149),NOT APPLICABLE,11,November,4,Wednesday,2024,18,6:00pm-6:59pm,1,Rural,7,Local,34.93620833,-93.39085833,2,Dark - Not Lighted,42,Tree (Standing Only),10,Cloudy,1
5,Arkansas,50513,POPE (115),NOT APPLICABLE,11,November,2,Monday,2024,7,7:00am-7:59am,1,Rural,6,Minor Collector,35.23903889,-92.98739722,1,Daylight,34,Ditch,1,Clear,1
5,Arkansas,50514,WASHINGTON (143),FAYETTEVILLE,12,December,1,Sunday,2024,8,8:00am-8:59am,2,Urban,1,Interstate,36.05272778,-94.19341389,1,Daylight,33,Curb,5,"Fog, Smog, Smoke",1
5,Arkansas,50515,PHILLIPS (107),NOT APPLICABLE,12,December,2,Monday,2024,5,5:00am-5:59am,1,Rural,3,Other Principal Arterial,34.49725556,-90.59066389,4,Dawn,12,Motor Vehicle In-Transport,5,"Fog, Smog, Smoke",1
5,Arkansas,50516,INDEPENDENCE (63),NOT APPLICABLE,11,November,1,Sunday,2024,16,4:00pm-4:59pm,1,Rural,5,Major Collector,35.6915,-91.56614444,1,Daylight,53,Mail Box,2,Rain,1
5,Arkansas,50517,PULASKI (119),NOT APPLICABLE,12,December,1,Sunday,2024,5,5:00am-5:59am,1,Rural,1,Interstate,34.83456667,-92.34781944,2,Dark - Not Lighted,8,Pedestrian,1,Clear,1
5,Arkansas,50518,ARKANSAS (1),NOT APPLICABLE,12,December,1,Sunday,2024,4,4:00am-4:59am,1,Rural,3,Other Principal Arterial,34.36453889,-91.23572222,2,Dark - Not Lighted,23,Bridge Rail (Includes parapet),2,Rain,1
5,Arkansas,50519,BENTON (7),BENTONVILLE,10,October,7,Saturday,2024,2,2:00am-2:59am,1,Rural,3,Other Principal Arterial,36.33569722,-94.20958889,3,Dark - Lighted,33,Curb,1,Clear,1
5,Arkansas,50520,BENTON (7),NOT APPLICABLE,12,December,7,Saturday,2024,12,12:00pm-12:59pm,1,Rural,4,Minor Arterial,36.29217222,-94.45336111,1,Daylight,12,Motor Vehicle In-Transport,1,Clear,1
5,Arkansas,50521,PULASKI (119),NORTH LITTLE ROCK,12,December,3,Tuesday,2024,1,1:00am-1:59am,2,Urban,4,Minor Arterial,34.79198611,-92.22377778,2,Dark - Not Lighted,8,Pedestrian,1,Clear,1
5,Arkansas,50522,BAXTER (5),NOT APPLICABLE,12,December,6,Friday,2024,9,9:00am-9:59am,1,Rural,3,Other Principal Arterial,36.29590278,-92.45589444,1,Daylight,35,Embankment,1,Clear,1
5,Arkansas,50523,DREW (43),NOT APPLICABLE,12,December,1,Sunday,2024,10,10:00am-10:59am,1,Rural,4,Minor Arterial,33.56703611,-91.77722222,1,Daylight,12,Motor Vehicle In-Transport,2,Rain,1
5,Arkansas,50524,LOGAN (83),NOT APPLICABLE,11,November,3,Tuesday,2024,13,1:00pm-1:59pm,1,Rural,3,Other Principal Arterial,35.06531389,-94.13993333,1,Daylight,12,Motor Vehicle In-Transport,1,Clear,1
5,Arkansas,50525,INDEPENDENCE (63),NOT APPLICABLE,12,December,7,Saturday,2024,17,5:00pm-5:59pm,1,Rural,4,Minor Arterial,35.74115556,-91.71139722,2,Dark - Not Lighted,32,Culvert,1,Clear,1
5,Arkansas,50526,SEBASTIAN (131),GREENWOOD,12,December,2,Monday,2024,15,3:00pm-3:59pm,2,Urban,3,Other Principal Arterial,35.21886944,-94.297775,1,Daylight,12,Motor Vehicle In-Transport,10,Cloudy,1
5,Arkansas,50527,SALINE (125),NOT APPLICABLE,12,December,4,Wednesday,2024,8,8:00am-8:59am,2,Urban,1,Interstate,34.64061667,-92.44478611,1,Daylight,25,Concrete Traffic Barrier,1,Clear,1
5,Arkansas,50528,BENTON (7),ROGERS,12,December,1,Sunday,2024,21,9:00pm-9:59pm,2,Urban,3,Other Principal Arterial,36.31983056,-94.12613056,3,Dark - Lighted,8,Pedestrian,2,Rain,1
5,Arkansas,50529,NEVADA (99),NOT APPLICABLE,12,December,5,Thursday,2024,11,11:00am-11:59am,1,Rural,5,Major Collector,33.67051667,-93.46523611,1,Daylight,34,Ditch,1,Clear,1
5,Arkansas,50530,HEMPSTEAD (57),NOT APPLICABLE,12,December,5,Thursday,2024,10,10:00am-10:59am,1,Rural,1,Interstate,33.62812778,-93.73902222,1,Daylight,12,Motor Vehicle In-Transport,1,Clear,1
5,Arkansas,50531,FULTON (49),NOT APPLICABLE,12,December,5,Thursday,2024,15,3:00pm-3:59pm,1,Rural,3,Other Principal Arterial,36.26460556,-91.652025,1,Daylight,12,Motor Vehicle In-Transport,1,Clear,1
5,Arkansas,50532,PULASKI (119),LITTLE ROCK,12,December,7,Saturday,2024,2,2:00am-2:59am,2,Urban,5,Major Collector,34.77407222,-92.4788,3,Dark - Lighted,42,Tree (Standing Only),1,Clear,1
5,Arkansas,50533,FAULKNER (45),NOT APPLICABLE,12,December,1,Sunday,2024,19,7:00pm-7:59pm,1,Rural,3,Other Principal Arterial,35.16401111,-92.39815,2,Dark - Not Lighted,12,Motor Vehicle In-Transport,1,Clear,1
5,Arkansas,50534,CARROLL (15),NOT APPLICABLE,12,December,2,Monday,2024,15,3:00pm-3:59pm,1,Rural,5,Major Collector,36.44905278,-93.739475,1,Daylight,42,Tree (Standing Only),10,Cloudy,1
5,Arkansas,50535,FAULKNER (45),NOT APPLICABLE,12,December,5,Thursday,2024,21,9:00pm-9:59pm,2,Urban,5,Major Collector,35.02296111,-92.41975278,2,Dark - Not Lighted,42,Tree (Standing Only),1,Clear,1
5,Arkansas,50536,COLUMBIA (27),NOT APPLICABLE,12,December,5,Thursday,2024,22,10:00pm-10:59pm,1,Rural,4,Minor Arterial,33.43731111,-93.28240278,2,Dark - Not Lighted,42,Tree (Standing Only),1,Clear,1
5,Arkansas,50537,UNION (139),NOT APPLICABLE,12,December,6,Friday,2024,7,7:00am-7:59am,1,Rural,3,Other Principal Arterial,33.06709167,-92.69116111,1,Daylight,12,Motor Vehicle In-Transport,1,Clear,1
5,Arkansas,50538,PULASKI (119),LITTLE ROCK,12,December,2,Monday,2024,0,0:00am-0:59am,1,Rural,5,Major Collector,34.67947778,-92.33493611,3,Dark - Lighted,30,Utility Pole/Light Support,5,"Fog, Smog, Smoke",1
5,Arkansas,50539,WHITE (145),NOT APPLICABLE,12,December,6,Friday,2024,8,8:00am-8:59am,1,Rural,4,Minor Arterial,35.29231667,-91.48235278,1,Daylight,42,Tree (Standing Only),10,Cloudy,1
5,Arkansas,50540,BAXTER (5),COTTER,11,November,4,Wednesday,2024,22,10:00pm-10:59pm,1,Rural,3,Other Principal Arterial,36.28407778,-92.5168,2,Dark - Not Lighted,8,Pedestrian,10,Cloudy,1
5,Arkansas,50541,BENTON (7),SILOAM SPRINGS,12,December,2,Monday,2024,5,5:00am-5:59am,2,Urban,3,Other Principal Arterial,36.18105,-94.51456944,3,Dark - Lighted,12,Motor Vehicle In-Transport,1,Clear,1
5,Arkansas,50542,BOONE (9),NOT APPLICABLE,12,December,2,Monday,2024,23,11:00pm-11:59pm,1,Rural,3,Other Principal Arterial,36.296825,-93.19276389,2,Dark - Not Lighted,35,Embankment,1,Clear,1
5,Arkansas,50543,SHARP (135),NOT APPLICABLE,12,December,4,Wednesday,2024,22,10:00pm-10:59pm,1,Rural,3,Other Principal Arterial,35.99321944,-91.57871389,2,Dark - Not Lighted,8,Pedestrian,1,Clear,1
5,Arkansas,50544,WHITE (145),NOT APPLICABLE,12,December,2,Monday,2024,18,6:00pm-6:59pm,1,Rural,3,Other Principal Arterial,35.33114167,-91.5612,2,Dark - Not Lighted,8,Pedestrian,1,Clear,1
5,Arkansas,50545,POPE (115),RUSSELLVILLE,12,December,2,Monday,2024,0,0:00am-0:59am,2,Urban,5,Major Collector,35.28423889,-93.08918333,3,Dark - Lighted,12,Motor Vehicle In-Transport,5,"Fog, Smog, Smoke",1
5,Arkansas,50546,SCOTT (127),NOT APPLICABLE,11,November,4,Wednesday,2024,21,9:00pm-9:59pm,1,Rural,3,Other Principal Arterial,35.00775,-94.12096111,2,Dark - Not Lighted,12,Motor Vehicle In-Transport,1,Clear,1
5,Arkansas,50547,HEMPSTEAD (57),NOT APPLICABLE,12,December,2,Monday,2024,16,4:00pm-4:59pm,1,Rural,5,Major Collector,33.57455556,-93.65008889,1,Daylight,32,Culvert,1,Clear,1
5,Arkansas,50548,SEBASTIAN (131),NOT APPLICABLE,12,December,5,Thursday,2024,15,3:00pm-3:59pm,1,Rural,3,Other Principal Arterial,35.14335,-94.2709,1,Daylight,12,Motor Vehicle In-Transport,2,Rain,2
5,Arkansas,50549,PULASKI (119),NOT APPLICABLE,12,December,1,Sunday,2024,9,9:00am-9:59am,1,Rural,7,Local,34.99838889,-92.07753056,1,Daylight,42,Tree (Standing Only),10,Cloudy,1
5,Arkansas,50550,LAWRENCE (75),NOT APPLICABLE,12,December,6,Friday,2024,17,5:00pm-5:59pm,1,Rural,3,Other Principal Arterial,36.070875,-90.86183611,2,Dark - Not Lighted,8,Pedestrian,1,Clear,1
5,Arkansas,50551,HOT SPRING (59),NOT APPLICABLE,12,December,6,Friday,2024,12,12:00pm-12:59pm,1,Rural,1,Interstate,34.42487778,-92.79519444,1,Daylight,42,Tree (Standing Only),1,Clear,1
5,Arkansas,50552,PULASKI (119),NOT APPLICABLE,11,November,6,Friday,2024,17,5:00pm-5:59pm,1,Rural,5,Major Collector,34.72636389,-92.46894167,2,Dark - Not Lighted,12,Motor Vehicle In-Transport,1,Clear,1
5,Arkansas,50553,BENTON (7),CENTERTON,11,November,4,Wednesday,2024,7,7:00am-7:59am,1,Rural,4,Minor Arterial,36.35929444,-94.33020556,1,Daylight,12,Motor Vehicle In-Transport,1,Clear,1
5,Arkansas,50554,SEBASTIAN (131),FORT SMITH,12,December,7,Saturday,2024,19,7:00pm-7:59pm,2,Urban,3,Other Principal Arterial,35.34065,-94.42260556,2,Dark - Not Lighted,8,Pedestrian,1,Clear,1
5,Arkansas,50555,STONE (137),MOUNTAIN VIEW,12,December,5,Thursday,2024,8,8:00am-8:59am,1,Rural,4,Minor Arterial,35.8557,-92.08291111,1,Daylight,12,Motor Vehicle In-Transport,1,Clear,1
5,Arkansas,50556,LOGAN (83),NOT APPLICABLE,12,December,5,Thursday,2024,21,9:00pm-9:59pm,1,Rural,6,Minor Collector,35.1541,-93.90364722,2,Dark - Not Lighted,42,Tree (Standing Only),1,Clear,1
5,Arkansas,50557,MISSISSIPPI (93),NOT APPLICABLE,12,December,6,Friday,2024,3,3:00am-3:59am,1,Rural,1,Interstate,35.60898056,-90.11370278,2,Dark - Not Lighted,12,Motor Vehicle In-Transport,1,Clear,1
5,Arkansas,50558,PULASKI (119),LITTLE ROCK,12,December,7,Saturday,2024,16,4:00pm-4:59pm,2,Urban,3,Other Principal Arterial,34.75519722,-92.29694444,1,Daylight,12,Motor Vehicle In-Transport,1,Clear,1
5,Arkansas,50559,CLEBURNE (23),NOT APPLICABLE,7,July,2,Monday,2024,16,4:00pm-4:59pm,1,Rural,4,Minor Arterial,35.47748333,-92.00074722,1,Daylight,12,Motor Vehicle In-Transport,1,Clear,1
5,Arkansas,50560,SALINE (125),BENTON,10,October,4,Wednesday,2024,17,5:00pm-5:59pm,2,Urban,4,Minor Arterial,34.60293611,-92.567125,1,Daylight,12,Motor Vehicle In-Transport,1,Clear,1
5,Arkansas,50561,MISSISSIPPI (93),NOT APPLICABLE,10,October,6,Friday,2024,18,6:00pm-6:59pm,1,Rural,6,Minor Collector,35.88468611,-89.891725,2,Dark - Not Lighted,12,Motor Vehicle In-Transport,1,Clear,1
12,Florida,120001,HERNANDO (53),NOT APPLICABLE,1,January,2,Monday,2024,6,6:00am-6:59am,1,Rural,3,Other Principal Arterial,28.47912222,-82.17799444,2,Dark - Not Lighted,9,Pedalcyclist,5,"Fog, Smog, Smoke",1
12,Florida,120002,HILLSBOROUGH (57),NOT APPLICABLE,1,January,2,Monday,2024,4,4:00am-4:59am,2,Urban,7,Local,27.95237222,-82.10914444,2,Dark - Not Lighted,59,Traffic Sign Support,1,Clear,1
12,Florida,120003,HILLSBOROUGH (57),TAMPA,1,January,2,Monday,2024,1,1:00am-1:59am,2,Urban,7,Local,27.95487222,-82.46603333,3,Dark - Lighted,33,Curb,1,Clear,1
12,Florida,120004,ORANGE (95),ORLANDO,1,January,2,Monday,2024,15,3:00pm-3:59pm,2,Urban,6,Minor Collector,28.39782778,-81.25912222,1,Daylight,33,Curb,1,Clear,1
12,Florida,120005,LEE (71),FORT MYERS,1,January,2,Monday,2024,20,8:00pm-8:59pm,2,Urban,7,Local,26.63891111,-81.84976111,2,Dark - Not Lighted,12,Motor Vehicle In-Transport,1,Clear,1
12,Florida,120006,PALM BEACH (99),NOT APPLICABLE,1,January,2,Monday,2024,19,7:00pm-7:59pm,2,Urban,3,Other Principal Arterial,26.79552222,-80.10688889,7,Other,8,Pedestrian,1,Clear,1
12,Florida,120007,POLK (105),LAKELAND,1,January,3,Tuesday,2024,13,1:00pm-1:59pm,2,Urban,5,Major Collector,28.08049444,-81.98121111,1,Daylight,12,Motor Vehicle In-Transport,1,Clear,1
12,Florida,120008,DUVAL (31),JACKSONVILLE,1,January,5,Thursday,2024,18,6:00pm-6:59pm,2,Urban,5,Major Collector,30.32628333,-81.58531111,3,Dark - Lighted,8,Pedestrian,1,Clear,1
12,Florida,120009,DUVAL (31),JACKSONVILLE,1,January,5,Thursday,2024,12,12:00pm-12:59pm,2,Urban,5,Major Collector,30.29565278,-81.78128889,1,Daylight,9,Pedalcyclist,1,Clear,1
12,Florida,120010,PALM BEACH (99),NOT APPLICABLE,1,January,4,Wednesday,2024,18,6:00pm-6:59pm,2,Urban,5,Major Collector,26.43886944,-80.14667222,3,Dark - Lighted,8,Pedestrian,1,Clear,1
12,Florida,120011,DUVAL (31),JACKSONVILLE,1,January,6,Friday,2024,21,9:00pm-9:59pm,2,Urban,3,Other Principal Arterial,30.31305833,-81.58568333,3,Dark - Lighted,8,Pedestrian,1,Clear,1
12,Florida,120013,LEON (73),TALLAHASSEE,1,January,4,Wednesday,2024,17,5:00pm-5:59pm,2,Urban,5,Major Collector,30.51722778,-84.19978333,5,Dusk,12,Motor Vehicle In-Transport,2,Rain,1
12,Florida,120014,BROWARD (11),LAUDERDALE LAKES,1,January,4,Wednesday,2024,19,7:00pm-7:59pm,2,Urban,3,Other Principal Arterial,26.16534444,-80.19476111,2,Dark - Not Lighted,8,Pedestrian,1,Clear,1
12,Florida,120015,DUVAL (31),JACKSONVILLE,1,January,3,Tuesday,2024,1,1:00am-1:59am,2,Urban,5,Major Collector,30.49708889,-81.58788611,2,Dark - Not Lighted,8,Pedestrian,2,Rain,1
12,Florida,120016,MARTIN (85),NOT APPLICABLE,1,January,2,Monday,2024,18,6:00pm-6:59pm,2,Urban,3,Other Principal Arterial,27.10605,-80.16661389,5,Dusk,12,Motor Vehicle In-Transport,1,Clear,1
12,Florida,120017,COLUMBIA (23),NOT APPLICABLE,1,January,5,Thursday,2024,11,11:00am-11:59am,1,Rural,3,Other Principal Arterial,30.195775,-82.75832222,1,Daylight,12,Motor Vehicle In-Transport,1,Clear,2
12,Florida,120018,COLLIER (21),IMMOKALEE,1,January,5,Thursday,2024,19,7:00pm-7:59pm,1,Rural,3,Other Principal Arterial,26.08318056,-81.34466944,2,Dark - Not Lighted,12,Motor Vehicle In-Transport,1,Clear,1
12,Florida,120019,BROWARD (11),FORT LAUDERDALE,1,January,4,Wednesday,2024,23,11:00pm-11:59pm,2,Urban,6,Minor Collector,26.18585556,-80.10705,3,Dark - Lighted,33,Curb,1,Clear,1
12,Florida,120020,PASCO (101),NOT APPLICABLE,1,January,6,Friday,2024,20,8:00pm-8:59pm,2,Urban,3,Other Principal Arterial,28.19370278,-82.16551111,2,Dark - Not Lighted,12,Motor Vehicle In-Transport,1,Clear,1
12,Florida,120021,POLK (105),NOT APPLICABLE,1,January,2,Monday,2024,18,6:00pm-6:59pm,2,Urban,3,Other Principal Arterial,27.92750833,-82.03905,3,Dark - Lighted,12,Motor Vehicle In-Transport,10,Cloudy,1
12,Florida,120022,PASCO (101),NOT APPLICABLE,1,January,7,Saturday,2024,14,2:00pm-2:59pm,2,Urban,3,Other Principal Arterial,28.17409167,-82.7406,1,Daylight,12,Motor Vehicle In-Transport,1,Clear,1
12,Florida,120023,BROWARD (11),TAMARAC,1,January,2,Monday,2024,12,12:00pm-12:59pm,2,Urban,5,Major Collector,26.23000556,-80.24426389,1,Daylight,3,Immersion or Partial Immersion,1,Clear,1