STATE,STATENAME,ST_CASE,COUNTYNAME,CITYNAME,MONTH,MONTHNAME,DAY_WEEK,DAY_WEEKNAME,YEAR,HOUR,HOURNAME,RUR_URB,RUR_URBNAME,FUNC_SYS,FUNC_SYSNAME,LATITUDE,LONGITUD,LGT_COND,LGT_CONDNAME,HARM_EV,HARM_EVNAME,WEATHER,WEATHERNAME,FATALS
12,Florida,120150,BREVARD (9),NOT APPLICABLE,1,January,5,Thursday,2024,5,5:00am-5:59am,2,Urban,1,Interstate,28.5047,-80.84098889,3,Dark - Lighted,12,Motor Vehicle In-Transport,1,Clear,1
12,Florida,120151,ALACHUA (1),NOT APPLICABLE,1,January,7,Saturday,2024,15,3:00pm-3:59pm,1,Rural,1,Interstate,29.50455,-82.29832778,1,Daylight,12,Motor Vehicle In-Transport,1,Clear,1
12,Florida,120152,CLAY (19),NOT APPLICABLE,1,January,2,Monday,2024,18,6:00pm-6:59pm,1,Rural,4,Minor Arterial,29.97931111,-81.89778333,5,Dusk,12,Motor Vehicle In-Transport,1,Clear,1
12,Florida,120153,MANATEE (81),NOT APPLICABLE,1,January,3,Tuesday,2024,20,8:00pm-8:59pm,2,Urban,3,Other Principal Arterial,27.535225,-82.51039722,2,Dark - Not Lighted,8,Pedestrian,1,Clear,1
12,Florida,120154,BRADFORD (7),NOT APPLICABLE,1,January,5,Thursday,2024,6,6:00am-6:59am,2,Urban,3,Other Principal Arterial,30.10145,-82.05346944,2,Dark - Not Lighted,12,Motor Vehicle In-Transport,10,Cloudy,2
12,Florida,120155,LEE (71),NOT APPLICABLE,1,January,6,Friday,2024,22,10:00pm-10:59pm,2,Urban,4,Minor Arterial,26.48530278,-82.00010556,2,Dark - Not Lighted,59,Traffic Sign Support,1,Clear,1
12,Florida,120156,PINELLAS (103),CLEARWATER,1,January,6,Friday,2024,11,11:00am-11:59am,2,Urban,3,Other Principal Arterial,27.95690833,-82.73003611,1,Daylight,12,Motor Vehicle In-Transport,1,Clear,1
12,Florida,120157,PALM BEACH (99),ATLANTIS,1,January,6,Friday,2024,15,3:00pm-3:59pm,2,Urban,3,Other Principal Arterial,26.58823889,-80.09874167,1,Daylight,12,Motor Vehicle In-Transport,1,Clear,1
12,Florida,120158,BROWARD (11),CORAL SPRINGS,1,January,6,Friday,2024,22,10:00pm-10:59pm,2,Urban,3,Other Principal Arterial,26.27253056,-80.21837778,3,Dark - Lighted,33,Curb,1,Clear,1
12,Florida,120159,PALM BEACH (99),NOT APPLICABLE,1,January,1,Sunday,2024,3,3:00am-3:59am,2,Urban,3,Other Principal Arterial,26.69523889,-80.111575,3,Dark - Lighted,9,Pedalcyclist,1,Clear,1
12,Florida,120160,HILLSBOROUGH (57),TAMPA,1,January,2,Monday,2024,2,2:00am-2:59am,2,Urban,4,Minor Arterial,27.95373333,-82.41209167,2,Dark - Not Lighted,8,Pedestrian,1,Clear,1
12,Florida,120161,LEE (71),NOT APPLICABLE,1,January,2,Monday,2024,12,12:00pm-12:59pm,2,Urban,3,Other Principal Arterial,26.70130278,-81.76048611,1,Daylight,12,Motor Vehicle In-Transport,1,Clear,1
12,Florida,120162,PUTNAM (107),NOT APPLICABLE,1,January,5,Thursday,2024,17,5:00pm-5:59pm,1,Rural,3,Other Principal Arterial,29.56698889,-81.64984722,5,Dusk,9,Pedalcyclist,1,Clear,1
12,Florida,120163,POLK (105),WINTER HAVEN,1,January,5,Thursday,2024,5,5:00am-5:59am,2,Urban,5,Major Collector,27.96217778,-81.68395556,2,Dark - Not Lighted,12,Motor Vehicle In-Transport,1,Clear,1
12,Florida,120164,MIAMI-DADE (86),NOT APPLICABLE,1,January,6,Friday,2024,0,0:00am-0:59am,2,Urban,3,Other Principal Arterial,77.7777,777.7777,3,Dark - Lighted,46,Traffic Signal Support,2,Rain,1
12,Florida,120165,MIAMI-DADE (86),MIAMI GARDENS,1,January,3,Tuesday,2024,19,7:00pm-7:59pm,2,Urban,4,Minor Arterial,25.94214167,-80.21323611,3,Dark - Lighted,12,Motor Vehicle In-Transport,2,Rain,1
12,Florida,120166,ST JOHNS (109),NOT APPLICABLE,1,January,6,Friday,2024,19,7:00pm-7:59pm,2,Urban,3,Other Principal Arterial,29.85240556,-81.32282778,3,Dark - Lighted,12,Motor Vehicle In-Transport,1,Clear,1
12,Florida,120167,GADSDEN (39),MIDWAY,1,January,1,Sunday,2024,5,5:00am-5:59am,1,Rural,1,Interstate,30.492925,-84.434525,2,Dark - Not Lighted,42,Tree (Standing Only),1,Clear,1
12,Florida,120168,OSCEOLA (97),NOT APPLICABLE,1,January,2,Monday,2024,11,11:00am-11:59am,2,Urban,3,Other Principal Arterial,28.33348889,-81.56704444,9,Reported as Unknown,3,Immersion or Partial Immersion,8,Other,2
12,Florida,120169,SUMTER (119),NOT APPLICABLE,1,January,4,Wednesday,2024,18,6:00pm-6:59pm,1,Rural,4,Minor Arterial,28.3467,-82.05535556,2,Dark - Not Lighted,12,Motor Vehicle In-Transport,1,Clear,1
12,Florida,120170,VOLUSIA (127),NOT APPLICABLE,1,January,5,Thursday,2024,20,8:00pm-8:59pm,1,Rural,3,Other Principal Arterial,29.20524722,-81.36083889,2,Dark - Not Lighted,12,Motor Vehicle In-Transport,1,Clear,3
12,Florida,120171,HILLSBOROUGH (57),TAMPA,1,January,1,Sunday,2024,7,7:00am-7:59am,2,Urban,7,Local,28.03258333,-82.40178333,3,Dark - Lighted,15,Non-Motorist on Personal Conveyance,2,Rain,1
12,Florida,120172,POLK (105),NOT APPLICABLE,1,January,3,Tuesday,2024,18,6:00pm-6:59pm,2,Urban,5,Major Collector,27.97865556,-81.64201944,3,Dark - Lighted,12,Motor Vehicle In-Transport,1,Clear,1
12,Florida,120173,MIAMI-DADE (86),HOMESTEAD,1,January,2,Monday,2024,12,12:00pm-12:59pm,2,Urban,3,Other Principal Arterial,25.46618611,-80.47734167,1,Daylight,12,Motor Vehicle In-Transport,1,Clear,1
12,Florida,120174,GADSDEN (39),NOT APPLICABLE,1,January,6,Friday,2024,11,11:00am-11:59am,1,Rural,5,Major Collector,30.39373056,-84.68019722,1,Daylight,12,Motor Vehicle In-Transport,10,Cloudy,3
12,Florida,120175,LEON (73),NOT APPLICABLE,1,January,7,Saturday,2024,3,3:00am-3:59am,2,Urban,3,Other Principal Arterial,30.37611944,-84.29708056,2,Dark - Not Lighted,30,Utility Pole/Light Support,1,Clear,1
12,Florida,120176,WAKULLA (129),NOT APPLICABLE,1,January,5,Thursday,2024,14,2:00pm-2:59pm,1,Rural,4,Minor Arterial,30.23446667,-84.24107778,1,Daylight,8,Pedestrian,10,Cloudy,1
12,Florida,120177,LAKE (69),LEESBURG,1,January,3,Tuesday,2024,16,4:00pm-4:59pm,2,Urban,3,Other Principal Arterial,28.73551111,-81.86905278,1,Daylight,12,Motor Vehicle In-Transport,1,Clear,1
12,Florida,120178,LEE (71),NOT APPLICABLE,1,January,7,Saturday,2024,22,10:00pm-10:59pm,2,Urban,5,Major Collector,26.41839722,-81.80621389,2,Dark - Not Lighted,12,Motor Vehicle In-Transport,1,Clear,1
12,Florida,120179,COLLIER (21),NOT APPLICABLE,1,January,1,Sunday,2024,12,12:00pm-12:59pm,1,Rural,6,Minor Collector,26.34662222,-81.41681944,1,Daylight,35,Embankment,10,Cloudy,1
12,Florida,120180,JEFFERSON (65),NOT APPLICABLE,1,January,7,Saturday,2024,11,11:00am-11:59am,1,Rural,5,Major Collector,30.35848889,-83.9901,1,Daylight,12,Motor Vehicle In-Transport,1,Clear,1
12,Florida,120181,SARASOTA (115),SARASOTA,1,January,2,Monday,2024,18,6:00pm-6:59pm,2,Urban,3,Other Principal Arterial,27.29870278,-82.53055556,3,Dark - Lighted,9,Pedalcyclist,1,Clear,1
12,Florida,120182,PALM BEACH (99),JUPITER,1,January,7,Saturday,2024,22,10:00pm-10:59pm,2,Urban,5,Major Collector,26.93403611,-80.09708889,2,Dark - Not Lighted,8,Pedestrian,1,Clear,1
12,Florida,120183,BROWARD (11),POMPANO BEACH,1,January,3,Tuesday,2024,21,9:00pm-9:59pm,2,Urban,3,Other Principal Arterial,26.23168056,-80.12577778,3,Dark - Lighted,10,Railway Vehicle,1,Clear,1
12,Florida,120184,BREVARD (9),NOT APPLICABLE,1,January,3,Tuesday,2024,16,4:00pm-4:59pm,2,Urban,3,Other Principal Arterial,28.41702778,-80.75543889,1,Daylight,12,Motor Vehicle In-Transport,1,Clear,1
12,Florida,120185,POLK (105),NOT APPLICABLE,1,January,5,Thursday,2024,4,4:00am-4:59am,2,Urban,4,Minor Arterial,28.048,-81.85878889,3,Dark - Lighted,8,Pedestrian,1,Clear,1
12,Florida,120186,POLK (105),NOT APPLICABLE,1,January,4,Wednesday,2024,9,9:00am-9:59am,2,Urban,7,Local,28.18047778,-81.86035556,1,Daylight,30,Utility Pole/Light Support,1,Clear,1
12,Florida,120187,SARASOTA (115),SARASOTA,1,January,3,Tuesday,2024,18,6:00pm-6:59pm,2,Urban,7,Local,27.36721667,-82.54381944,3,Dark - Lighted,8,Pedestrian,10,Cloudy,1
12,Florida,120188,SEMINOLE (117),WINTER SPRINGS,1,January,1,Sunday,2024,22,10:00pm-10:59pm,2,Urban,4,Minor Arterial,28.7304,-81.30956389,3,Dark - Lighted,33,Curb,1,Clear,1
12,Florida,120189,SUMTER (119),WILDWOOD,1,January,3,Tuesday,2024,19,7:00pm-7:59pm,2,Urban,3,Other Principal Arterial,28.83973889,-82.01761944,2,Dark - Not Lighted,8,Pedestrian,2,Rain,1
12,Florida,120190,ORANGE (95),NOT APPLICABLE,1,January,3,Tuesday,2024,15,3:00pm-3:59pm,2,Urban,7,Local,28.54946111,-81.19367222,1,Daylight,8,Pedestrian,1,Clear,1
12,Florida,120191,OKALOOSA (91),NOT APPLICABLE,1,January,2,Monday,2024,21,9:00pm-9:59pm,1,Rural,1,Interstate,30.72133333,-86.47114722,2,Dark - Not Lighted,1,Rollover/Overturn,1,Clear,1
12,Florida,120192,PINELLAS (103),TARPON SPRINGS,1,January,3,Tuesday,2024,9,9:00am-9:59am,2,Urban,3,Other Principal Arterial,28.16197222,-82.74055278,1,Daylight,8,Pedestrian,1,Clear,1
12,Florida,120193,LEON (73),TALLAHASSEE,1,January,5,Thursday,2024,15,3:00pm-3:59pm,2,Urban,3,Other Principal Arterial,30.46773333,-84.28555833,1,Daylight,8,Pedestrian,1,Clear,1
12,Florida,120194,MIAMI-DADE (86),HIALEAH GARDENS,2,February,6,Friday,2024,20,8:00pm-8:59pm,2,Urban,3,Other Principal Arterial,25.88658611,-80.365675,3,Dark - Lighted,12,Motor Vehicle In-Transport,1,Clear,1
12,Florida,120195,POLK (105),LAKELAND,2,February,7,Saturday,2024,6,6:00am-6:59am,2,Urban,3,Other Principal Arterial,28.03670556,-82.01283333,2,Dark - Not Lighted,12,Motor Vehicle In-Transport,5,"Fog, Smog, Smoke",1
12,Florida,120196,MIAMI-DADE (86),MIAMI,2,February,7,Saturday,2024,23,11:00pm-11:59pm,2,Urban,3,Other Principal Arterial,25.82538611,-80.19188611,3,Dark - Lighted,9,Pedalcyclist,1,Clear,1
12,Florida,120197,PASCO (101),NOT APPLICABLE,1,January,7,Saturday,2024,20,8:00pm-8:59pm,1,Rural,5,Major Collector,28.35778889,-82.35809167,2,Dark - Not Lighted,12,Motor Vehicle In-Transport,1,Clear,1
12,Florida,120198,ALACHUA (1),GAINESVILLE,2,February,1,Sunday,2024,21,9:00pm-9:59pm,2,Urban,3,Other Principal Arterial,29.62214444,-82.32680833,2,Dark - Not Lighted,12,Motor Vehicle In-Transport,1,Clear,1
12,Florida,120199,MIAMI-DADE (86),NOT APPLICABLE,1,January,3,Tuesday,2024,6,6:00am-6:59am,2,Urban,5,Major Collector,25.49963889,-80.41244444,4,Dawn,12,Motor Vehicle In-Transport,1,Clear,1
12,Florida,120200,DUVAL (31),JACKSONVILLE,1,January,3,Tuesday,2024,13,1:00pm-1:59pm,2,Urban,4,Minor Arterial,30.31280278,-81.86222222,1,Daylight,42,Tree (Standing Only),10,Cloudy,1
12,Florida,120201,GULF (45),WEWAHITCHKA,1,January,6,Friday,2024,19,7:00pm-7:59pm,1,Rural,4,Minor Arterial,30.13681111,-85.37771944,2,Dark - Not Lighted,12,Motor Vehicle In-Transport,1,Clear,1
12,Florida,120202,BROWARD (11),POMPANO BEACH,1,January,7,Saturday,2024,2,2:00am-2:59am,2,Urban,4,Minor Arterial,26.21087222,-80.13276944,3,Dark - Lighted,33,Curb,1,Clear,1
12,Florida,120203,COLLIER (21),NOT APPLICABLE,1,January,1,Sunday,2024,23,11:00pm-11:59pm,1,Rural,4,Minor Arterial,26.36776111,-81.43775,2,Dark - Not Lighted,12,Motor Vehicle In-Transport,1,Clear,2
12,Florida,120204,LEE (71),NOT APPLICABLE,1,January,5,Thursday,2024,21,9:00pm-9:59pm,2,Urban,4,Minor Arterial,26.50115556,-81.94349444,3,Dark - Lighted,12,Motor Vehicle In-Transport,1,Clear,2
12,Florida,120205,SEMINOLE (117),SANFORD,1,January,1,Sunday,2024,2,2:00am-2:59am,2,Urban,3,Other Principal Arterial,28.77634444,-81.27658056,3,Dark - Lighted,12,Motor Vehicle In-Transport,1,Clear,1
12,Florida,120206,LEVY (75),NOT APPLICABLE,1,January,3,Tuesday,2024,6,6:00am-6:59am,1,Rural,5,Major Collector,29.20848056,-82.58261111,2,Dark - Not Lighted,18,Other Object (not fixed),5,"Fog, Smog, Smoke",1
12,Florida,120207,MARION (83),NOT APPLICABLE,1,January,4,Wednesday,2024,9,9:00am-9:59am,2,Urban,1,Interstate,29.26106389,-82.19093611,1,Daylight,14,Parked Motor Vehicle,1,Clear,1
12,Florida,120208,MARION (83),NOT APPLICABLE,2,February,5,Thursday,2024,14,2:00pm-2:59pm,1,Rural,3,Other Principal Arterial,29.17627778,-81.83296944,1,Daylight,12,Motor Vehicle In-Transport,1,Clear,4
12,Florida,120210,ORANGE (95),NOT APPLICABLE,2,February,6,Friday,2024,18,6:00pm-6:59pm,2,Urban,3,Other Principal Arterial,28.423975,-81.40459167,3,Dark - Lighted,8,Pedestrian,1,Clear,1
12,Florida,120212,PASCO (101),NOT APPLICABLE,2,February,6,Friday,2024,14,2:00pm-2:59pm,1,Rural,3,Other Principal Arterial,28.41139167,-82.4745,1,Daylight,35,Embankment,1,Clear,1
12,Florida,120213,PINELLAS (103),LARGO,1,January,1,Sunday,2024,5,5:00am-5:59am,2,Urban,4,Minor Arterial,27.91652778,-82.76246389,3,Dark - Lighted,12,Motor Vehicle In-Transport,10,Cloudy,2
12,Florida,120214,MIAMI-DADE (86),NORTH MIAMI BEACH,2,February,2,Monday,2024,1,1:00am-1:59am,2,Urban,3,Other Principal Arterial,25.93661667,-80.15046389,3,Dark - Lighted,8,Pedestrian,1,Clear,1
12,Florida,120215,BAY (5),PANAMA CITY BEACH,1,January,5,Thursday,2024,0,0:00am-0:59am,1,Rural,3,Other Principal Arterial,30.24849722,-85.87973333,2,Dark - Not Lighted,8,Pedestrian,10,Cloudy,1
12,Florida,120216,ESCAMBIA (33),NOT APPLICABLE,1,January,6,Friday,2024,20,8:00pm-8:59pm,1,Rural,3,Other Principal Arterial,30.68041667,-87.35095278,2,Dark - Not Lighted,12,Motor Vehicle In-Transport,10,Cloudy,1
12,Florida,120217,HILLSBOROUGH (57),TAMPA,1,January,4,Wednesday,2024,21,9:00pm-9:59pm,2,Urban,3,Other Principal Arterial,28.03261667,-82.42664444,3,Dark - Lighted,12,Motor Vehicle In-Transport,1,Clear,1
12,Florida,120219,CHARLOTTE (15),NOT APPLICABLE,2,February,3,Tuesday,2024,3,3:00am-3:59am,1,Rural,3,Other Principal Arterial,26.93338056,-82.22636944,2,Dark - Not Lighted,8,Pedestrian,1,Clear,1
12,Florida,120220,POLK (105),NOT APPLICABLE,1,January,3,Tuesday,2024,5,5:00am-5:59am,2,Urban,6,Minor Collector,28.04339722,-81.76793611,4,Dawn,15,Non-Motorist on Personal Conveyance,1,Clear,1
12,Florida,120221,VOLUSIA (127),NOT APPLICABLE,1,January,3,Tuesday,2024,12,12:00pm-12:59pm,1,Rural,3,Other Principal Arterial,29.33958889,-81.49903889,1,Daylight,12,Motor Vehicle In-Transport,1,Clear,1
12,Florida,120222,BROWARD (11),POMPANO BEACH,1,January,1,Sunday,2024,1,1:00am-1:59am,2,Urban,1,Interstate,26.23166111,-80.13463056,3,Dark - Lighted,20,Impact Attenuator/Crash Cushion,1,Clear,1
12,Florida,120223,MIAMI-DADE (86),NOT APPLICABLE,1,January,6,Friday,2024,2,2:00am-2:59am,2,Urban,4,Minor Arterial,25.89972778,-80.21142778,3,Dark - Lighted,12,Motor Vehicle In-Transport,1,Clear,1
12,Florida,120224,HARDEE (49),WAUCHULA,1,January,1,Sunday,2024,17,5:00pm-5:59pm,2,Urban,5,Major Collector,27.53228333,-81.80939444,1,Daylight,12,Motor Vehicle In-Transport,10,Cloudy,1
12,Florida,120225,CHARLOTTE (15),NOT APPLICABLE,1,January,2,Monday,2024,18,6:00pm-6:59pm,2,Urban,3,Other Principal Arterial,26.88195556,-82.01444444,2,Dark - Not Lighted,12,Motor Vehicle In-Transport,1,Clear,1
12,Florida,120226,PASCO (101),NOT APPLICABLE,1,January,3,Tuesday,2024,13,1:00pm-1:59pm,2,Urban,3,Other Principal Arterial,28.19844444,-82.33050278,1,Daylight,12,Motor Vehicle In-Transport,1,Clear,1
12,Florida,120227,ALACHUA (1),NOT APPLICABLE,2,February,6,Friday,2024,10,10:00am-10:59am,1,Rural,3,Other Principal Arterial,29.60047222,-82.14700278,1,Daylight,52,Guardrail End,1,Clear,1
12,Florida,120228,MIAMI-DADE (86),MIAMI,2,February,6,Friday,2024,18,6:00pm-6:59pm,2,Urban,5,Major Collector,25.82956667,-80.20024167,5,Dusk,12,Motor Vehicle In-Transport,1,Clear,1
12,Florida,120229,PINELLAS (103),DUNEDIN,1,January,3,Tuesday,2024,19,7:00pm-7:59pm,2,Urban,3,Other Principal Arterial,27.83783333,-82.787,3,Dark - Lighted,12,Motor Vehicle In-Transport,1,Clear,1
12,Florida,120230,DUVAL (31),JACKSONVILLE,1,January,4,Wednesday,2024,5,5:00am-5:59am,2,Urban,1,Interstate,30.39029444,-81.55932222,3,Dark - Lighted,12,Motor Vehicle In-Transport,1,Clear,1
12,Florida,120231,DUVAL (31),JACKSONVILLE,2,February,5,Thursday,2024,2,2:00am-2:59am,2,Urban,7,Local,30.33274722,-81.65838889,3,Dark - Lighted,8,Pedestrian,1,Clear,1
12,Florida,120232,MIAMI-DADE (86),MIAMI,1,January,6,Friday,2024,3,3:00am-3:59am,2,Urban,2,Other Freeways and Expressways,25.671025,-80.36650833,6,Dark - Unknown Lighting,39,Wall,10,Cloudy,1
12,Florida,120233,MIAMI-DADE (86),NOT APPLICABLE,1,January,2,Monday,2024,4,4:00am-4:59am,2,Urban,5,Major Collector,25.50592778,-80.41253333,3,Dark - Lighted,9,Pedalcyclist,1,Clear,1
12,Florida,120234,MIAMI-DADE (86),NOT APPLICABLE,1,January,2,Monday,2024,12,12:00pm-12:59pm,2,Urban,2,Other Freeways and Expressways,25.82644167,-80.32045556,1,Daylight,33,Curb,10,Cloudy,1
12,Florida,120235,POLK (105),NOT APPLICABLE,1,January,4,Wednesday,2024,10,10:00am-10:59am,2,Urban,3,Other Principal Arterial,27.98963611,-81.89444167,1,Daylight,9,Pedalcyclist,1,Clear,1
12,Florida,120236,VOLUSIA (127),ORMOND BEACH,1,January,2,Monday,2024,18,6:00pm-6:59pm,2,Urban,3,Other Principal Arterial,29.28919722,-81.03864444,3,Dark - Lighted,8,Pedestrian,1,Clear,1
12,Florida,120237,MARION (83),NOT APPLICABLE,2,February,6,Friday,2024,9,9:00am-9:59am,1,Rural,5,Major Collector,29.32166944,-81.78386944,1,Daylight,12,Motor Vehicle In-Transport,1,Clear,1
12,Florida,120238,MIAMI-DADE (86),HOMESTEAD,2,February,1,Sunday,2024,19,7:00pm-7:59pm,2,Urban,5,Major Collector,25.46612778,-80.48391389,3,Dark - Lighted,8,Pedestrian,1,Clear,1
12,Florida,120239,MARION (83),NOT APPLICABLE,2,February,2,Monday,2024,13,1:00pm-1:59pm,2,Urban,4,Minor Arterial,29.13407222,-82.16900833,1,Daylight,31,"Post, Pole or Other Supports",10,Cloudy,1
12,Florida,120240,PINELLAS (103),SAINT PETERSBURG,1,January,4,Wednesday,2024,7,7:00am-7:59am,2,Urban,7,Local,27.84173889,-82.65916667,4,Dawn,9,Pedalcyclist,1,Clear,1
12,Florida,120241,BROWARD (11),PLANTATION,1,January,1,Sunday,2024,2,2:00am-2:59am,2,Urban,2,Other Freeways and Expressways,26.14203056,-80.21942222,3,Dark - Lighted,12,Motor Vehicle In-Transport,1,Clear,1
12,Florida,120242,HILLSBOROUGH (57),NOT APPLICABLE,1,January,6,Friday,2024,18,6:00pm-6:59pm,1,Rural,3,Other Principal Arterial,27.93754444,-82.17043056,5,Dusk,12,Motor Vehicle In-Transport,1,Clear,1
12,Florida,120243,DUVAL (31),JACKSONVILLE,1,January,6,Friday,2024,14,2:00pm-2:59pm,2,Urban,1,Interstate,30.19146111,-81.69763333,1,Daylight,12,Motor Vehicle In-Transport,1,Clear,1
12,Florida,120244,POLK (105),LAKELAND,1,January,7,Saturday,2024,0,0:00am-0:59am,2,Urban,1,Interstate,28.13799444,-81.90594722,3,Dark - Lighted,12,Motor Vehicle In-Transport,1,Clear,1
12,Florida,120245,PINELLAS (103),NOT APPLICABLE,2,February,5,Thursday,2024,5,5:00am-5:59am,2,Urban,3,Other Principal Arterial,28.14364722,-82.69591389,3,Dark - Lighted,12,Motor Vehicle In-Transport,10,Cloudy,1
12,Florida,120246,MARTIN (85),PALM CITY,2,February,2,Monday,2024,7,7:00am-7:59am,2,Urban,4,Minor Arterial,27.16512222,-80.32825833,1,Daylight,33,Curb,2,Rain,1
12,Florida,120248,LEE (71),CAPE CORAL,2,February,3,Tuesday,2024,10,10:00am-10:59am,2,Urban,5,Major Collector,26.56281389,-81.98243611,1,Daylight,12,Motor Vehicle In-Transport,1,Clear,1
12,Florida,120249,PASCO (101),NOT APPLICABLE,1,January,6,Friday,2024,18,6:00pm-6:59pm,1,Rural,5,Major Collector,28.35165833,-82.358025,2,Dark - Not Lighted,12,Motor Vehicle In-Transport,1,Clear,1
12,Florida,120250,LEE (71),BONITA SPRINGS,2,February,5,Thursday,2024,19,7:00pm-7:59pm,2,Urban,3,Other Principal Arterial,26.33406944,-81.806275,3,Dark - Lighted,12,Motor Vehicle In-Transport,1,Clear,1
12,Florida,120251,ORANGE (95),APOPKA,2,February,7,Saturday,2024,11,11:00am-11:59am,2,Urban,3,Other Principal Arterial,28.65474722,-81.50597778,1,Daylight,9,Pedalcyclist,1,Clear,1
12,Florida,120252,CITRUS (17),NOT APPLICABLE,2,February,1,Sunday,2024,14,2:00pm-2:59pm,1,Rural,3,Other Principal Arterial,28.9874,-82.35086111,1,Daylight,12,Motor Vehicle In-Transport,1,Clear,1
12,Florida,120253,DUVAL (31),JACKSONVILLE,2,February,7,Saturday,2024,23,11:00pm-11:59pm,2,Urban,4,Minor Arterial,30.35200833,-81.58390833,2,Dark - Not Lighted,12,Motor Vehicle In-Transport,1,Clear,1
12,Florida,120254,PALM BEACH (99),NOT APPLICABLE,2,February,1,Sunday,2024,3,3:00am-3:59am,2,Urban,3,Other Principal Arterial,26.44329167,-80.12238056,3,Dark - Lighted,12,Motor Vehicle In-Transport,1,Clear,1
12,Florida,120255,PALM BEACH (99),NOT APPLICABLE,2,February,2,Monday,2024,1,1:00am-1:59am,2,Urban,4,Minor Arterial,26.69263056,-80.13016389,3,Dark - Lighted,12,Motor Vehicle In-Transport,1,Clear,1
12,Florida,120256,BROWARD (11),Other,2,February,5,Thursday,2024,21,9:00pm-9:59pm,2,Urban,3,Other Principal Arterial,26.23544722,-80.199575,3,Dark - Lighted,9,Pedalcyclist,1,Clear,1
12,Florida,120257,PALM BEACH (99),NOT APPLICABLE,2,February,3,Tuesday,2024,18,6:00pm-6:59pm,2,Urban,6,Minor Collector,26.78006667,-80.26379444,5,Dusk,12,Motor Vehicle In-Transport,1,Clear,1
12,Florida,120258,OKALOOSA (91),NOT APPLICABLE,1,January,1,Sunday,2024,20,8:00pm-8:59pm,2,Urban,3,Other Principal Arterial,30.4406,-86.59855,3,Dark - Lighted,8,Pedestrian,1,Clear,1
12,Florida,120259,ORANGE (95),Other,1,January,2,Monday,2024,22,10:00pm-10:59pm,2,Urban,5,Major Collector,28.50190556,-81.61186389,2,Dark - Not Lighted,38,Fence,2,Rain,1
12,Florida,120260,POLK (105),NOT APPLICABLE,1,January,7,Saturday,2024,0,0:00am-0:59am,2,Urban,3,Other Principal Arterial,27.99925833,-81.68978889,2,Dark - Not Lighted,12,Motor Vehicle In-Transport,1,Clear,1
12,Florida,120261,WALTON (131),NOT APPLICABLE,1,January,4,Wednesday,2024,10,10:00am-10:59am,1,Rural,3,Other Principal Arterial,30.49320833,-86.22196667,1,Daylight,12,Motor Vehicle In-Transport,1,Clear,1
12,Florida,120262,SUWANNEE (121),NOT APPLICABLE,2,February,2,Monday,2024,20,8:00pm-8:59pm,1,Rural,1,Interstate,30.31736111,-82.80695556,3,Dark - Lighted,50,Bridge Overhead Structure,1,Clear,1
12,Florida,120263,UNION (125),NOT APPLICABLE,2,February,4,Wednesday,2024,5,5:00am-5:59am,1,Rural,4,Minor Arterial,30.07746667,-82.21625,2,Dark - Not Lighted,12,Motor Vehicle In-Transport,1,Clear,1
12,Florida,120264,PINELLAS (103),CLEARWATER,2,February,6,Friday,2024,14,2:00pm-2:59pm,2,Urban,4,Minor Arterial,27.98306389,-82.74625556,1,Daylight,12,Motor Vehicle In-Transport,1,Clear,1
12,Florida,120265,HILLSBOROUGH (57),TAMPA,2,February,6,Friday,2024,19,7:00pm-7:59pm,2,Urban,4,Minor Arterial,28.04351111,-82.41624722,3,Dark - Lighted,8,Pedestrian,1,Clear,1
12,Florida,120266,PINELLAS (103),NOT APPLICABLE,2,February,6,Friday,2024,19,7:00pm-7:59pm,2,Urban,3,Other Principal Arterial,28.13298333,-82.74022778,3,Dark - Lighted,12,Motor Vehicle In-Transport,1,Clear,1
12,Florida,120267,POLK (105),LAKELAND,2,February,1,Sunday,2024,5,5:00am-5:59am,2,Urban,3,Other Principal Arterial,28.04972222,-81.95468056,3,Dark - Lighted,8,Pedestrian,1,Clear,1
12,Florida,120268,LEE (71),FORT MYERS,2,February,1,Sunday,2024,2,2:00am-2:59am,2,Urban,3,Other Principal Arterial,26.6579,-81.88240556,3,Dark - Lighted,12,Motor Vehicle In-Transport,1,Clear,1
12,Florida,120269,VOLUSIA (127),NEW SMYRNA BEACH,2,February,4,Wednesday,2024,20,8:00pm-8:59pm,1,Rural,3,Other Principal Arterial,29.01163611,-81.03758333,2,Dark - Not Lighted,9,Pedalcyclist,1,Clear,1
12,Florida,120270,VOLUSIA (127),NOT APPLICABLE,1,January,6,Friday,2024,16,4:00pm-4:59pm,1,Rural,3,Other Principal Arterial,29.21378611,-81.34334722,1,Daylight,12,Motor Vehicle In-Transport,1,Clear,1
12,Florida,120271,SARASOTA (115),NOT APPLICABLE,1,January,1,Sunday,2024,0,0:00am-0:59am,2,Urban,3,Other Principal Arterial,27.30073056,-82.44773056,3,Dark - Lighted,43,Other Fixed Object,1,Clear,1