STATE,STATENAME,ST_CASE,COUNTYNAME,CITYNAME,MONTH,MONTHNAME,DAY_WEEK,DAY_WEEKNAME,YEAR,HOUR,HOURNAME,RUR_URB,RUR_URBNAME,FUNC_SYS,FUNC_SYSNAME,LATITUDE,LONGITUD,LGT_COND,LGT_CONDNAME,HARM_EV,HARM_EVNAME,WEATHER,WEATHERNAME,FATALS
12,Florida,120272,MARION (83),OCALA,1,January,5,Thursday,2024,18,6:00pm-6:59pm,2,Urban,4,Minor Arterial,29.187075,-82.13703056,3,Dark - Lighted,8,Pedestrian,1,Clear,1
12,Florida,120273,MIAMI-DADE (86),NOT APPLICABLE,1,January,5,Thursday,2024,18,6:00pm-6:59pm,2,Urban,5,Major Collector,25.75509722,-80.32938056,2,Dark - Not Lighted,8,Pedestrian,1,Clear,1
12,Florida,120274,VOLUSIA (127),DAYTONA BEACH,1,January,7,Saturday,2024,3,3:00am-3:59am,2,Urban,4,Minor Arterial,29.23432778,-81.015875,3,Dark - Lighted,8,Pedestrian,1,Clear,1
12,Florida,120275,GILCHRIST (41),NOT APPLICABLE,2,February,1,Sunday,2024,5,5:00am-5:59am,1,Rural,3,Other Principal Arterial,29.61245,-82.89185,2,Dark - Not Lighted,12,Motor Vehicle In-Transport,1,Clear,1
12,Florida,120276,BREVARD (9),NOT APPLICABLE,2,February,7,Saturday,2024,21,9:00pm-9:59pm,2,Urban,1,Interstate,28.67274167,-80.87243611,2,Dark - Not Lighted,14,Parked Motor Vehicle,1,Clear,1
12,Florida,120277,MARION (83),NOT APPLICABLE,2,February,2,Monday,2024,0,0:00am-0:59am,1,Rural,7,Local,28.99301944,-82.07026111,6,Dark - Unknown Lighting,1,Rollover/Overturn,10,Cloudy,1
12,Florida,120278,MIAMI-DADE (86),NOT APPLICABLE,2,February,3,Tuesday,2024,6,6:00am-6:59am,2,Urban,4,Minor Arterial,25.82425278,-80.23259167,4,Dawn,12,Motor Vehicle In-Transport,1,Clear,1
12,Florida,120279,SARASOTA (115),NOT APPLICABLE,2,February,6,Friday,2024,4,4:00am-4:59am,2,Urban,3,Other Principal Arterial,27.12293889,-82.45349722,2,Dark - Not Lighted,8,Pedestrian,1,Clear,1
12,Florida,120280,PALM BEACH (99),BOYNTON BEACH,2,February,1,Sunday,2024,20,8:00pm-8:59pm,2,Urban,6,Minor Collector,26.53253333,-80.06424444,3,Dark - Lighted,12,Motor Vehicle In-Transport,1,Clear,1
12,Florida,120281,VOLUSIA (127),PORT ORANGE,2,February,1,Sunday,2024,11,11:00am-11:59am,2,Urban,3,Other Principal Arterial,29.14652222,-80.979575,1,Daylight,8,Pedestrian,10,Cloudy,1
12,Florida,120282,MIAMI-DADE (86),MIAMI,2,February,3,Tuesday,2024,20,8:00pm-8:59pm,2,Urban,4,Minor Arterial,25.77839167,-80.27895556,3,Dark - Lighted,12,Motor Vehicle In-Transport,1,Clear,1
12,Florida,120283,DUVAL (31),JACKSONVILLE,2,February,2,Monday,2024,17,5:00pm-5:59pm,2,Urban,3,Other Principal Arterial,30.53738889,-81.62153889,5,Dusk,12,Motor Vehicle In-Transport,2,Rain,1
12,Florida,120284,ORANGE (95),ORLANDO,2,February,1,Sunday,2024,16,4:00pm-4:59pm,2,Urban,4,Minor Arterial,28.49704167,-81.44080556,1,Daylight,42,Tree (Standing Only),1,Clear,1
12,Florida,120285,LAKE (69),LEESBURG,2,February,6,Friday,2024,10,10:00am-10:59am,2,Urban,3,Other Principal Arterial,28.75843056,-81.87905278,1,Daylight,12,Motor Vehicle In-Transport,1,Clear,1
12,Florida,120286,HIGHLANDS (55),NOT APPLICABLE,2,February,4,Wednesday,2024,9,9:00am-9:59am,2,Urban,4,Minor Arterial,27.47482778,-81.48614167,1,Daylight,9,Pedalcyclist,1,Clear,1
12,Florida,120287,BROWARD (11),LAUDERHILL,1,January,7,Saturday,2024,19,7:00pm-7:59pm,2,Urban,5,Major Collector,26.12131944,-80.18571667,2,Dark - Not Lighted,8,Pedestrian,1,Clear,1
12,Florida,120288,NASSAU (89),NOT APPLICABLE,1,January,7,Saturday,2024,6,6:00am-6:59am,1,Rural,3,Other Principal Arterial,30.65796944,-81.63066111,2,Dark - Not Lighted,12,Motor Vehicle In-Transport,5,"Fog, Smog, Smoke",1
12,Florida,120289,BROWARD (11),FORT LAUDERDALE,2,February,5,Thursday,2024,7,7:00am-7:59am,2,Urban,5,Major Collector,26.12216667,-80.15048611,1,Daylight,9,Pedalcyclist,1,Clear,1
12,Florida,120290,LEVY (75),NOT APPLICABLE,2,February,3,Tuesday,2024,9,9:00am-9:59am,1,Rural,5,Major Collector,29.27625,-82.61935556,1,Daylight,9,Pedalcyclist,1,Clear,1
12,Florida,120292,DUVAL (31),NOT APPLICABLE,2,February,6,Friday,2024,10,10:00am-10:59am,2,Urban,1,Interstate,30.33578056,-81.76136111,1,Daylight,24,Guardrail Face,1,Clear,1
12,Florida,120293,NASSAU (89),NOT APPLICABLE,2,February,6,Friday,2024,15,3:00pm-3:59pm,1,Rural,5,Major Collector,30.66298611,-81.78697222,1,Daylight,1,Rollover/Overturn,1,Clear,1
12,Florida,120294,ALACHUA (1),NOT APPLICABLE,2,February,7,Saturday,2024,18,6:00pm-6:59pm,2,Urban,3,Other Principal Arterial,29.76856944,-82.42131111,2,Dark - Not Lighted,12,Motor Vehicle In-Transport,1,Clear,1
12,Florida,120295,LEON (73),NOT APPLICABLE,2,February,1,Sunday,2024,23,11:00pm-11:59pm,2,Urban,4,Minor Arterial,30.46683056,-84.36131111,6,Dark - Unknown Lighting,8,Pedestrian,1,Clear,1
12,Florida,120297,PINELLAS (103),CLEARWATER,1,January,1,Sunday,2024,21,9:00pm-9:59pm,2,Urban,4,Minor Arterial,27.96061667,-82.75214444,3,Dark - Lighted,8,Pedestrian,1,Clear,1
12,Florida,120298,SEMINOLE (117),OVIEDO,2,February,4,Wednesday,2024,16,4:00pm-4:59pm,2,Urban,4,Minor Arterial,28.6187,-81.26613889,1,Daylight,9,Pedalcyclist,1,Clear,1
12,Florida,120299,SEMINOLE (117),SANFORD,2,February,5,Thursday,2024,18,6:00pm-6:59pm,1,Rural,3,Other Principal Arterial,28.78686111,-81.20608889,3,Dark - Lighted,12,Motor Vehicle In-Transport,1,Clear,1
12,Florida,120300,MIAMI-DADE (86),HOMESTEAD,2,February,1,Sunday,2024,21,9:00pm-9:59pm,2,Urban,4,Minor Arterial,25.48857778,-80.47748333,3,Dark - Lighted,8,Pedestrian,1,Clear,1
12,Florida,120301,DUVAL (31),JACKSONVILLE,2,February,4,Wednesday,2024,2,2:00am-2:59am,2,Urban,7,Local,30.24743056,-81.81993056,3,Dark - Lighted,14,Parked Motor Vehicle,1,Clear,1
12,Florida,120302,HARDEE (49),NOT APPLICABLE,1,January,3,Tuesday,2024,3,3:00am-3:59am,1,Rural,3,Other Principal Arterial,27.48489722,-81.84878889,3,Dark - Lighted,8,Pedestrian,5,"Fog, Smog, Smoke",1
12,Florida,120303,OKALOOSA (91),NOT APPLICABLE,1,January,7,Saturday,2024,19,7:00pm-7:59pm,1,Rural,7,Local,30.69743056,-86.71153056,3,Dark - Lighted,12,Motor Vehicle In-Transport,1,Clear,1
12,Florida,120304,MANATEE (81),NOT APPLICABLE,1,January,3,Tuesday,2024,16,4:00pm-4:59pm,2,Urban,3,Other Principal Arterial,27.47092222,-82.56303611,1,Daylight,12,Motor Vehicle In-Transport,1,Clear,1
12,Florida,120306,CHARLOTTE (15),NOT APPLICABLE,2,February,5,Thursday,2024,19,7:00pm-7:59pm,2,Urban,4,Minor Arterial,26.932725,-82.27959722,2,Dark - Not Lighted,12,Motor Vehicle In-Transport,1,Clear,1
12,Florida,120307,JEFFERSON (65),NOT APPLICABLE,2,February,2,Monday,2024,18,6:00pm-6:59pm,1,Rural,3,Other Principal Arterial,30.54210833,-83.90849167,2,Dark - Not Lighted,30,Utility Pole/Light Support,1,Clear,1
12,Florida,120308,MANATEE (81),NOT APPLICABLE,2,February,3,Tuesday,2024,15,3:00pm-3:59pm,1,Rural,3,Other Principal Arterial,27.59820278,-82.28521667,1,Daylight,12,Motor Vehicle In-Transport,1,Clear,1
12,Florida,120309,DUVAL (31),JACKSONVILLE,2,February,6,Friday,2024,21,9:00pm-9:59pm,2,Urban,3,Other Principal Arterial,30.31783889,-81.55653611,3,Dark - Lighted,12,Motor Vehicle In-Transport,1,Clear,1
12,Florida,120310,BROWARD (11),COCONUT CREEK,1,January,1,Sunday,2024,5,5:00am-5:59am,2,Urban,3,Other Principal Arterial,26.32027222,-80.20262222,2,Dark - Not Lighted,12,Motor Vehicle In-Transport,1,Clear,1
12,Florida,120311,LEE (71),NOT APPLICABLE,1,January,1,Sunday,2024,17,5:00pm-5:59pm,1,Rural,3,Other Principal Arterial,26.71105,-81.640075,1,Daylight,5,Fell/Jumped from Vehicle,1,Clear,1
12,Florida,120313,SARASOTA (115),NOT APPLICABLE,2,February,7,Saturday,2024,18,6:00pm-6:59pm,1,Rural,1,Interstate,27.13084444,-82.40493333,2,Dark - Not Lighted,34,Ditch,1,Clear,1
12,Florida,120314,MIAMI-DADE (86),NOT APPLICABLE,2,February,7,Saturday,2024,20,8:00pm-8:59pm,2,Urban,3,Other Principal Arterial,25.76534722,-80.23790278,3,Dark - Lighted,8,Pedestrian,1,Clear,1
12,Florida,120315,POLK (105),WINTER HAVEN,2,February,5,Thursday,2024,23,11:00pm-11:59pm,2,Urban,3,Other Principal Arterial,27.98750278,-81.74878889,2,Dark - Not Lighted,9,Pedalcyclist,1,Clear,1
12,Florida,120316,HERNANDO (53),BROOKSVILLE,2,February,2,Monday,2024,6,6:00am-6:59am,2,Urban,3,Other Principal Arterial,28.54234167,-82.40263889,2,Dark - Not Lighted,24,Guardrail Face,1,Clear,1
12,Florida,120317,PASCO (101),NOT APPLICABLE,2,February,6,Friday,2024,10,10:00am-10:59am,2,Urban,3,Other Principal Arterial,28.29162222,-82.187825,1,Daylight,12,Motor Vehicle In-Transport,1,Clear,1
12,Florida,120318,SUMTER (119),NOT APPLICABLE,2,February,7,Saturday,2024,3,3:00am-3:59am,2,Urban,3,Other Principal Arterial,28.95542222,-82.03994444,6,Dark - Unknown Lighting,8,Pedestrian,10,Cloudy,1
12,Florida,120319,PALM BEACH (99),NOT APPLICABLE,2,February,7,Saturday,2024,20,8:00pm-8:59pm,2,Urban,3,Other Principal Arterial,26.45379444,-80.16105,3,Dark - Lighted,12,Motor Vehicle In-Transport,1,Clear,1
12,Florida,120320,OKALOOSA (91),NOT APPLICABLE,2,February,6,Friday,2024,23,11:00pm-11:59pm,2,Urban,3,Other Principal Arterial,30.47323889,-86.40220833,2,Dark - Not Lighted,12,Motor Vehicle In-Transport,10,Cloudy,1
12,Florida,120321,ORANGE (95),NOT APPLICABLE,1,January,6,Friday,2024,20,8:00pm-8:59pm,2,Urban,3,Other Principal Arterial,28.48799444,-81.39670833,3,Dark - Lighted,8,Pedestrian,1,Clear,1
12,Florida,120322,ORANGE (95),NOT APPLICABLE,1,January,1,Sunday,2024,10,10:00am-10:59am,2,Urban,3,Other Principal Arterial,28.56541944,-81.14832778,1,Daylight,12,Motor Vehicle In-Transport,10,Cloudy,1
12,Florida,120323,MANATEE (81),NOT APPLICABLE,2,February,3,Tuesday,2024,20,8:00pm-8:59pm,1,Rural,3,Other Principal Arterial,27.47135,-82.57538056,3,Dark - Lighted,33,Curb,1,Clear,1
12,Florida,120325,SEMINOLE (117),SANFORD,2,February,1,Sunday,2024,17,5:00pm-5:59pm,2,Urban,4,Minor Arterial,28.78663333,-81.28373611,1,Daylight,8,Pedestrian,1,Clear,1
12,Florida,120326,ALACHUA (1),NOT APPLICABLE,2,February,3,Tuesday,2024,1,1:00am-1:59am,2,Urban,4,Minor Arterial,29.70298611,-82.27924444,2,Dark - Not Lighted,8,Pedestrian,1,Clear,1
12,Florida,120327,MARION (83),NOT APPLICABLE,2,February,1,Sunday,2024,8,8:00am-8:59am,1,Rural,4,Minor Arterial,29.29894167,-82.19231667,9,Reported as Unknown,8,Pedestrian,8,Other,1
12,Florida,120328,PINELLAS (103),SEMINOLE,2,February,1,Sunday,2024,16,4:00pm-4:59pm,2,Urban,4,Minor Arterial,27.86531111,-82.81473889,1,Daylight,1,Rollover/Overturn,1,Clear,1
12,Florida,120329,PALM BEACH (99),WEST PALM BEACH,2,February,6,Friday,2024,21,9:00pm-9:59pm,2,Urban,3,Other Principal Arterial,26.70831111,-80.16620278,3,Dark - Lighted,8,Pedestrian,1,Clear,1
12,Florida,120330,PINELLAS (103),PINELLAS PARK,2,February,1,Sunday,2024,0,0:00am-0:59am,2,Urban,3,Other Principal Arterial,27.83193611,-82.72838889,3,Dark - Lighted,9,Pedalcyclist,2,Rain,1
12,Florida,120331,LEE (71),CAPE CORAL,2,February,2,Monday,2024,14,2:00pm-2:59pm,2,Urban,4,Minor Arterial,26.57404444,-81.97409167,1,Daylight,42,Tree (Standing Only),1,Clear,1
12,Florida,120332,ESCAMBIA (33),NOT APPLICABLE,1,January,6,Friday,2024,21,9:00pm-9:59pm,2,Urban,5,Major Collector,30.54076111,-87.28448889,2,Dark - Not Lighted,15,Non-Motorist on Personal Conveyance,1,Clear,1
12,Florida,120333,ST LUCIE (111),PORT SAINT LUCIE,2,February,6,Friday,2024,2,2:00am-2:59am,2,Urban,1,Interstate,27.29321944,-80.41793889,3,Dark - Lighted,12,Motor Vehicle In-Transport,1,Clear,2
12,Florida,120334,PINELLAS (103),CLEARWATER,2,February,5,Thursday,2024,4,4:00am-4:59am,2,Urban,7,Local,27.90605833,-82.72098056,2,Dark - Not Lighted,8,Pedestrian,1,Clear,1
12,Florida,120335,BREVARD (9),NOT APPLICABLE,2,February,6,Friday,2024,22,10:00pm-10:59pm,2,Urban,4,Minor Arterial,28.38631944,-80.6681,3,Dark - Lighted,8,Pedestrian,1,Clear,1
12,Florida,120336,BREVARD (9),PALM BAY,2,February,2,Monday,2024,20,8:00pm-8:59pm,2,Urban,5,Major Collector,28.02621667,-80.57528056,2,Dark - Not Lighted,8,Pedestrian,1,Clear,1
12,Florida,120337,MANATEE (81),NOT APPLICABLE,2,February,6,Friday,2024,13,1:00pm-1:59pm,1,Rural,3,Other Principal Arterial,27.35686111,-82.18276944,1,Daylight,53,Mail Box,1,Clear,1
12,Florida,120338,LEE (71),FORT MYERS,2,February,7,Saturday,2024,20,8:00pm-8:59pm,2,Urban,5,Major Collector,26.66651111,-81.82996389,3,Dark - Lighted,9,Pedalcyclist,1,Clear,1
12,Florida,120339,LEE (71),FORT MYERS,2,February,2,Monday,2024,2,2:00am-2:59am,2,Urban,7,Local,26.66033333,-81.84124167,2,Dark - Not Lighted,8,Pedestrian,10,Cloudy,1
12,Florida,120340,BAY (5),PANAMA CITY BEACH,2,February,2,Monday,2024,9,9:00am-9:59am,2,Urban,3,Other Principal Arterial,30.23263333,-85.89475833,1,Daylight,9,Pedalcyclist,1,Clear,1
12,Florida,120342,PASCO (101),NOT APPLICABLE,2,February,5,Thursday,2024,22,10:00pm-10:59pm,2,Urban,1,Interstate,28.19424722,-82.38577778,3,Dark - Lighted,33,Curb,1,Clear,1
12,Florida,120343,MARION (83),NOT APPLICABLE,2,February,6,Friday,2024,19,7:00pm-7:59pm,2,Urban,5,Major Collector,29.1934,-82.03838056,2,Dark - Not Lighted,9,Pedalcyclist,1,Clear,1
12,Florida,120344,ESCAMBIA (33),NOT APPLICABLE,2,February,2,Monday,2024,2,2:00am-2:59am,2,Urban,3,Other Principal Arterial,30.34195,-87.14907778,3,Dark - Lighted,43,Other Fixed Object,1,Clear,1
12,Florida,120345,BAY (5),PANAMA CITY,2,February,3,Tuesday,2024,18,6:00pm-6:59pm,2,Urban,3,Other Principal Arterial,30.18072778,-85.71233333,5,Dusk,8,Pedestrian,1,Clear,1
12,Florida,120347,SARASOTA (115),NOT APPLICABLE,1,January,6,Friday,2024,18,6:00pm-6:59pm,2,Urban,3,Other Principal Arterial,27.199975,-82.49033611,2,Dark - Not Lighted,12,Motor Vehicle In-Transport,1,Clear,1
12,Florida,120348,OKALOOSA (91),DESTIN,1,January,5,Thursday,2024,23,11:00pm-11:59pm,2,Urban,3,Other Principal Arterial,30.39105278,-86.49029167,3,Dark - Lighted,12,Motor Vehicle In-Transport,10,Cloudy,1
12,Florida,120349,BREVARD (9),PALM BAY,2,February,1,Sunday,2024,16,4:00pm-4:59pm,2,Urban,1,Interstate,28.02226111,-80.64716944,1,Daylight,38,Fence,1,Clear,1
12,Florida,120350,SEMINOLE (117),NOT APPLICABLE,2,February,1,Sunday,2024,17,5:00pm-5:59pm,2,Urban,4,Minor Arterial,28.62354722,-81.29818333,1,Daylight,33,Curb,1,Clear,1
12,Florida,120351,OSCEOLA (97),NOT APPLICABLE,2,February,4,Wednesday,2024,4,4:00am-4:59am,2,Urban,3,Other Principal Arterial,28.28576111,-81.47181111,2,Dark - Not Lighted,12,Motor Vehicle In-Transport,1,Clear,2
12,Florida,120352,HILLSBOROUGH (57),TAMPA,2,February,2,Monday,2024,20,8:00pm-8:59pm,2,Urban,4,Minor Arterial,28.04361111,-82.41623889,3,Dark - Lighted,12,Motor Vehicle In-Transport,1,Clear,2
12,Florida,120353,PINELLAS (103),SAINT PETERSBURG,2,February,6,Friday,2024,6,6:00am-6:59am,2,Urban,3,Other Principal Arterial,27.82520556,-82.63872222,4,Dawn,12,Motor Vehicle In-Transport,1,Clear,1
12,Florida,120354,MIAMI-DADE (86),MIAMI,2,February,4,Wednesday,2024,12,12:00pm-12:59pm,2,Urban,5,Major Collector,25.797925,-80.18911389,1,Daylight,8,Pedestrian,1,Clear,1
12,Florida,120355,MANATEE (81),BRADENTON,2,February,2,Monday,2024,7,7:00am-7:59am,2,Urban,5,Major Collector,27.49287222,-82.57433889,1,Daylight,8,Pedestrian,1,Clear,1
12,Florida,120356,BREVARD (9),PALM BAY,2,February,6,Friday,2024,18,6:00pm-6:59pm,2,Urban,5,Major Collector,28.03672222,-80.67245833,2,Dark - Not Lighted,8,Pedestrian,1,Clear,1
12,Florida,120357,MANATEE (81),NOT APPLICABLE,2,February,7,Saturday,2024,19,7:00pm-7:59pm,2,Urban,3,Other Principal Arterial,27.44779722,-82.54840278,3,Dark - Lighted,8,Pedestrian,1,Clear,1
12,Florida,120358,PINELLAS (103),NOT APPLICABLE,2,February,7,Saturday,2024,22,10:00pm-10:59pm,2,Urban,3,Other Principal Arterial,28.02755278,-82.73807778,3,Dark - Lighted,12,Motor Vehicle In-Transport,10,Cloudy,2
12,Florida,120359,OSCEOLA (97),NOT APPLICABLE,2,February,7,Saturday,2024,19,7:00pm-7:59pm,1,Rural,3,Other Principal Arterial,28.12931944,-81.07625,2,Dark - Not Lighted,12,Motor Vehicle In-Transport,1,Clear,1
12,Florida,120361,JACKSON (63),NOT APPLICABLE,2,February,2,Monday,2024,15,3:00pm-3:59pm,1,Rural,1,Interstate,30.74733056,-85.41573056,1,Daylight,21,Bridge Pier or Support,1,Clear,1
12,Florida,120362,ORANGE (95),NOT APPLICABLE,1,January,1,Sunday,2024,0,0:00am-0:59am,2,Urban,3,Other Principal Arterial,28.55025,-81.09776944,2,Dark - Not Lighted,8,Pedestrian,1,Clear,1
12,Florida,120363,JEFFERSON (65),NOT APPLICABLE,2,February,2,Monday,2024,15,3:00pm-3:59pm,1,Rural,1,Interstate,30.445125,-83.72984444,1,Daylight,42,Tree (Standing Only),1,Clear,2
12,Florida,120364,PINELLAS (103),PINELLAS PARK,2,February,3,Tuesday,2024,21,9:00pm-9:59pm,2,Urban,4,Minor Arterial,27.83909722,-82.74438056,3,Dark - Lighted,8,Pedestrian,10,Cloudy,1
12,Florida,120365,MIAMI-DADE (86),MIAMI,2,February,6,Friday,2024,8,8:00am-8:59am,2,Urban,6,Minor Collector,25.77238056,-80.23122778,1,Daylight,8,Pedestrian,1,Clear,1
12,Florida,120366,PINELLAS (103),SAINT PETERSBURG,2,February,3,Tuesday,2024,6,6:00am-6:59am,2,Urban,4,Minor Arterial,27.7773,-82.69986944,3,Dark - Lighted,9,Pedalcyclist,1,Clear,1
12,Florida,120367,MIAMI-DADE (86),NOT APPLICABLE,2,February,7,Saturday,2024,23,11:00pm-11:59pm,2,Urban,3,Other Principal Arterial,25.73430556,-80.27256944,3,Dark - Lighted,8,Pedestrian,1,Clear,1
12,Florida,120368,DUVAL (31),JACKSONVILLE,2,February,7,Saturday,2024,17,5:00pm-5:59pm,2,Urban,4,Minor Arterial,30.2973,-81.75192222,1,Daylight,33,Curb,10,Cloudy,1
12,Florida,120369,VOLUSIA (127),NEW SMYRNA BEACH,2,February,6,Friday,2024,19,7:00pm-7:59pm,2,Urban,3,Other Principal Arterial,29.01363611,-80.94532222,3,Dark - Lighted,8,Pedestrian,2,Rain,1
12,Florida,120370,DUVAL (31),JACKSONVILLE,2,February,7,Saturday,2024,18,6:00pm-6:59pm,2,Urban,7,Local,30.21597222,-81.8173,5,Dusk,12,Motor Vehicle In-Transport,1,Clear,1
12,Florida,120371,MIAMI-DADE (86),NOT APPLICABLE,2,February,6,Friday,2024,1,1:00am-1:59am,2,Urban,4,Minor Arterial,25.84949722,-80.233775,3,Dark - Lighted,12,Motor Vehicle In-Transport,1,Clear,2
12,Florida,120372,POLK (105),NOT APPLICABLE,2,February,6,Friday,2024,11,11:00am-11:59am,1,Rural,5,Major Collector,27.84282222,-81.57840278,1,Daylight,12,Motor Vehicle In-Transport,10,Cloudy,1
12,Florida,120373,POLK (105),DAVENPORT,2,February,7,Saturday,2024,20,8:00pm-8:59pm,2,Urban,3,Other Principal Arterial,28.24089444,-81.65507778,3,Dark - Lighted,8,Pedestrian,2,Rain,1
12,Florida,120374,ST LUCIE (111),PORT SAINT LUCIE,2,February,5,Thursday,2024,2,2:00am-2:59am,2,Urban,5,Major Collector,27.22055,-80.39966667,3,Dark - Lighted,42,Tree (Standing Only),1,Clear,1
12,Florida,120375,PALM BEACH (99),LOXAHATCHEE GROVES,2,February,7,Saturday,2024,4,4:00am-4:59am,2,Urban,6,Minor Collector,26.7067,-80.28098611,2,Dark - Not Lighted,12,Motor Vehicle In-Transport,10,Cloudy,1
12,Florida,120376,ESCAMBIA (33),NOT APPLICABLE,2,February,7,Saturday,2024,19,7:00pm-7:59pm,2,Urban,3,Other Principal Arterial,30.43565278,-87.27759444,3,Dark - Lighted,12,Motor Vehicle In-Transport,1,Clear,1
12,Florida,120377,CLAY (19),NOT APPLICABLE,2,February,6,Friday,2024,18,6:00pm-6:59pm,2,Urban,6,Minor Collector,30.16845,-81.85060833,5,Dusk,42,Tree (Standing Only),10,Cloudy,1
12,Florida,120378,CITRUS (17),INVERNESS,2,February,1,Sunday,2024,15,3:00pm-3:59pm,2,Urban,3,Other Principal Arterial,28.8393,-82.358225,1,Daylight,1,Rollover/Overturn,1,Clear,1
12,Florida,120379,CITRUS (17),NOT APPLICABLE,2,February,2,Monday,2024,0,0:00am-0:59am,1,Rural,3,Other Principal Arterial,28.94225556,-82.62154167,2,Dark - Not Lighted,8,Pedestrian,1,Clear,1
12,Florida,120380,BREVARD (9),NOT APPLICABLE,2,February,5,Thursday,2024,22,10:00pm-10:59pm,2,Urban,3,Other Principal Arterial,28.432175,-80.76018056,2,Dark - Not Lighted,15,Non-Motorist on Personal Conveyance,1,Clear,1
12,Florida,120381,ALACHUA (1),NEWBERRY,2,February,6,Friday,2024,19,7:00pm-7:59pm,1,Rural,3,Other Principal Arterial,29.6873,-82.607025,2,Dark - Not Lighted,12,Motor Vehicle In-Transport,10,Cloudy,1
12,Florida,120382,DUVAL (31),JACKSONVILLE,2,February,6,Friday,2024,0,0:00am-0:59am,2,Urban,3,Other Principal Arterial,30.19390278,-81.73927778,3,Dark - Lighted,8,Pedestrian,1,Clear,1
12,Florida,120383,HAMILTON (47),NOT APPLICABLE,2,February,7,Saturday,2024,6,6:00am-6:59am,1,Rural,1,Interstate,30.43806667,-82.91580833,2,Dark - Not Lighted,12,Motor Vehicle In-Transport,2,Rain,1
12,Florida,120384,HAMILTON (47),NOT APPLICABLE,2,February,7,Saturday,2024,4,4:00am-4:59am,1,Rural,1,Interstate,30.49396944,-83.03185,2,Dark - Not Lighted,12,Motor Vehicle In-Transport,2,Rain,1
12,Florida,120385,MIAMI-DADE (86),MIAMI,2,February,1,Sunday,2024,9,9:00am-9:59am,2,Urban,2,Other Freeways and Expressways,25.78537222,-80.26301111,1,Daylight,25,Concrete Traffic Barrier,2,Rain,1
12,Florida,120386,COLUMBIA (23),NOT APPLICABLE,2,February,2,Monday,2024,16,4:00pm-4:59pm,1,Rural,3,Other Principal Arterial,29.94327778,-82.74284444,1,Daylight,12,Motor Vehicle In-Transport,1,Clear,1
12,Florida,120388,HILLSBOROUGH (57),NOT APPLICABLE,2,February,5,Thursday,2024,20,8:00pm-8:59pm,2,Urban,5,Major Collector,28.07034167,-82.41393333,3,Dark - Lighted,15,Non-Motorist on Personal Conveyance,10,Cloudy,1
12,Florida,120389,CHARLOTTE (15),NOT APPLICABLE,2,February,7,Saturday,2024,19,7:00pm-7:59pm,2,Urban,3,Other Principal Arterial,26.99758889,-82.19121111,3,Dark - Lighted,12,Motor Vehicle In-Transport,1,Clear,1
12,Florida,120390,HILLSBOROUGH (57),NOT APPLICABLE,2,February,1,Sunday,2024,5,5:00am-5:59am,2,Urban,4,Minor Arterial,27.94485833,-82.50153333,3,Dark - Lighted,12,Motor Vehicle In-Transport,1,Clear,1
12,Florida,120391,CITRUS (17),INVERNESS,2,February,2,Monday,2024,4,4:00am-4:59am,2,Urban,3,Other Principal Arterial,28.83751389,-82.34176944,2,Dark - Not Lighted,43,Other Fixed Object,1,Clear,1
12,Florida,120392,VOLUSIA (127),ORMOND BEACH,2,February,3,Tuesday,2024,21,9:00pm-9:59pm,2,Urban,3,Other Principal Arterial,29.26180278,-81.07599167,3,Dark - Lighted,8,Pedestrian,1,Clear,1
12,Florida,120393,LEE (71),CAPE CORAL,1,January,6,Friday,2024,5,5:00am-5:59am,2,Urban,7,Local,26.692075,-81.9569,2,Dark - Not Lighted,12,Motor Vehicle In-Transport,1,Clear,1
12,Florida,120394,LEE (71),FORT MYERS,2,February,2,Monday,2024,20,8:00pm-8:59pm,2,Urban,4,Minor Arterial,26.647575,-81.86671667,2,Dark - Not Lighted,9,Pedalcyclist,1,Clear,1
12,Florida,120395,PALM BEACH (99),WEST PALM BEACH,2,February,2,Monday,2024,9,9:00am-9:59am,2,Urban,3,Other Principal Arterial,26.70876944,-80.18254722,1,Daylight,12,Motor Vehicle In-Transport,10,Cloudy,1
12,Florida,120396,BROWARD (11),DAVIE,2,February,6,Friday,2024,16,4:00pm-4:59pm,2,Urban,4,Minor Arterial,26.04622778,-80.22125,1,Daylight,12,Motor Vehicle In-Transport,1,Clear,1
12,Florida,120397,PALM BEACH (99),DELRAY BEACH,2,February,2,Monday,2024,10,10:00am-10:59am,2,Urban,4,Minor Arterial,26.43978056,-80.07711111,1,Daylight,12,Motor Vehicle In-Transport,1,Clear,1
12,Florida,120398,BROWARD (11),HOLLYWOOD,1,January,7,Saturday,2024,2,2:00am-2:59am,2,Urban,5,Major Collector,26.00181944,-80.17747222,3,Dark - Lighted,42,Tree (Standing Only),1,Clear,1
12,Florida,120399,WALTON (131),NOT APPLICABLE,2,February,1,Sunday,2024,17,5:00pm-5:59pm,1,Rural,4,Minor Arterial,30.70816111,-86.3829,5,Dusk,12,Motor Vehicle In-Transport,1,Clear,1