STATE,STATENAME,ST_CASE,COUNTYNAME,CITYNAME,MONTH,MONTHNAME,DAY_WEEK,DAY_WEEKNAME,YEAR,HOUR,HOURNAME,RUR_URB,RUR_URBNAME,FUNC_SYS,FUNC_SYSNAME,LATITUDE,LONGITUD,LGT_COND,LGT_CONDNAME,HARM_EV,HARM_EVNAME,WEATHER,WEATHERNAME,FATALS
12,Florida,120657,MIAMI-DADE (86),HIALEAH,3,March,3,Tuesday,2024,3,3:00am-3:59am,2,Urban,4,Minor Arterial,25.84741667,-80.28235278,3,Dark - Lighted,12,Motor Vehicle In-Transport,1,Clear,1
12,Florida,120658,LEE (71),CAPE CORAL,3,March,5,Thursday,2024,20,8:00pm-8:59pm,2,Urban,5,Major Collector,26.63252778,-81.97586111,3,Dark - Lighted,30,Utility Pole/Light Support,1,Clear,1
12,Florida,120659,PALM BEACH (99),WEST PALM BEACH,3,March,3,Tuesday,2024,10,10:00am-10:59am,2,Urban,6,Minor Collector,26.74599722,-80.06515,1,Daylight,10,Railway Vehicle,10,Cloudy,1
12,Florida,120660,FLAGLER (35),BUNNELL,2,February,1,Sunday,2024,10,10:00am-10:59am,2,Urban,3,Other Principal Arterial,29.46811667,-81.27453889,1,Daylight,12,Motor Vehicle In-Transport,1,Clear,1
12,Florida,120661,ORANGE (95),NOT APPLICABLE,3,March,6,Friday,2024,21,9:00pm-9:59pm,2,Urban,2,Other Freeways and Expressways,28.37538056,-81.41555,3,Dark - Lighted,12,Motor Vehicle In-Transport,1,Clear,1
12,Florida,120662,HILLSBOROUGH (57),Other,3,March,4,Wednesday,2024,21,9:00pm-9:59pm,2,Urban,3,Other Principal Arterial,27.95260278,-82.12127778,3,Dark - Lighted,12,Motor Vehicle In-Transport,1,Clear,1
12,Florida,120663,PASCO (101),NOT APPLICABLE,3,March,7,Saturday,2024,14,2:00pm-2:59pm,2,Urban,3,Other Principal Arterial,28.21711111,-82.70936111,1,Daylight,12,Motor Vehicle In-Transport,1,Clear,2
12,Florida,120664,BREVARD (9),TITUSVILLE,3,March,5,Thursday,2024,6,6:00am-6:59am,2,Urban,4,Minor Arterial,28.62203333,-80.82985556,2,Dark - Not Lighted,9,Pedalcyclist,1,Clear,1
12,Florida,120665,MANATEE (81),NOT APPLICABLE,3,March,7,Saturday,2024,22,10:00pm-10:59pm,2,Urban,7,Local,27.46028056,-82.55481111,3,Dark - Lighted,8,Pedestrian,1,Clear,1
12,Florida,120666,HOLMES (59),BONIFAY,3,March,6,Friday,2024,23,11:00pm-11:59pm,2,Urban,4,Minor Arterial,30.80249722,-85.678875,3,Dark - Lighted,12,Motor Vehicle In-Transport,1,Clear,1
12,Florida,120667,GADSDEN (39),NOT APPLICABLE,3,March,5,Thursday,2024,5,5:00am-5:59am,1,Rural,3,Other Principal Arterial,30.49142222,-84.42661111,3,Dark - Lighted,12,Motor Vehicle In-Transport,1,Clear,1
12,Florida,120668,CALHOUN (13),NOT APPLICABLE,3,March,7,Saturday,2024,3,3:00am-3:59am,1,Rural,4,Minor Arterial,30.43400278,-85.27553889,2,Dark - Not Lighted,12,Motor Vehicle In-Transport,5,"Fog, Smog, Smoke",1
12,Florida,120669,HERNANDO (53),NOT APPLICABLE,3,March,1,Sunday,2024,13,1:00pm-1:59pm,2,Urban,4,Minor Arterial,28.45083889,-82.60246111,1,Daylight,12,Motor Vehicle In-Transport,1,Clear,1
12,Florida,120670,LEON (73),TALLAHASSEE,3,March,6,Friday,2024,1,1:00am-1:59am,2,Urban,3,Other Principal Arterial,30.48229167,-84.307925,3,Dark - Lighted,9,Pedalcyclist,1,Clear,1
12,Florida,120671,ALACHUA (1),GAINESVILLE,3,March,6,Friday,2024,10,10:00am-10:59am,2,Urban,7,Local,29.67009722,-82.32113889,1,Daylight,33,Curb,1,Clear,1
12,Florida,120672,DUVAL (31),JACKSONVILLE,3,March,5,Thursday,2024,12,12:00pm-12:59pm,2,Urban,4,Minor Arterial,30.40776944,-81.64989444,1,Daylight,12,Motor Vehicle In-Transport,1,Clear,1
12,Florida,120673,BROWARD (11),HOLLYWOOD,3,March,5,Thursday,2024,3,3:00am-3:59am,2,Urban,4,Minor Arterial,26.00993611,-80.15902222,3,Dark - Lighted,33,Curb,1,Clear,1
12,Florida,120674,DE SOTO (27),NOT APPLICABLE,3,March,5,Thursday,2024,17,5:00pm-5:59pm,1,Rural,7,Local,27.07581944,-81.98278611,1,Daylight,12,Motor Vehicle In-Transport,1,Clear,1
12,Florida,120675,HIGHLANDS (55),NOT APPLICABLE,3,March,2,Monday,2024,10,10:00am-10:59am,1,Rural,3,Other Principal Arterial,27.21035,-81.34566111,1,Daylight,12,Motor Vehicle In-Transport,1,Clear,1
12,Florida,120676,MIAMI-DADE (86),MIAMI,3,March,6,Friday,2024,1,1:00am-1:59am,2,Urban,3,Other Principal Arterial,25.76724444,-80.19745,3,Dark - Lighted,12,Motor Vehicle In-Transport,1,Clear,1
12,Florida,120677,PALM BEACH (99),WEST PALM BEACH,3,March,7,Saturday,2024,0,0:00am-0:59am,2,Urban,5,Major Collector,26.76278889,-80.100025,3,Dark - Lighted,33,Curb,1,Clear,1
12,Florida,120678,POLK (105),WINTER HAVEN,3,March,4,Wednesday,2024,8,8:00am-8:59am,2,Urban,4,Minor Arterial,28.07855556,-81.66709444,1,Daylight,12,Motor Vehicle In-Transport,1,Clear,1
12,Florida,120679,HARDEE (49),NOT APPLICABLE,3,March,5,Thursday,2024,20,8:00pm-8:59pm,1,Rural,4,Minor Arterial,27.59472778,-81.86436667,2,Dark - Not Lighted,12,Motor Vehicle In-Transport,1,Clear,1
12,Florida,120680,HERNANDO (53),NOT APPLICABLE,3,March,6,Friday,2024,15,3:00pm-3:59pm,2,Urban,4,Minor Arterial,28.47190556,-82.49531944,1,Daylight,12,Motor Vehicle In-Transport,1,Clear,1
12,Florida,120681,CITRUS (17),NOT APPLICABLE,3,March,4,Wednesday,2024,0,0:00am-0:59am,2,Urban,6,Minor Collector,28.87273333,-82.59388056,3,Dark - Lighted,12,Motor Vehicle In-Transport,1,Clear,1
12,Florida,120682,BROWARD (11),FORT LAUDERDALE,3,March,7,Saturday,2024,0,0:00am-0:59am,2,Urban,5,Major Collector,26.13651944,-80.153825,3,Dark - Lighted,9,Pedalcyclist,1,Clear,1
12,Florida,120683,HILLSBOROUGH (57),NOT APPLICABLE,3,March,1,Sunday,2024,10,10:00am-10:59am,2,Urban,7,Local,27.97427222,-82.10934167,1,Daylight,41,Shrubbery,1,Clear,1
12,Florida,120684,HERNANDO (53),NOT APPLICABLE,3,March,7,Saturday,2024,13,1:00pm-1:59pm,2,Urban,4,Minor Arterial,28.45144444,-82.59240278,1,Daylight,12,Motor Vehicle In-Transport,1,Clear,1
12,Florida,120685,DUVAL (31),JACKSONVILLE,4,April,2,Monday,2024,1,1:00am-1:59am,2,Urban,4,Minor Arterial,30.51848889,-81.64750833,2,Dark - Not Lighted,42,Tree (Standing Only),1,Clear,1
12,Florida,120686,JACKSON (63),NOT APPLICABLE,3,March,5,Thursday,2024,2,2:00am-2:59am,1,Rural,6,Minor Collector,30.70144167,-85.33441944,2,Dark - Not Lighted,58,Ground,5,"Fog, Smog, Smoke",1
12,Florida,120687,PALM BEACH (99),WEST PALM BEACH,3,March,1,Sunday,2024,21,9:00pm-9:59pm,2,Urban,1,Interstate,26.661525,-80.071025,3,Dark - Lighted,12,Motor Vehicle In-Transport,1,Clear,1
12,Florida,120688,LAKE (69),NOT APPLICABLE,3,March,3,Tuesday,2024,7,7:00am-7:59am,1,Rural,4,Minor Arterial,28.66716667,-81.78111944,4,Dawn,12,Motor Vehicle In-Transport,1,Clear,1
12,Florida,120689,MIAMI-DADE (86),MIAMI,3,March,4,Wednesday,2024,22,10:00pm-10:59pm,2,Urban,2,Other Freeways and Expressways,25.80769167,-80.32109167,3,Dark - Lighted,25,Concrete Traffic Barrier,1,Clear,1
12,Florida,120690,SARASOTA (115),NOT APPLICABLE,3,March,4,Wednesday,2024,21,9:00pm-9:59pm,2,Urban,4,Minor Arterial,27.2691,-82.47340278,3,Dark - Lighted,12,Motor Vehicle In-Transport,1,Clear,1
12,Florida,120691,OSCEOLA (97),NOT APPLICABLE,3,March,5,Thursday,2024,1,1:00am-1:59am,2,Urban,4,Minor Arterial,28.32388056,-81.34635556,3,Dark - Lighted,12,Motor Vehicle In-Transport,1,Clear,1
12,Florida,120692,MIAMI-DADE (86),NOT APPLICABLE,3,March,7,Saturday,2024,22,10:00pm-10:59pm,2,Urban,5,Major Collector,25.850275,-80.225475,3,Dark - Lighted,8,Pedestrian,1,Clear,1
12,Florida,120693,DUVAL (31),JACKSONVILLE,3,March,1,Sunday,2024,4,4:00am-4:59am,2,Urban,1,Interstate,30.10685,-81.50633889,3,Dark - Lighted,8,Pedestrian,1,Clear,1
12,Florida,120694,MIAMI-DADE (86),MIAMI,3,March,2,Monday,2024,23,11:00pm-11:59pm,2,Urban,2,Other Freeways and Expressways,25.45658056,-80.470975,3,Dark - Lighted,12,Motor Vehicle In-Transport,1,Clear,1
12,Florida,120695,PASCO (101),NOT APPLICABLE,3,March,4,Wednesday,2024,15,3:00pm-3:59pm,2,Urban,5,Major Collector,28.23991944,-82.16755278,1,Daylight,12,Motor Vehicle In-Transport,10,Cloudy,1
12,Florida,120696,MARTIN (85),NOT APPLICABLE,3,March,4,Wednesday,2024,8,8:00am-8:59am,2,Urban,3,Other Principal Arterial,27.00241944,-80.09973056,1,Daylight,24,Guardrail Face,1,Clear,1
12,Florida,120697,COLLIER (21),MARCO,3,March,1,Sunday,2024,20,8:00pm-8:59pm,2,Urban,7,Local,25.94778333,-81.70445833,3,Dark - Lighted,8,Pedestrian,1,Clear,1
12,Florida,120698,PALM BEACH (99),NOT APPLICABLE,3,March,3,Tuesday,2024,10,10:00am-10:59am,2,Urban,3,Other Principal Arterial,26.499775,-80.20518333,1,Daylight,12,Motor Vehicle In-Transport,1,Clear,1
12,Florida,120699,PALM BEACH (99),NOT APPLICABLE,3,March,6,Friday,2024,7,7:00am-7:59am,2,Urban,3,Other Principal Arterial,26.58845833,-80.11393333,1,Daylight,9,Pedalcyclist,1,Clear,1
12,Florida,120700,SEMINOLE (117),SANFORD,3,March,1,Sunday,2024,4,4:00am-4:59am,2,Urban,3,Other Principal Arterial,28.75991667,-81.27592778,2,Dark - Not Lighted,59,Traffic Sign Support,1,Clear,1
12,Florida,120701,BROWARD (11),MIRAMAR,2,February,7,Saturday,2024,4,4:00am-4:59am,2,Urban,1,Interstate,25.99679722,-80.339425,3,Dark - Lighted,12,Motor Vehicle In-Transport,10,Cloudy,1
12,Florida,120702,ST LUCIE (111),NOT APPLICABLE,3,March,6,Friday,2024,16,4:00pm-4:59pm,1,Rural,1,Interstate,27.50828056,-80.58714167,1,Daylight,12,Motor Vehicle In-Transport,1,Clear,1
12,Florida,120703,ESCAMBIA (33),NOT APPLICABLE,3,March,7,Saturday,2024,13,1:00pm-1:59pm,2,Urban,3,Other Principal Arterial,30.46484167,-87.24923889,1,Daylight,12,Motor Vehicle In-Transport,1,Clear,2
12,Florida,120704,MANATEE (81),NOT APPLICABLE,3,March,6,Friday,2024,20,8:00pm-8:59pm,2,Urban,3,Other Principal Arterial,27.44595833,-82.48481667,3,Dark - Lighted,9,Pedalcyclist,10,Cloudy,1
12,Florida,120705,SARASOTA (115),NOT APPLICABLE,3,March,7,Saturday,2024,19,7:00pm-7:59pm,1,Rural,5,Major Collector,27.33475556,-82.31085833,2,Dark - Not Lighted,24,Guardrail Face,1,Clear,1
12,Florida,120706,MANATEE (81),NOT APPLICABLE,3,March,1,Sunday,2024,1,1:00am-1:59am,1,Rural,1,Interstate,27.63921111,-82.4627,2,Dark - Not Lighted,12,Motor Vehicle In-Transport,1,Clear,1
12,Florida,120707,LEE (71),CAPE CORAL,3,March,1,Sunday,2024,20,8:00pm-8:59pm,2,Urban,4,Minor Arterial,26.57658333,-81.94337222,3,Dark - Lighted,12,Motor Vehicle In-Transport,1,Clear,2
12,Florida,120708,PINELLAS (103),NOT APPLICABLE,3,March,2,Monday,2024,9,9:00am-9:59am,2,Urban,3,Other Principal Arterial,27.87083056,-82.61385833,1,Daylight,12,Motor Vehicle In-Transport,1,Clear,1
12,Florida,120709,MIAMI-DADE (86),NORTH MIAMI,3,March,2,Monday,2024,0,0:00am-0:59am,2,Urban,7,Local,25.89535,-80.19541944,3,Dark - Lighted,43,Other Fixed Object,1,Clear,1
12,Florida,120710,MANATEE (81),NOT APPLICABLE,3,March,6,Friday,2024,2,2:00am-2:59am,2,Urban,3,Other Principal Arterial,27.63558056,-82.53918056,3,Dark - Lighted,14,Parked Motor Vehicle,1,Clear,1
12,Florida,120712,LEE (71),NOT APPLICABLE,4,April,3,Tuesday,2024,14,2:00pm-2:59pm,2,Urban,3,Other Principal Arterial,26.58168611,-81.71400833,1,Daylight,12,Motor Vehicle In-Transport,1,Clear,1
12,Florida,120713,LAKE (69),GROVELAND,3,March,3,Tuesday,2024,20,8:00pm-8:59pm,2,Urban,7,Local,28.55805833,-81.84839722,3,Dark - Lighted,8,Pedestrian,1,Clear,1
12,Florida,120714,ESCAMBIA (33),NOT APPLICABLE,3,March,5,Thursday,2024,19,7:00pm-7:59pm,2,Urban,5,Major Collector,30.47383333,-87.19986667,5,Dusk,8,Pedestrian,1,Clear,1
12,Florida,120715,PUTNAM (107),PALATKA,3,March,3,Tuesday,2024,8,8:00am-8:59am,2,Urban,5,Major Collector,29.62713889,-81.65338889,1,Daylight,12,Motor Vehicle In-Transport,1,Clear,1
12,Florida,120716,LEE (71),NOT APPLICABLE,3,March,2,Monday,2024,1,1:00am-1:59am,2,Urban,4,Minor Arterial,26.49770833,-81.78368056,3,Dark - Lighted,33,Curb,1,Clear,1
12,Florida,120717,HILLSBOROUGH (57),NOT APPLICABLE,3,March,3,Tuesday,2024,20,8:00pm-8:59pm,2,Urban,1,Interstate,28.02690556,-82.18011944,2,Dark - Not Lighted,8,Pedestrian,1,Clear,1
12,Florida,120718,PUTNAM (107),NOT APPLICABLE,3,March,3,Tuesday,2024,5,5:00am-5:59am,1,Rural,5,Major Collector,29.5217,-81.67088056,2,Dark - Not Lighted,30,Utility Pole/Light Support,1,Clear,1
12,Florida,120719,SUWANNEE (121),NOT APPLICABLE,3,March,5,Thursday,2024,2,2:00am-2:59am,1,Rural,5,Major Collector,29.98016111,-82.81046944,2,Dark - Not Lighted,1,Rollover/Overturn,2,Rain,1
12,Florida,120720,VOLUSIA (127),DAYTONA BEACH,3,March,5,Thursday,2024,22,10:00pm-10:59pm,2,Urban,4,Minor Arterial,29.16498611,-81.1191,2,Dark - Not Lighted,12,Motor Vehicle In-Transport,1,Clear,1
12,Florida,120721,DUVAL (31),JACKSONVILLE,4,April,4,Wednesday,2024,8,8:00am-8:59am,2,Urban,3,Other Principal Arterial,30.35105833,-81.70208056,1,Daylight,8,Pedestrian,10,Cloudy,1
12,Florida,120722,ESCAMBIA (33),NOT APPLICABLE,3,March,6,Friday,2024,16,4:00pm-4:59pm,2,Urban,1,Interstate,30.51318889,-87.29836944,1,Daylight,12,Motor Vehicle In-Transport,1,Clear,1
12,Florida,120723,BREVARD (9),MELBOURNE,2,February,3,Tuesday,2024,6,6:00am-6:59am,2,Urban,3,Other Principal Arterial,28.08515278,-80.60624167,4,Dawn,12,Motor Vehicle In-Transport,10,Cloudy,1
12,Florida,120724,MARION (83),NOT APPLICABLE,3,March,4,Wednesday,2024,7,7:00am-7:59am,2,Urban,5,Major Collector,29.19075278,-82.21149444,2,Dark - Not Lighted,8,Pedestrian,1,Clear,1
12,Florida,120725,POLK (105),NOT APPLICABLE,3,March,1,Sunday,2024,22,10:00pm-10:59pm,2,Urban,5,Major Collector,28.1324,-81.82178056,2,Dark - Not Lighted,33,Curb,1,Clear,1
12,Florida,120726,PINELLAS (103),PINELLAS PARK,3,March,1,Sunday,2024,1,1:00am-1:59am,2,Urban,4,Minor Arterial,27.82828889,-82.69365556,2,Dark - Not Lighted,8,Pedestrian,1,Clear,1
12,Florida,120727,MIAMI-DADE (86),MIAMI,3,March,7,Saturday,2024,2,2:00am-2:59am,2,Urban,7,Local,25.77350278,-80.21549167,3,Dark - Lighted,8,Pedestrian,1,Clear,1
12,Florida,120728,BROWARD (11),FORT LAUDERDALE,2,February,1,Sunday,2024,4,4:00am-4:59am,2,Urban,1,Interstate,26.08863056,-80.16853056,3,Dark - Lighted,12,Motor Vehicle In-Transport,1,Clear,1
12,Florida,120729,MIAMI-DADE (86),MIAMI GARDENS,3,March,2,Monday,2024,10,10:00am-10:59am,2,Urban,4,Minor Arterial,25.94220556,-80.21511667,1,Daylight,12,Motor Vehicle In-Transport,1,Clear,1
12,Florida,120730,MIAMI-DADE (86),MIAMI GARDENS,3,March,7,Saturday,2024,22,10:00pm-10:59pm,2,Urban,4,Minor Arterial,25.95519722,-80.24457222,3,Dark - Lighted,33,Curb,1,Clear,1
12,Florida,120731,HILLSBOROUGH (57),NOT APPLICABLE,3,March,2,Monday,2024,0,0:00am-0:59am,2,Urban,4,Minor Arterial,27.99639167,-82.55027222,3,Dark - Lighted,8,Pedestrian,1,Clear,1
12,Florida,120732,MIAMI-DADE (86),MIAMI GARDENS,3,March,2,Monday,2024,6,6:00am-6:59am,2,Urban,4,Minor Arterial,25.94221667,-80.21425833,3,Dark - Lighted,8,Pedestrian,1,Clear,1
12,Florida,120733,POLK (105),BARTOW,3,March,4,Wednesday,2024,6,6:00am-6:59am,2,Urban,3,Other Principal Arterial,27.89068889,-81.83910556,2,Dark - Not Lighted,8,Pedestrian,1,Clear,1
12,Florida,120734,SANTA ROSA (113),NOT APPLICABLE,4,April,3,Tuesday,2024,7,7:00am-7:59am,2,Urban,7,Local,30.66070278,-87.06544444,1,Daylight,38,Fence,10,Cloudy,1
12,Florida,120735,LEE (71),CAPE CORAL,3,March,5,Thursday,2024,21,9:00pm-9:59pm,2,Urban,3,Other Principal Arterial,26.67349167,-81.92914444,2,Dark - Not Lighted,8,Pedestrian,1,Clear,1
12,Florida,120736,PALM BEACH (99),WEST PALM BEACH,4,April,3,Tuesday,2024,23,11:00pm-11:59pm,2,Urban,3,Other Principal Arterial,26.69097222,-80.07504444,3,Dark - Lighted,12,Motor Vehicle In-Transport,1,Clear,1
12,Florida,120738,NASSAU (89),YULEE,3,March,7,Saturday,2024,1,1:00am-1:59am,1,Rural,3,Other Principal Arterial,30.67135556,-81.6413,2,Dark - Not Lighted,12,Motor Vehicle In-Transport,10,Cloudy,1
12,Florida,120739,MIAMI-DADE (86),NOT APPLICABLE,3,March,6,Friday,2024,21,9:00pm-9:59pm,2,Urban,1,Interstate,25.88120833,-80.20880278,3,Dark - Lighted,25,Concrete Traffic Barrier,1,Clear,1
12,Florida,120740,LEE (71),NOT APPLICABLE,3,March,5,Thursday,2024,21,9:00pm-9:59pm,2,Urban,7,Local,26.57671111,-81.68434722,2,Dark - Not Lighted,12,Motor Vehicle In-Transport,10,Cloudy,1
12,Florida,120741,WALTON (131),NOT APPLICABLE,3,March,6,Friday,2024,23,11:00pm-11:59pm,1,Rural,3,Other Principal Arterial,30.79117778,-86.18566944,2,Dark - Not Lighted,12,Motor Vehicle In-Transport,1,Clear,1
12,Florida,120742,COLLIER (21),NOT APPLICABLE,4,April,4,Wednesday,2024,0,0:00am-0:59am,1,Rural,3,Other Principal Arterial,26.30321944,-81.34273056,2,Dark - Not Lighted,12,Motor Vehicle In-Transport,1,Clear,3
12,Florida,120743,DUVAL (31),JACKSONVILLE,4,April,6,Friday,2024,9,9:00am-9:59am,2,Urban,5,Major Collector,30.47555278,-81.57735833,1,Daylight,53,Mail Box,1,Clear,1
12,Florida,120744,PALM BEACH (99),NOT APPLICABLE,4,April,3,Tuesday,2024,14,2:00pm-2:59pm,2,Urban,7,Local,26.87137222,-80.14234722,1,Daylight,53,Mail Box,1,Clear,1
12,Florida,120745,BROWARD (11),HOLLYWOOD,3,March,1,Sunday,2024,23,11:00pm-11:59pm,2,Urban,4,Minor Arterial,26.02464722,-80.11640556,3,Dark - Lighted,8,Pedestrian,1,Clear,1
12,Florida,120746,COLLIER (21),NOT APPLICABLE,3,March,1,Sunday,2024,7,7:00am-7:59am,2,Urban,4,Minor Arterial,26.30332222,-81.33124722,1,Daylight,9,Pedalcyclist,1,Clear,1
12,Florida,120747,PASCO (101),NOT APPLICABLE,3,March,4,Wednesday,2024,8,8:00am-8:59am,2,Urban,4,Minor Arterial,28.28783889,-82.67591111,1,Daylight,12,Motor Vehicle In-Transport,10,Cloudy,1
12,Florida,120748,PINELLAS (103),NOT APPLICABLE,3,March,7,Saturday,2024,23,11:00pm-11:59pm,2,Urban,3,Other Principal Arterial,27.89375556,-82.66468889,3,Dark - Lighted,12,Motor Vehicle In-Transport,1,Clear,1
12,Florida,120749,MIAMI-DADE (86),NOT APPLICABLE,3,March,7,Saturday,2024,6,6:00am-6:59am,2,Urban,4,Minor Arterial,25.83929444,-80.23340278,3,Dark - Lighted,59,Traffic Sign Support,1,Clear,2
12,Florida,120750,DUVAL (31),JACKSONVILLE,4,April,1,Sunday,2024,12,12:00pm-12:59pm,2,Urban,5,Major Collector,30.15296111,-81.585925,1,Daylight,12,Motor Vehicle In-Transport,1,Clear,1
12,Florida,120751,BROWARD (11),POMPANO BEACH,3,March,3,Tuesday,2024,5,5:00am-5:59am,2,Urban,1,Interstate,26.26900278,-80.12636389,3,Dark - Lighted,14,Parked Motor Vehicle,1,Clear,1
12,Florida,120752,HIGHLANDS (55),NOT APPLICABLE,3,March,7,Saturday,2024,14,2:00pm-2:59pm,1,Rural,5,Major Collector,27.32224722,-81.41475833,1,Daylight,12,Motor Vehicle In-Transport,1,Clear,1
12,Florida,120753,HIGHLANDS (55),NOT APPLICABLE,3,March,1,Sunday,2024,8,8:00am-8:59am,2,Urban,4,Minor Arterial,27.53701667,-81.51121667,1,Daylight,9,Pedalcyclist,1,Clear,1
12,Florida,120754,POLK (105),NOT APPLICABLE,3,March,4,Wednesday,2024,6,6:00am-6:59am,1,Rural,5,Major Collector,28.11561944,-81.55377222,2,Dark - Not Lighted,12,Motor Vehicle In-Transport,1,Clear,1
12,Florida,120755,POLK (105),NOT APPLICABLE,3,March,5,Thursday,2024,6,6:00am-6:59am,2,Urban,7,Local,28.12840278,-81.61507778,1,Daylight,8,Pedestrian,1,Clear,1
12,Florida,120756,SUMTER (119),NOT APPLICABLE,4,April,3,Tuesday,2024,15,3:00pm-3:59pm,1,Rural,1,Interstate,28.87478611,-82.09173889,1,Daylight,14,Parked Motor Vehicle,1,Clear,1
12,Florida,120757,DUVAL (31),JACKSONVILLE,4,April,2,Monday,2024,20,8:00pm-8:59pm,2,Urban,5,Major Collector,30.401325,-81.72273333,2,Dark - Not Lighted,8,Pedestrian,1,Clear,1
12,Florida,120758,ORANGE (95),NOT APPLICABLE,1,January,7,Saturday,2024,1,1:00am-1:59am,2,Urban,2,Other Freeways and Expressways,28.4212,-81.42546111,2,Dark - Not Lighted,24,Guardrail Face,1,Clear,1
12,Florida,120759,BROWARD (11),POMPANO BEACH,3,March,4,Wednesday,2024,2,2:00am-2:59am,2,Urban,4,Minor Arterial,26.26325,-80.16820278,3,Dark - Lighted,8,Pedestrian,1,Clear,1
12,Florida,120760,ESCAMBIA (33),NOT APPLICABLE,3,March,7,Saturday,2024,23,11:00pm-11:59pm,2,Urban,1,Interstate,30.50336944,-87.22281111,3,Dark - Lighted,25,Concrete Traffic Barrier,1,Clear,1
12,Florida,120761,ESCAMBIA (33),NOT APPLICABLE,3,March,2,Monday,2024,17,5:00pm-5:59pm,2,Urban,4,Minor Arterial,30.46881389,-87.24304167,1,Daylight,9,Pedalcyclist,10,Cloudy,1
12,Florida,120762,BROWARD (11),Other,3,March,5,Thursday,2024,20,8:00pm-8:59pm,2,Urban,3,Other Principal Arterial,25.98596389,-80.20653333,6,Dark - Unknown Lighting,8,Pedestrian,98,Not Reported,1
12,Florida,120763,BROWARD (11),POMPANO BEACH,3,March,5,Thursday,2024,2,2:00am-2:59am,2,Urban,2,Other Freeways and Expressways,26.24065,-80.16975,3,Dark - Lighted,14,Parked Motor Vehicle,1,Clear,1
12,Florida,120764,WALTON (131),NOT APPLICABLE,3,March,6,Friday,2024,17,5:00pm-5:59pm,1,Rural,5,Major Collector,30.33649167,-86.12968889,1,Daylight,1,Rollover/Overturn,1,Clear,1
12,Florida,120765,ORANGE (95),ORLANDO,4,April,2,Monday,2024,20,8:00pm-8:59pm,2,Urban,1,Interstate,28.36466111,-81.515675,2,Dark - Not Lighted,42,Tree (Standing Only),10,Cloudy,1
12,Florida,120766,OSCEOLA (97),NOT APPLICABLE,4,April,2,Monday,2024,6,6:00am-6:59am,2,Urban,5,Major Collector,28.15726944,-81.47508889,2,Dark - Not Lighted,8,Pedestrian,5,"Fog, Smog, Smoke",1
12,Florida,120767,POLK (105),BARTOW,3,March,7,Saturday,2024,23,11:00pm-11:59pm,2,Urban,3,Other Principal Arterial,27.89833333,-81.828775,3,Dark - Lighted,33,Curb,1,Clear,1
12,Florida,120768,POLK (105),NOT APPLICABLE,3,March,1,Sunday,2024,21,9:00pm-9:59pm,2,Urban,4,Minor Arterial,28.06226667,-81.98811944,2,Dark - Not Lighted,8,Pedestrian,1,Clear,1
12,Florida,120769,PINELLAS (103),SAINT PETERSBURG,2,February,3,Tuesday,2024,7,7:00am-7:59am,2,Urban,5,Major Collector,27.74847222,-82.64318611,1,Daylight,8,Pedestrian,1,Clear,1
12,Florida,120770,SANTA ROSA (113),NOT APPLICABLE,1,January,6,Friday,2024,20,8:00pm-8:59pm,2,Urban,3,Other Principal Arterial,30.40160278,-86.87624167,3,Dark - Lighted,8,Pedestrian,1,Clear,1
12,Florida,120771,DUVAL (31),JACKSONVILLE,4,April,3,Tuesday,2024,19,7:00pm-7:59pm,2,Urban,5,Major Collector,30.33604444,-81.76593056,2,Dark - Not Lighted,42,Tree (Standing Only),1,Clear,1
12,Florida,120772,ORANGE (95),NOT APPLICABLE,3,March,3,Tuesday,2024,5,5:00am-5:59am,2,Urban,1,Interstate,28.45109444,-81.4764,3,Dark - Lighted,12,Motor Vehicle In-Transport,1,Clear,1
12,Florida,120773,BROWARD (11),NOT APPLICABLE,3,March,7,Saturday,2024,0,0:00am-0:59am,2,Urban,3,Other Principal Arterial,26.25841944,-80.20154722,3,Dark - Lighted,12,Motor Vehicle In-Transport,2,Rain,1
12,Florida,120774,MIAMI-DADE (86),NOT APPLICABLE,3,March,3,Tuesday,2024,14,2:00pm-2:59pm,2,Urban,2,Other Freeways and Expressways,25.68736944,-80.3513,1,Daylight,12,Motor Vehicle In-Transport,10,Cloudy,1
12,Florida,120775,VOLUSIA (127),NOT APPLICABLE,3,March,6,Friday,2024,4,4:00am-4:59am,2,Urban,3,Other Principal Arterial,29.10833889,-81.201,2,Dark - Not Lighted,8,Pedestrian,1,Clear,1
12,Florida,120776,BROWARD (11),PARKLAND,4,April,2,Monday,2024,4,4:00am-4:59am,2,Urban,7,Local,26.32735,-80.27324167,3,Dark - Lighted,33,Curb,1,Clear,1
12,Florida,120777,MARION (83),NOT APPLICABLE,4,April,5,Thursday,2024,10,10:00am-10:59am,1,Rural,6,Minor Collector,29.18728333,-82.35419722,1,Daylight,59,Traffic Sign Support,1,Clear,1
12,Florida,120778,PALM BEACH (99),WEST PALM BEACH,4,April,6,Friday,2024,22,10:00pm-10:59pm,2,Urban,3,Other Principal Arterial,26.69080556,-80.07396389,3,Dark - Lighted,8,Pedestrian,1,Clear,1
12,Florida,120779,LEE (71),CAPE CORAL,4,April,7,Saturday,2024,20,8:00pm-8:59pm,1,Rural,3,Other Principal Arterial,26.71595833,-82.03921389,2,Dark - Not Lighted,1,Rollover/Overturn,1,Clear,1