STATE,STATENAME,ST_CASE,COUNTYNAME,CITYNAME,MONTH,MONTHNAME,DAY_WEEK,DAY_WEEKNAME,YEAR,HOUR,HOURNAME,RUR_URB,RUR_URBNAME,FUNC_SYS,FUNC_SYSNAME,LATITUDE,LONGITUD,LGT_COND,LGT_CONDNAME,HARM_EV,HARM_EVNAME,WEATHER,WEATHERNAME,FATALS
12,Florida,121029,VOLUSIA (127),HOLLY HILL,4,April,3,Tuesday,2024,14,2:00pm-2:59pm,2,Urban,3,Other Principal Arterial,29.25090556,-81.07004167,1,Daylight,9,Pedalcyclist,1,Clear,1
12,Florida,121030,ST JOHNS (109),NOT APPLICABLE,4,April,3,Tuesday,2024,1,1:00am-1:59am,1,Rural,3,Other Principal Arterial,30.04598889,-81.42212778,2,Dark - Not Lighted,8,Pedestrian,1,Clear,1
12,Florida,121031,BROWARD (11),POMPANO BEACH,4,April,2,Monday,2024,0,0:00am-0:59am,2,Urban,1,Interstate,26.24666389,-80.13642778,3,Dark - Lighted,12,Motor Vehicle In-Transport,1,Clear,1
12,Florida,121032,MIAMI-DADE (86),HIALEAH,5,May,2,Monday,2024,2,2:00am-2:59am,2,Urban,3,Other Principal Arterial,25.58262778,-80.47814167,6,Dark - Unknown Lighting,8,Pedestrian,10,Cloudy,1
12,Florida,121033,MIAMI-DADE (86),MIAMI BEACH,4,April,2,Monday,2024,20,8:00pm-8:59pm,2,Urban,3,Other Principal Arterial,25.81388611,-80.13336111,2,Dark - Not Lighted,12,Motor Vehicle In-Transport,1,Clear,1
12,Florida,121035,HIGHLANDS (55),NOT APPLICABLE,4,April,1,Sunday,2024,10,10:00am-10:59am,2,Urban,3,Other Principal Arterial,27.45278889,-81.42114167,1,Daylight,12,Motor Vehicle In-Transport,1,Clear,1
12,Florida,121036,ALACHUA (1),GAINESVILLE,5,May,7,Saturday,2024,2,2:00am-2:59am,2,Urban,3,Other Principal Arterial,29.65203056,-82.33547778,3,Dark - Lighted,8,Pedestrian,1,Clear,1
12,Florida,121037,ESCAMBIA (33),NOT APPLICABLE,4,April,3,Tuesday,2024,22,10:00pm-10:59pm,2,Urban,5,Major Collector,30.41913889,-87.26558889,2,Dark - Not Lighted,12,Motor Vehicle In-Transport,1,Clear,1
12,Florida,121038,BROWARD (11),CORAL SPRINGS,5,May,1,Sunday,2024,17,5:00pm-5:59pm,2,Urban,3,Other Principal Arterial,26.27231944,-80.23979167,1,Daylight,12,Motor Vehicle In-Transport,1,Clear,1
12,Florida,121039,MIAMI-DADE (86),NOT APPLICABLE,4,April,5,Thursday,2024,14,2:00pm-2:59pm,6,Trafficway Not in State Inventory,96,Trafficway Not in State Inventory,25.62555833,-80.41464444,1,Daylight,8,Pedestrian,1,Clear,1
12,Florida,121040,BAY (5),PANAMA CITY BEACH,5,May,7,Saturday,2024,15,3:00pm-3:59pm,2,Urban,3,Other Principal Arterial,30.21811111,-85.86138611,1,Daylight,12,Motor Vehicle In-Transport,1,Clear,1
12,Florida,121041,MIAMI-DADE (86),MIAMI,5,May,3,Tuesday,2024,23,11:00pm-11:59pm,2,Urban,3,Other Principal Arterial,25.81908889,-80.208,3,Dark - Lighted,9,Pedalcyclist,1,Clear,1
12,Florida,121042,BAY (5),NOT APPLICABLE,5,May,1,Sunday,2024,6,6:00am-6:59am,1,Rural,3,Other Principal Arterial,29.97513889,-85.46471944,4,Dawn,12,Motor Vehicle In-Transport,5,"Fog, Smog, Smoke",1
12,Florida,121043,ST JOHNS (109),NOT APPLICABLE,5,May,7,Saturday,2024,22,10:00pm-10:59pm,1,Rural,1,Interstate,29.99010278,-81.4644,3,Dark - Lighted,12,Motor Vehicle In-Transport,1,Clear,1
12,Florida,121044,BROWARD (11),POMPANO BEACH,4,April,7,Saturday,2024,5,5:00am-5:59am,2,Urban,4,Minor Arterial,26.23868611,-80.14403056,2,Dark - Not Lighted,8,Pedestrian,1,Clear,1
12,Florida,121045,PASCO (101),NOT APPLICABLE,5,May,2,Monday,2024,6,6:00am-6:59am,2,Urban,3,Other Principal Arterial,28.19382778,-82.59541389,4,Dawn,12,Motor Vehicle In-Transport,1,Clear,1
12,Florida,121046,BROWARD (11),POMPANO BEACH,4,April,1,Sunday,2024,0,0:00am-0:59am,2,Urban,4,Minor Arterial,26.24603056,-80.14310556,3,Dark - Lighted,9,Pedalcyclist,1,Clear,1
12,Florida,121047,ORANGE (95),NOT APPLICABLE,5,May,2,Monday,2024,23,11:00pm-11:59pm,2,Urban,2,Other Freeways and Expressways,28.54546389,-81.56628056,3,Dark - Lighted,59,Traffic Sign Support,1,Clear,1
12,Florida,121048,TAYLOR (123),NOT APPLICABLE,5,May,2,Monday,2024,22,10:00pm-10:59pm,1,Rural,5,Major Collector,30.00018889,-83.55919167,2,Dark - Not Lighted,12,Motor Vehicle In-Transport,1,Clear,1
12,Florida,121049,ST LUCIE (111),NOT APPLICABLE,4,April,7,Saturday,2024,20,8:00pm-8:59pm,1,Rural,2,Other Freeways and Expressways,27.48513056,-80.55378889,2,Dark - Not Lighted,12,Motor Vehicle In-Transport,1,Clear,1
12,Florida,121050,DUVAL (31),NOT APPLICABLE,3,March,7,Saturday,2024,23,11:00pm-11:59pm,2,Urban,4,Minor Arterial,30.27534167,-81.83094167,3,Dark - Lighted,8,Pedestrian,1,Clear,1
12,Florida,121051,ORANGE (95),NOT APPLICABLE,4,April,1,Sunday,2024,19,7:00pm-7:59pm,2,Urban,5,Major Collector,28.36578889,-81.42015,3,Dark - Lighted,12,Motor Vehicle In-Transport,1,Clear,1
12,Florida,121052,HENDRY (51),NOT APPLICABLE,5,May,6,Friday,2024,14,2:00pm-2:59pm,1,Rural,3,Other Principal Arterial,26.55143056,-81.43575833,1,Daylight,12,Motor Vehicle In-Transport,10,Cloudy,1
12,Florida,121053,PALM BEACH (99),NOT APPLICABLE,4,April,1,Sunday,2024,12,12:00pm-12:59pm,2,Urban,6,Minor Collector,26.80976389,-80.24502222,9,Reported as Unknown,3,Immersion or Partial Immersion,1,Clear,2
12,Florida,121054,SARASOTA (115),NOT APPLICABLE,5,May,7,Saturday,2024,20,8:00pm-8:59pm,2,Urban,4,Minor Arterial,27.26941389,-82.51303056,3,Dark - Lighted,8,Pedestrian,1,Clear,1
12,Florida,121055,BREVARD (9),TITUSVILLE,3,March,2,Monday,2024,15,3:00pm-3:59pm,2,Urban,4,Minor Arterial,28.6154,-80.80825556,1,Daylight,33,Curb,1,Clear,1
12,Florida,121056,CHARLOTTE (15),NOT APPLICABLE,5,May,1,Sunday,2024,6,6:00am-6:59am,2,Urban,7,Local,26.97383056,-82.1162,2,Dark - Not Lighted,33,Curb,1,Clear,1
12,Florida,121057,PASCO (101),NOT APPLICABLE,5,May,1,Sunday,2024,0,0:00am-0:59am,2,Urban,3,Other Principal Arterial,28.23004167,-82.20603889,2,Dark - Not Lighted,8,Pedestrian,1,Clear,1
12,Florida,121058,VOLUSIA (127),NOT APPLICABLE,5,May,6,Friday,2024,17,5:00pm-5:59pm,2,Urban,4,Minor Arterial,29.23552222,-81.06628611,1,Daylight,12,Motor Vehicle In-Transport,1,Clear,1
12,Florida,121059,HENDRY (51),NOT APPLICABLE,4,April,4,Wednesday,2024,6,6:00am-6:59am,1,Rural,5,Major Collector,26.43736667,-81.02774444,4,Dawn,12,Motor Vehicle In-Transport,10,Cloudy,1
12,Florida,121060,MARION (83),NOT APPLICABLE,5,May,2,Monday,2024,15,3:00pm-3:59pm,2,Urban,3,Other Principal Arterial,29.22228056,-82.21843056,1,Daylight,12,Motor Vehicle In-Transport,1,Clear,2
12,Florida,121061,LEE (71),LEHIGH ACRES,5,May,4,Wednesday,2024,18,6:00pm-6:59pm,2,Urban,4,Minor Arterial,26.65838611,-81.59793889,1,Daylight,12,Motor Vehicle In-Transport,1,Clear,1
12,Florida,121062,BAY (5),PANAMA CITY BEACH,5,May,4,Wednesday,2024,23,11:00pm-11:59pm,2,Urban,3,Other Principal Arterial,30.1248,-85.59111667,3,Dark - Lighted,26,Other Traffic Barrier,10,Cloudy,1
12,Florida,121063,OSCEOLA (97),KISSIMMEE,3,March,1,Sunday,2024,20,8:00pm-8:59pm,2,Urban,3,Other Principal Arterial,28.23531667,-81.487425,3,Dark - Lighted,8,Pedestrian,1,Clear,1
12,Florida,121064,PALM BEACH (99),PALM BEACH GARDENS,4,April,1,Sunday,2024,4,4:00am-4:59am,2,Urban,3,Other Principal Arterial,26.84101944,-80.12987778,3,Dark - Lighted,8,Pedestrian,1,Clear,1
12,Florida,121065,BREVARD (9),COCOA,3,March,7,Saturday,2024,19,7:00pm-7:59pm,2,Urban,3,Other Principal Arterial,28.35762778,-80.73256389,3,Dark - Lighted,8,Pedestrian,1,Clear,1
12,Florida,121066,MIAMI-DADE (86),NOT APPLICABLE,5,May,7,Saturday,2024,8,8:00am-8:59am,2,Urban,3,Other Principal Arterial,25.62713333,-80.38296667,1,Daylight,12,Motor Vehicle In-Transport,1,Clear,1
12,Florida,121067,ORANGE (95),NOT APPLICABLE,5,May,4,Wednesday,2024,8,8:00am-8:59am,2,Urban,2,Other Freeways and Expressways,28.45179722,-81.20752222,1,Daylight,12,Motor Vehicle In-Transport,1,Clear,1
12,Florida,121068,BROWARD (11),SUNRISE,5,May,5,Thursday,2024,1,1:00am-1:59am,1,Rural,2,Other Freeways and Expressways,26.16729444,-80.31994722,3,Dark - Lighted,8,Pedestrian,1,Clear,1
12,Florida,121069,MIAMI-DADE (86),NOT APPLICABLE,5,May,1,Sunday,2024,2,2:00am-2:59am,2,Urban,4,Minor Arterial,25.846275,-80.23355,3,Dark - Lighted,12,Motor Vehicle In-Transport,1,Clear,1
12,Florida,121070,WALTON (131),NOT APPLICABLE,5,May,3,Tuesday,2024,15,3:00pm-3:59pm,2,Urban,3,Other Principal Arterial,30.3768,-86.34891111,1,Daylight,9,Pedalcyclist,1,Clear,1
12,Florida,121071,PASCO (101),NOT APPLICABLE,5,May,3,Tuesday,2024,20,8:00pm-8:59pm,2,Urban,3,Other Principal Arterial,28.25364167,-82.47001389,2,Dark - Not Lighted,12,Motor Vehicle In-Transport,1,Clear,1
12,Florida,121072,PALM BEACH (99),NOT APPLICABLE,5,May,3,Tuesday,2024,6,6:00am-6:59am,1,Rural,3,Other Principal Arterial,26.84098333,-80.19851667,1,Daylight,12,Motor Vehicle In-Transport,1,Clear,1
12,Florida,121073,ORANGE (95),NOT APPLICABLE,4,April,1,Sunday,2024,3,3:00am-3:59am,2,Urban,3,Other Principal Arterial,28.35750833,-81.40457778,3,Dark - Lighted,12,Motor Vehicle In-Transport,1,Clear,1
12,Florida,121074,PASCO (101),NOT APPLICABLE,5,May,3,Tuesday,2024,21,9:00pm-9:59pm,2,Urban,4,Minor Arterial,28.21656667,-82.66601111,3,Dark - Lighted,8,Pedestrian,1,Clear,1
12,Florida,121075,PALM BEACH (99),WEST PALM BEACH,5,May,5,Thursday,2024,5,5:00am-5:59am,2,Urban,3,Other Principal Arterial,26.54491667,-80.20555278,2,Dark - Not Lighted,8,Pedestrian,1,Clear,1
12,Florida,121076,PINELLAS (103),NOT APPLICABLE,5,May,4,Wednesday,2024,1,1:00am-1:59am,2,Urban,4,Minor Arterial,27.81622778,-82.79545833,2,Dark - Not Lighted,8,Pedestrian,1,Clear,1
12,Florida,121077,POLK (105),NOT APPLICABLE,5,May,6,Friday,2024,5,5:00am-5:59am,2,Urban,3,Other Principal Arterial,27.95556111,-81.78387778,3,Dark - Lighted,8,Pedestrian,1,Clear,1
12,Florida,121078,MARION (83),NOT APPLICABLE,5,May,7,Saturday,2024,15,3:00pm-3:59pm,1,Rural,6,Minor Collector,29.26705833,-82.20173333,1,Daylight,12,Motor Vehicle In-Transport,1,Clear,1
12,Florida,121079,ORANGE (95),NOT APPLICABLE,5,May,5,Thursday,2024,23,11:00pm-11:59pm,2,Urban,4,Minor Arterial,28.51711111,-81.29328056,2,Dark - Not Lighted,8,Pedestrian,1,Clear,1
12,Florida,121080,CALHOUN (13),NOT APPLICABLE,5,May,6,Friday,2024,13,1:00pm-1:59pm,1,Rural,3,Other Principal Arterial,30.43553056,-85.08408611,1,Daylight,12,Motor Vehicle In-Transport,10,Cloudy,1
12,Florida,121081,HILLSBOROUGH (57),NOT APPLICABLE,5,May,5,Thursday,2024,13,1:00pm-1:59pm,2,Urban,3,Other Principal Arterial,27.93785833,-82.21958333,1,Daylight,12,Motor Vehicle In-Transport,10,Cloudy,1
12,Florida,121082,ALACHUA (1),NOT APPLICABLE,5,May,6,Friday,2024,4,4:00am-4:59am,1,Rural,5,Major Collector,29.64850556,-82.092075,2,Dark - Not Lighted,38,Fence,1,Clear,1
12,Florida,121083,DUVAL (31),JACKSONVILLE,5,May,1,Sunday,2024,17,5:00pm-5:59pm,2,Urban,1,Interstate,30.17512222,-81.618625,1,Daylight,12,Motor Vehicle In-Transport,1,Clear,1
12,Florida,121084,MIAMI-DADE (86),NOT APPLICABLE,4,April,1,Sunday,2024,19,7:00pm-7:59pm,2,Urban,5,Major Collector,25.53681389,-80.39108333,1,Daylight,12,Motor Vehicle In-Transport,1,Clear,1
12,Florida,121085,BROWARD (11),HALLANDALE BEACH,5,May,5,Thursday,2024,18,6:00pm-6:59pm,2,Urban,1,Interstate,25.98448889,-80.16580833,1,Daylight,12,Motor Vehicle In-Transport,1,Clear,1
12,Florida,121086,BROWARD (11),FORT LAUDERDALE,4,April,2,Monday,2024,2,2:00am-2:59am,2,Urban,3,Other Principal Arterial,26.12170833,-80.17571944,3,Dark - Lighted,8,Pedestrian,1,Clear,1
12,Florida,121087,CHARLOTTE (15),NOT APPLICABLE,5,May,4,Wednesday,2024,10,10:00am-10:59am,1,Rural,4,Minor Arterial,26.76965278,-81.76073889,1,Daylight,12,Motor Vehicle In-Transport,1,Clear,1
12,Florida,121088,MIAMI-DADE (86),HOMESTEAD,5,May,1,Sunday,2024,10,10:00am-10:59am,2,Urban,5,Major Collector,25.45100556,-80.41808611,1,Daylight,33,Curb,1,Clear,1
12,Florida,121089,PINELLAS (103),CLEARWATER,5,May,2,Monday,2024,14,2:00pm-2:59pm,2,Urban,3,Other Principal Arterial,27.96052222,-82.72138611,1,Daylight,15,Non-Motorist on Personal Conveyance,1,Clear,1
12,Florida,121090,SUMTER (119),NOT APPLICABLE,5,May,6,Friday,2024,5,5:00am-5:59am,1,Rural,3,Other Principal Arterial,28.87192222,-82.08710278,3,Dark - Lighted,8,Pedestrian,1,Clear,1
12,Florida,121091,MARTIN (85),STUART,5,May,2,Monday,2024,11,11:00am-11:59am,2,Urban,4,Minor Arterial,27.16538333,-80.21907778,1,Daylight,12,Motor Vehicle In-Transport,1,Clear,1
12,Florida,121092,BROWARD (11),DAVIE,5,May,7,Saturday,2024,8,8:00am-8:59am,2,Urban,1,Interstate,26.10195833,-80.26090833,1,Daylight,12,Motor Vehicle In-Transport,1,Clear,1
12,Florida,121093,HILLSBOROUGH (57),TAMPA,5,May,4,Wednesday,2024,12,12:00pm-12:59pm,8,Not Reported,7,Local,27.912875,-82.49258889,1,Daylight,8,Pedestrian,10,Cloudy,1
12,Florida,121094,MANATEE (81),NOT APPLICABLE,5,May,4,Wednesday,2024,22,10:00pm-10:59pm,2,Urban,3,Other Principal Arterial,27.43878056,-82.45128333,2,Dark - Not Lighted,12,Motor Vehicle In-Transport,1,Clear,1
12,Florida,121095,SARASOTA (115),NOT APPLICABLE,5,May,5,Thursday,2024,22,10:00pm-10:59pm,2,Urban,5,Major Collector,27.00675278,-82.40953889,2,Dark - Not Lighted,42,Tree (Standing Only),1,Clear,1
12,Florida,121096,POLK (105),LAKE WALES,4,April,7,Saturday,2024,1,1:00am-1:59am,2,Urban,5,Major Collector,27.94551389,-81.59526389,2,Dark - Not Lighted,1,Rollover/Overturn,1,Clear,1
12,Florida,121097,DUVAL (31),JACKSONVILLE,5,May,1,Sunday,2024,12,12:00pm-12:59pm,2,Urban,1,Interstate,30.30171111,-81.64061667,1,Daylight,25,Concrete Traffic Barrier,1,Clear,1
12,Florida,121098,HILLSBOROUGH (57),NOT APPLICABLE,5,May,6,Friday,2024,17,5:00pm-5:59pm,2,Urban,4,Minor Arterial,28.07869167,-82.57428056,1,Daylight,12,Motor Vehicle In-Transport,1,Clear,1
12,Florida,121099,LEVY (75),NOT APPLICABLE,5,May,7,Saturday,2024,23,11:00pm-11:59pm,1,Rural,3,Other Principal Arterial,29.27911111,-82.73938333,2,Dark - Not Lighted,12,Motor Vehicle In-Transport,1,Clear,1
12,Florida,121100,PINELLAS (103),Other,5,May,1,Sunday,2024,16,4:00pm-4:59pm,2,Urban,4,Minor Arterial,27.87286111,-82.79524722,1,Daylight,12,Motor Vehicle In-Transport,1,Clear,1
12,Florida,121101,MIAMI-DADE (86),NOT APPLICABLE,5,May,1,Sunday,2024,5,5:00am-5:59am,2,Urban,4,Minor Arterial,25.91181667,-80.18746944,3,Dark - Lighted,8,Pedestrian,1,Clear,1
12,Florida,121102,CHARLOTTE (15),NOT APPLICABLE,5,May,4,Wednesday,2024,13,1:00pm-1:59pm,2,Urban,5,Major Collector,26.94519167,-82.33726667,1,Daylight,12,Motor Vehicle In-Transport,1,Clear,2
12,Florida,121103,ORANGE (95),NOT APPLICABLE,5,May,6,Friday,2024,18,6:00pm-6:59pm,2,Urban,5,Major Collector,28.52581944,-81.40128611,1,Daylight,8,Pedestrian,1,Clear,1
12,Florida,121104,SANTA ROSA (113),NOT APPLICABLE,5,May,4,Wednesday,2024,2,2:00am-2:59am,2,Urban,4,Minor Arterial,30.59320833,-87.17406111,3,Dark - Lighted,24,Guardrail Face,1,Clear,1
12,Florida,121105,VOLUSIA (127),ORMOND BEACH,3,March,5,Thursday,2024,23,11:00pm-11:59pm,2,Urban,3,Other Principal Arterial,29.29899722,-81.08505833,3,Dark - Lighted,12,Motor Vehicle In-Transport,1,Clear,1
12,Florida,121106,HILLSBOROUGH (57),TAMPA,5,May,6,Friday,2024,21,9:00pm-9:59pm,2,Urban,4,Minor Arterial,28.02930278,-82.41628889,3,Dark - Lighted,8,Pedestrian,1,Clear,1
12,Florida,121107,ORANGE (95),NOT APPLICABLE,5,May,6,Friday,2024,23,11:00pm-11:59pm,2,Urban,4,Minor Arterial,28.536725,-81.28561111,3,Dark - Lighted,33,Curb,1,Clear,1
12,Florida,121108,HILLSBOROUGH (57),TAMPA,5,May,5,Thursday,2024,0,0:00am-0:59am,2,Urban,3,Other Principal Arterial,27.89330556,-82.50665556,3,Dark - Lighted,25,Concrete Traffic Barrier,1,Clear,1
12,Florida,121109,DUVAL (31),JACKSONVILLE,5,May,4,Wednesday,2024,17,5:00pm-5:59pm,2,Urban,1,Interstate,30.16731944,-81.56753333,1,Daylight,12,Motor Vehicle In-Transport,1,Clear,1
12,Florida,121110,HENDRY (51),NOT APPLICABLE,5,May,5,Thursday,2024,7,7:00am-7:59am,2,Urban,3,Other Principal Arterial,26.76399722,-81.39002222,1,Daylight,12,Motor Vehicle In-Transport,1,Clear,1
12,Florida,121111,HILLSBOROUGH (57),TAMPA,5,May,5,Thursday,2024,5,5:00am-5:59am,2,Urban,3,Other Principal Arterial,28.04349722,-82.45127222,3,Dark - Lighted,8,Pedestrian,1,Clear,1
12,Florida,121112,MIAMI-DADE (86),NOT APPLICABLE,5,May,1,Sunday,2024,22,10:00pm-10:59pm,2,Urban,2,Other Freeways and Expressways,25.96428611,-80.22871667,3,Dark - Lighted,30,Utility Pole/Light Support,1,Clear,1
12,Florida,121113,VOLUSIA (127),NOT APPLICABLE,5,May,2,Monday,2024,15,3:00pm-3:59pm,2,Urban,1,Interstate,29.31163333,-81.131425,1,Daylight,12,Motor Vehicle In-Transport,1,Clear,2
12,Florida,121114,COLLIER (21),NOT APPLICABLE,5,May,3,Tuesday,2024,14,2:00pm-2:59pm,2,Urban,5,Major Collector,26.24542778,-81.52386944,1,Daylight,42,Tree (Standing Only),1,Clear,1
12,Florida,121115,MIAMI-DADE (86),NOT APPLICABLE,5,May,3,Tuesday,2024,14,2:00pm-2:59pm,2,Urban,7,Local,25.69701111,-80.35007222,1,Daylight,42,Tree (Standing Only),1,Clear,1
12,Florida,121116,PASCO (101),NOT APPLICABLE,5,May,7,Saturday,2024,0,0:00am-0:59am,2,Urban,3,Other Principal Arterial,28.424325,-82.64437222,3,Dark - Lighted,12,Motor Vehicle In-Transport,1,Clear,1
12,Florida,121117,HILLSBOROUGH (57),NOT APPLICABLE,5,May,4,Wednesday,2024,19,7:00pm-7:59pm,1,Rural,3,Other Principal Arterial,28.09765,-82.14193611,5,Dusk,12,Motor Vehicle In-Transport,1,Clear,1
12,Florida,121118,PASCO (101),NOT APPLICABLE,5,May,7,Saturday,2024,16,4:00pm-4:59pm,2,Urban,5,Major Collector,28.341325,-82.67104167,1,Daylight,12,Motor Vehicle In-Transport,1,Clear,1
12,Florida,121119,BROWARD (11),NOT APPLICABLE,5,May,7,Saturday,2024,1,1:00am-1:59am,2,Urban,2,Other Freeways and Expressways,25.97224444,-80.24629722,3,Dark - Lighted,24,Guardrail Face,1,Clear,1
12,Florida,121120,MIAMI-DADE (86),NOT APPLICABLE,5,May,6,Friday,2024,10,10:00am-10:59am,2,Urban,5,Major Collector,25.62622222,-80.41275,1,Daylight,12,Motor Vehicle In-Transport,1,Clear,1
12,Florida,121121,BROWARD (11),NOT APPLICABLE,5,May,7,Saturday,2024,21,9:00pm-9:59pm,2,Urban,1,Interstate,26.11194722,-80.30209722,3,Dark - Lighted,20,Impact Attenuator/Crash Cushion,1,Clear,1
12,Florida,121122,BROWARD (11),DAVIE,5,May,7,Saturday,2024,3,3:00am-3:59am,2,Urban,4,Minor Arterial,26.04688611,-80.21903611,3,Dark - Lighted,33,Curb,1,Clear,1
12,Florida,121123,HILLSBOROUGH (57),NOT APPLICABLE,5,May,7,Saturday,2024,22,10:00pm-10:59pm,2,Urban,3,Other Principal Arterial,28.05595278,-82.50390556,3,Dark - Lighted,12,Motor Vehicle In-Transport,1,Clear,1
12,Florida,121124,MIAMI-DADE (86),NORTH MIAMI,5,May,5,Thursday,2024,15,3:00pm-3:59pm,2,Urban,7,Local,25.88640833,-80.21093611,1,Daylight,8,Pedestrian,1,Clear,1
12,Florida,121125,MIAMI-DADE (86),NOT APPLICABLE,5,May,5,Thursday,2024,6,6:00am-6:59am,2,Urban,3,Other Principal Arterial,25.49223611,-80.47758889,4,Dawn,12,Motor Vehicle In-Transport,1,Clear,1
12,Florida,121126,BROWARD (11),PEMBROKE PINES,5,May,7,Saturday,2024,3,3:00am-3:59am,2,Urban,3,Other Principal Arterial,26.009725,-80.22070556,2,Dark - Not Lighted,33,Curb,1,Clear,1
12,Florida,121127,SUMTER (119),NOT APPLICABLE,5,May,1,Sunday,2024,0,0:00am-0:59am,1,Rural,5,Major Collector,28.65396667,-82.10485,2,Dark - Not Lighted,59,Traffic Sign Support,1,Clear,1
12,Florida,121128,BROWARD (11),FORT LAUDERDALE,5,May,1,Sunday,2024,5,5:00am-5:59am,2,Urban,1,Interstate,26.11798056,-80.32987222,3,Dark - Lighted,12,Motor Vehicle In-Transport,1,Clear,1
12,Florida,121130,VOLUSIA (127),PORT ORANGE,5,May,4,Wednesday,2024,21,9:00pm-9:59pm,2,Urban,3,Other Principal Arterial,29.28202222,-81.08270556,3,Dark - Lighted,8,Pedestrian,1,Clear,1
12,Florida,121131,ORANGE (95),ORLANDO,5,May,4,Wednesday,2024,1,1:00am-1:59am,2,Urban,1,Interstate,28.50882778,-81.41715278,3,Dark - Lighted,24,Guardrail Face,1,Clear,1
12,Florida,121132,MARTIN (85),NOT APPLICABLE,5,May,4,Wednesday,2024,12,12:00pm-12:59pm,2,Urban,4,Minor Arterial,27.066525,-80.13501944,1,Daylight,42,Tree (Standing Only),1,Clear,1
12,Florida,121133,PALM BEACH (99),NOT APPLICABLE,5,May,1,Sunday,2024,4,4:00am-4:59am,2,Urban,3,Other Principal Arterial,26.67943056,-80.17421944,3,Dark - Lighted,12,Motor Vehicle In-Transport,1,Clear,1
12,Florida,121134,DUVAL (31),JACKSONVILLE,5,May,5,Thursday,2024,19,7:00pm-7:59pm,2,Urban,4,Minor Arterial,30.2195,-81.60638611,1,Daylight,12,Motor Vehicle In-Transport,1,Clear,1
12,Florida,121135,OKEECHOBEE (93),NOT APPLICABLE,5,May,7,Saturday,2024,21,9:00pm-9:59pm,1,Rural,7,Local,27.52403333,-81.01465278,2,Dark - Not Lighted,24,Guardrail Face,1,Clear,1
12,Florida,121136,OSCEOLA (97),NOT APPLICABLE,5,May,7,Saturday,2024,22,10:00pm-10:59pm,2,Urban,3,Other Principal Arterial,28.23369444,-81.43404722,3,Dark - Lighted,31,"Post, Pole or Other Supports",1,Clear,1
12,Florida,121137,OSCEOLA (97),NOT APPLICABLE,5,May,1,Sunday,2024,19,7:00pm-7:59pm,2,Urban,5,Major Collector,28.156525,-81.48199722,1,Daylight,12,Motor Vehicle In-Transport,1,Clear,1
12,Florida,121138,PINELLAS (103),NOT APPLICABLE,5,May,1,Sunday,2024,1,1:00am-1:59am,2,Urban,4,Minor Arterial,27.82109167,-82.66798056,3,Dark - Lighted,8,Pedestrian,1,Clear,1
12,Florida,121139,PALM BEACH (99),BOCA RATON,5,May,1,Sunday,2024,21,9:00pm-9:59pm,2,Urban,3,Other Principal Arterial,26.39216667,-80.12125,2,Dark - Not Lighted,8,Pedestrian,1,Clear,1
12,Florida,121140,CALHOUN (13),NOT APPLICABLE,5,May,2,Monday,2024,8,8:00am-8:59am,1,Rural,4,Minor Arterial,30.24134167,-85.20870556,1,Daylight,1,Rollover/Overturn,1,Clear,1
12,Florida,121141,BROWARD (11),HOLLYWOOD,5,May,5,Thursday,2024,20,8:00pm-8:59pm,2,Urban,4,Minor Arterial,26.04694444,-80.19591111,3,Dark - Lighted,8,Pedestrian,1,Clear,1
12,Florida,121142,PALM BEACH (99),LAKE WORTH,5,May,1,Sunday,2024,13,1:00pm-1:59pm,2,Urban,1,Interstate,26.57005,-80.06953889,1,Daylight,1,Rollover/Overturn,1,Clear,1
12,Florida,121143,MIAMI-DADE (86),NOT APPLICABLE,5,May,3,Tuesday,2024,4,4:00am-4:59am,9,Unknown,7,Local,25.55890556,-80.38698056,2,Dark - Not Lighted,8,Pedestrian,1,Clear,1
12,Florida,121144,POLK (105),LAKELAND,5,May,3,Tuesday,2024,9,9:00am-9:59am,2,Urban,5,Major Collector,28.15344722,-81.92195833,1,Daylight,12,Motor Vehicle In-Transport,1,Clear,1
12,Florida,121145,HILLSBOROUGH (57),TAMPA,1,January,3,Tuesday,2024,21,9:00pm-9:59pm,2,Urban,5,Major Collector,27.95032778,-82.50589722,3,Dark - Lighted,30,Utility Pole/Light Support,1,Clear,1
12,Florida,121147,MIAMI-DADE (86),MIAMI,5,May,2,Monday,2024,11,11:00am-11:59am,2,Urban,3,Other Principal Arterial,25.76465278,-80.25433889,1,Daylight,8,Pedestrian,1,Clear,1
12,Florida,121148,BROWARD (11),FORT LAUDERDALE,5,May,6,Friday,2024,14,2:00pm-2:59pm,2,Urban,4,Minor Arterial,26.17255278,-80.09988889,1,Daylight,8,Pedestrian,1,Clear,1
12,Florida,121149,BROWARD (11),FORT LAUDERDALE,5,May,5,Thursday,2024,2,2:00am-2:59am,2,Urban,1,Interstate,26.12903611,-80.16910833,3,Dark - Lighted,12,Motor Vehicle In-Transport,1,Clear,1
12,Florida,121150,ORANGE (95),NOT APPLICABLE,5,May,1,Sunday,2024,2,2:00am-2:59am,2,Urban,3,Other Principal Arterial,28.729975,-81.60495556,3,Dark - Lighted,12,Motor Vehicle In-Transport,1,Clear,1
12,Florida,121151,DUVAL (31),JACKSONVILLE,5,May,6,Friday,2024,18,6:00pm-6:59pm,2,Urban,4,Minor Arterial,30.18605833,-81.62801667,1,Daylight,8,Pedestrian,1,Clear,1
12,Florida,121152,PALM BEACH (99),NOT APPLICABLE,6,June,1,Sunday,2024,7,7:00am-7:59am,2,Urban,2,Other Freeways and Expressways,26.45397222,-80.17767222,1,Daylight,8,Pedestrian,1,Clear,1