STATE,STATENAME,ST_CASE,COUNTYNAME,CITYNAME,MONTH,MONTHNAME,DAY_WEEK,DAY_WEEKNAME,YEAR,HOUR,HOURNAME,RUR_URB,RUR_URBNAME,FUNC_SYS,FUNC_SYSNAME,LATITUDE,LONGITUD,LGT_COND,LGT_CONDNAME,HARM_EV,HARM_EVNAME,WEATHER,WEATHERNAME,FATALS
12,Florida,121768,VOLUSIA (127),NOT APPLICABLE,7,July,7,Saturday,2024,23,11:00pm-11:59pm,2,Urban,1,Interstate,28.8372,-81.31711944,2,Dark - Not Lighted,12,Motor Vehicle In-Transport,1,Clear,1
12,Florida,121769,BROWARD (11),PEMBROKE PARK,8,August,5,Thursday,2024,6,6:00am-6:59am,2,Urban,7,Local,26.00048333,-80.309275,6,Dark - Unknown Lighting,8,Pedestrian,2,Rain,1
12,Florida,121770,VOLUSIA (127),DEBARY,4,April,1,Sunday,2024,18,6:00pm-6:59pm,2,Urban,3,Other Principal Arterial,28.84562778,-81.32213889,5,Dusk,12,Motor Vehicle In-Transport,1,Clear,1
12,Florida,121771,ALACHUA (1),GAINESVILLE,8,August,6,Friday,2024,18,6:00pm-6:59pm,2,Urban,3,Other Principal Arterial,29.70242778,-82.277525,1,Daylight,30,Utility Pole/Light Support,1,Clear,1
12,Florida,121772,HILLSBOROUGH (57),TAMPA,8,August,6,Friday,2024,12,12:00pm-12:59pm,2,Urban,7,Local,27.9172,-82.49126667,1,Daylight,42,Tree (Standing Only),1,Clear,1
12,Florida,121773,LEVY (75),NOT APPLICABLE,8,August,7,Saturday,2024,19,7:00pm-7:59pm,1,Rural,5,Major Collector,29.0373,-82.59464167,5,Dusk,32,Culvert,10,Cloudy,1
12,Florida,121774,DUVAL (31),JACKSONVILLE,8,August,6,Friday,2024,16,4:00pm-4:59pm,2,Urban,7,Local,30.33458056,-81.48369444,1,Daylight,12,Motor Vehicle In-Transport,1,Clear,1
12,Florida,121775,LEE (71),NOT APPLICABLE,8,August,7,Saturday,2024,20,8:00pm-8:59pm,2,Urban,3,Other Principal Arterial,26.58633611,-81.72443889,3,Dark - Lighted,12,Motor Vehicle In-Transport,1,Clear,1
12,Florida,121776,PALM BEACH (99),NOT APPLICABLE,8,August,1,Sunday,2024,8,8:00am-8:59am,2,Urban,3,Other Principal Arterial,26.64840556,-80.11229722,1,Daylight,30,Utility Pole/Light Support,2,Rain,2
12,Florida,121777,BROWARD (11),PLANTATION,1,January,3,Tuesday,2024,18,6:00pm-6:59pm,2,Urban,7,Local,26.12278889,-80.2414,2,Dark - Not Lighted,8,Pedestrian,1,Clear,1
12,Florida,121778,CLAY (19),Not Reported,8,August,6,Friday,2024,10,10:00am-10:59am,2,Urban,3,Other Principal Arterial,30.06818056,-81.70701944,1,Daylight,12,Motor Vehicle In-Transport,1,Clear,1
12,Florida,121779,VOLUSIA (127),PORT ORANGE,9,September,3,Tuesday,2024,0,0:00am-0:59am,2,Urban,4,Minor Arterial,29.10470278,-81.06879722,3,Dark - Lighted,1,Rollover/Overturn,1,Clear,1
12,Florida,121780,PALM BEACH (99),NOT APPLICABLE,8,August,7,Saturday,2024,20,8:00pm-8:59pm,2,Urban,7,Local,26.7647,-80.31269167,5,Dusk,12,Motor Vehicle In-Transport,1,Clear,1
12,Florida,121781,VOLUSIA (127),ORANGE CITY,8,August,7,Saturday,2024,20,8:00pm-8:59pm,2,Urban,5,Major Collector,28.94866389,-81.28285,2,Dark - Not Lighted,9,Pedalcyclist,1,Clear,1
12,Florida,121782,ALACHUA (1),GAINESVILLE,9,September,1,Sunday,2024,11,11:00am-11:59am,2,Urban,3,Other Principal Arterial,29.68865556,-82.367225,1,Daylight,12,Motor Vehicle In-Transport,1,Clear,2
12,Florida,121783,VOLUSIA (127),NOT APPLICABLE,8,August,1,Sunday,2024,3,3:00am-3:59am,2,Urban,1,Interstate,29.18050833,-81.01600278,2,Dark - Not Lighted,1,Rollover/Overturn,1,Clear,1
12,Florida,121784,MIAMI-DADE (86),NOT APPLICABLE,8,August,1,Sunday,2024,23,11:00pm-11:59pm,2,Urban,3,Other Principal Arterial,25.51532222,-80.43053611,3,Dark - Lighted,8,Pedestrian,1,Clear,1
12,Florida,121785,PALM BEACH (99),PALM BEACH GARDENS,8,August,2,Monday,2024,14,2:00pm-2:59pm,2,Urban,5,Major Collector,26.83055278,-80.09192778,1,Daylight,10,Railway Vehicle,1,Clear,1
12,Florida,121786,LEE (71),NOT APPLICABLE,8,August,2,Monday,2024,22,10:00pm-10:59pm,2,Urban,5,Major Collector,26.72580278,-81.897125,2,Dark - Not Lighted,8,Pedestrian,1,Clear,1
12,Florida,121787,DUVAL (31),JACKSONVILLE,9,September,1,Sunday,2024,14,2:00pm-2:59pm,2,Urban,3,Other Principal Arterial,30.35238333,-81.55123056,1,Daylight,12,Motor Vehicle In-Transport,1,Clear,1
12,Florida,121788,MADISON (79),NOT APPLICABLE,8,August,3,Tuesday,2024,19,7:00pm-7:59pm,1,Rural,1,Interstate,30.35850833,-83.19613611,1,Daylight,12,Motor Vehicle In-Transport,10,Cloudy,1
12,Florida,121789,LAKE (69),NOT APPLICABLE,8,August,7,Saturday,2024,23,11:00pm-11:59pm,2,Urban,3,Other Principal Arterial,28.80805556,-81.54073611,6,Dark - Unknown Lighting,8,Pedestrian,1,Clear,1
12,Florida,121790,PASCO (101),NOT APPLICABLE,5,May,2,Monday,2024,16,4:00pm-4:59pm,9,Unknown,7,Local,28.28423333,-82.68708889,1,Daylight,8,Pedestrian,1,Clear,1
12,Florida,121791,BROWARD (11),CORAL SPRINGS,8,August,3,Tuesday,2024,2,2:00am-2:59am,2,Urban,4,Minor Arterial,26.28723333,-80.26295556,3,Dark - Lighted,33,Curb,1,Clear,1
12,Florida,121793,MANATEE (81),NOT APPLICABLE,8,August,3,Tuesday,2024,7,7:00am-7:59am,2,Urban,7,Local,27.56507778,-82.58649722,1,Daylight,8,Pedestrian,1,Clear,1
12,Florida,121795,LEE (71),FORT MYERS,8,August,3,Tuesday,2024,12,12:00pm-12:59pm,2,Urban,3,Other Principal Arterial,26.60971944,-81.82141111,1,Daylight,12,Motor Vehicle In-Transport,1,Clear,1
12,Florida,121796,ALACHUA (1),GAINESVILLE,8,August,6,Friday,2024,10,10:00am-10:59am,2,Urban,3,Other Principal Arterial,29.68014167,-82.33900556,1,Daylight,12,Motor Vehicle In-Transport,10,Cloudy,1
12,Florida,121797,COLLIER (21),NOT APPLICABLE,8,August,4,Wednesday,2024,16,4:00pm-4:59pm,2,Urban,3,Other Principal Arterial,26.06797778,-81.70626389,1,Daylight,9,Pedalcyclist,2,Rain,1
12,Florida,121798,LAKE (69),NOT APPLICABLE,8,August,2,Monday,2024,21,9:00pm-9:59pm,1,Rural,7,Local,28.81521667,-81.52108611,5,Dusk,1,Rollover/Overturn,1,Clear,1
12,Florida,121799,VOLUSIA (127),DAYTONA BEACH,7,July,3,Tuesday,2024,5,5:00am-5:59am,2,Urban,3,Other Principal Arterial,29.19416111,-81.06335278,4,Dawn,12,Motor Vehicle In-Transport,1,Clear,1
12,Florida,121800,MIAMI-DADE (86),NOT APPLICABLE,8,August,5,Thursday,2024,17,5:00pm-5:59pm,2,Urban,4,Minor Arterial,25.71578611,-80.35835556,1,Daylight,8,Pedestrian,1,Clear,1
12,Florida,121801,LAKE (69),TAVARES,9,September,2,Monday,2024,19,7:00pm-7:59pm,2,Urban,7,Local,28.75322222,-81.766825,1,Daylight,8,Pedestrian,2,Rain,1
12,Florida,121802,PASCO (101),NOT APPLICABLE,9,September,3,Tuesday,2024,0,0:00am-0:59am,2,Urban,5,Major Collector,28.39256111,-82.58502778,2,Dark - Not Lighted,59,Traffic Sign Support,1,Clear,1
12,Florida,121803,HILLSBOROUGH (57),NOT APPLICABLE,8,August,4,Wednesday,2024,20,8:00pm-8:59pm,2,Urban,4,Minor Arterial,27.94418333,-82.285825,3,Dark - Lighted,12,Motor Vehicle In-Transport,1,Clear,1
12,Florida,121804,DUVAL (31),JACKSONVILLE,9,September,2,Monday,2024,18,6:00pm-6:59pm,2,Urban,4,Minor Arterial,30.37481389,-81.714175,1,Daylight,12,Motor Vehicle In-Transport,1,Clear,1
12,Florida,121805,SUMTER (119),NOT APPLICABLE,8,August,3,Tuesday,2024,2,2:00am-2:59am,1,Rural,1,Interstate,28.86923889,-82.092025,2,Dark - Not Lighted,24,Guardrail Face,1,Clear,1
12,Florida,121806,UNION (125),NOT APPLICABLE,8,August,6,Friday,2024,1,1:00am-1:59am,2,Urban,4,Minor Arterial,29.99164722,-82.38183889,2,Dark - Not Lighted,34,Ditch,1,Clear,1
12,Florida,121807,DUVAL (31),JACKSONVILLE,9,September,6,Friday,2024,0,0:00am-0:59am,2,Urban,4,Minor Arterial,30.18538056,-81.62844167,3,Dark - Lighted,9,Pedalcyclist,10,Cloudy,1
12,Florida,121808,SEMINOLE (117),NOT APPLICABLE,8,August,5,Thursday,2024,21,9:00pm-9:59pm,2,Urban,2,Other Freeways and Expressways,28.61228889,-81.25885278,2,Dark - Not Lighted,34,Ditch,10,Cloudy,1
12,Florida,121809,HILLSBOROUGH (57),NOT APPLICABLE,9,September,1,Sunday,2024,3,3:00am-3:59am,2,Urban,5,Major Collector,28.01042778,-82.48887778,3,Dark - Lighted,14,Parked Motor Vehicle,1,Clear,1
12,Florida,121810,MIAMI-DADE (86),CORAL GABLES,9,September,2,Monday,2024,2,2:00am-2:59am,2,Urban,3,Other Principal Arterial,25.72489444,-80.26354722,3,Dark - Lighted,1,Rollover/Overturn,10,Cloudy,1
12,Florida,121811,HILLSBOROUGH (57),TEMPLE TERRACE,9,September,2,Monday,2024,14,2:00pm-2:59pm,2,Urban,3,Other Principal Arterial,28.05431944,-82.39370278,1,Daylight,15,Non-Motorist on Personal Conveyance,1,Clear,1
12,Florida,121812,MIAMI-DADE (86),MIAMI,9,September,4,Wednesday,2024,18,6:00pm-6:59pm,2,Urban,5,Major Collector,25.84382222,-80.19267222,1,Daylight,12,Motor Vehicle In-Transport,1,Clear,1
12,Florida,121813,SUMTER (119),NOT APPLICABLE,8,August,4,Wednesday,2024,7,7:00am-7:59am,2,Urban,7,Local,28.90783889,-81.98131111,1,Daylight,8,Pedestrian,1,Clear,1
12,Florida,121814,DUVAL (31),JACKSONVILLE,9,September,2,Monday,2024,8,8:00am-8:59am,2,Urban,7,Local,30.28962778,-81.76496944,1,Daylight,8,Pedestrian,1,Clear,1
12,Florida,121815,MIAMI-DADE (86),MIAMI,8,August,6,Friday,2024,4,4:00am-4:59am,2,Urban,3,Other Principal Arterial,25.74329722,-80.23803333,2,Dark - Not Lighted,8,Pedestrian,1,Clear,1
12,Florida,121816,SUWANNEE (121),NOT APPLICABLE,8,August,5,Thursday,2024,15,3:00pm-3:59pm,1,Rural,5,Major Collector,30.05829167,-82.87845556,1,Daylight,12,Motor Vehicle In-Transport,1,Clear,1
12,Florida,121817,ST LUCIE (111),NOT APPLICABLE,8,August,4,Wednesday,2024,21,9:00pm-9:59pm,1,Rural,3,Other Principal Arterial,27.37986389,-80.472875,2,Dark - Not Lighted,12,Motor Vehicle In-Transport,1,Clear,1
12,Florida,121818,DUVAL (31),JACKSONVILLE,8,August,3,Tuesday,2024,6,6:00am-6:59am,2,Urban,7,Local,30.36094722,-81.67426944,1,Daylight,12,Motor Vehicle In-Transport,1,Clear,1
12,Florida,121819,PINELLAS (103),SAINT PETERSBURG,6,June,3,Tuesday,2024,21,9:00pm-9:59pm,2,Urban,4,Minor Arterial,27.835325,-82.63868611,3,Dark - Lighted,8,Pedestrian,1,Clear,1
12,Florida,121820,ORANGE (95),NOT APPLICABLE,8,August,3,Tuesday,2024,13,1:00pm-1:59pm,2,Urban,3,Other Principal Arterial,28.49015556,-81.39681111,1,Daylight,12,Motor Vehicle In-Transport,1,Clear,1
12,Florida,121821,BROWARD (11),HOLLYWOOD,8,August,7,Saturday,2024,2,2:00am-2:59am,2,Urban,1,Interstate,26.01101111,-80.16683056,3,Dark - Lighted,8,Pedestrian,2,Rain,1
12,Florida,121822,BROWARD (11),POMPANO BEACH,6,June,3,Tuesday,2024,3,3:00am-3:59am,2,Urban,4,Minor Arterial,26.32059444,-80.099775,2,Dark - Not Lighted,9,Pedalcyclist,1,Clear,1
12,Florida,121823,PINELLAS (103),CLEARWATER,8,August,6,Friday,2024,22,10:00pm-10:59pm,2,Urban,3,Other Principal Arterial,27.96153889,-82.69431111,3,Dark - Lighted,12,Motor Vehicle In-Transport,1,Clear,1
12,Florida,121824,VOLUSIA (127),DELTONA,8,August,7,Saturday,2024,2,2:00am-2:59am,2,Urban,4,Minor Arterial,28.93461111,-81.20494444,2,Dark - Not Lighted,30,Utility Pole/Light Support,10,Cloudy,1
12,Florida,121825,PALM BEACH (99),NOT APPLICABLE,8,August,7,Saturday,2024,4,4:00am-4:59am,2,Urban,2,Other Freeways and Expressways,26.76510278,-80.13351111,2,Dark - Not Lighted,12,Motor Vehicle In-Transport,1,Clear,1
12,Florida,121826,BROWARD (11),POMPANO BEACH,8,August,2,Monday,2024,3,3:00am-3:59am,2,Urban,7,Local,26.09530833,-80.21305278,2,Dark - Not Lighted,12,Motor Vehicle In-Transport,1,Clear,1
12,Florida,121827,MONROE (87),LAYTON,8,August,3,Tuesday,2024,13,1:00pm-1:59pm,1,Rural,3,Other Principal Arterial,24.82345556,-80.81693056,1,Daylight,59,Traffic Sign Support,1,Clear,1
12,Florida,121828,LEE (71),CAPE CORAL,6,June,1,Sunday,2024,13,1:00pm-1:59pm,2,Urban,4,Minor Arterial,26.581775,-81.94220556,1,Daylight,12,Motor Vehicle In-Transport,1,Clear,1
12,Florida,121829,PALM BEACH (99),NOT APPLICABLE,8,August,5,Thursday,2024,16,4:00pm-4:59pm,2,Urban,3,Other Principal Arterial,26.51573611,-80.14741667,1,Daylight,12,Motor Vehicle In-Transport,1,Clear,1
12,Florida,121830,WALTON (131),NOT APPLICABLE,7,July,4,Wednesday,2024,21,9:00pm-9:59pm,1,Rural,3,Other Principal Arterial,30.35727222,-86.12965278,3,Dark - Lighted,12,Motor Vehicle In-Transport,1,Clear,1
12,Florida,121831,GULF (45),NOT APPLICABLE,8,August,7,Saturday,2024,20,8:00pm-8:59pm,1,Rural,3,Other Principal Arterial,29.85078056,-85.33150278,2,Dark - Not Lighted,12,Motor Vehicle In-Transport,1,Clear,1
12,Florida,121832,MIAMI-DADE (86),NORTH MIAMI BEACH,6,June,2,Monday,2024,4,4:00am-4:59am,8,Not Reported,7,Local,25.93019444,-80.18376667,3,Dark - Lighted,8,Pedestrian,1,Clear,1
12,Florida,121833,COLLIER (21),NOT APPLICABLE,7,July,6,Friday,2024,7,7:00am-7:59am,2,Urban,4,Minor Arterial,26.211425,-81.78758056,1,Daylight,12,Motor Vehicle In-Transport,1,Clear,1
12,Florida,121835,PINELLAS (103),SAINT PETERSBURG,7,July,1,Sunday,2024,14,2:00pm-2:59pm,2,Urban,4,Minor Arterial,27.74841667,-82.65210833,1,Daylight,12,Motor Vehicle In-Transport,1,Clear,1
12,Florida,121836,PALM BEACH (99),GREENACRES CITY,9,September,5,Thursday,2024,18,6:00pm-6:59pm,2,Urban,6,Minor Collector,26.62286111,-80.14658056,1,Daylight,15,Non-Motorist on Personal Conveyance,1,Clear,1
12,Florida,121837,DIXIE (29),NOT APPLICABLE,9,September,3,Tuesday,2024,16,4:00pm-4:59pm,1,Rural,3,Other Principal Arterial,29.61698056,-83.09529722,1,Daylight,12,Motor Vehicle In-Transport,2,Rain,1
12,Florida,121838,POLK (105),HAINES CITY,8,August,6,Friday,2024,20,8:00pm-8:59pm,2,Urban,3,Other Principal Arterial,28.15786389,-81.63991111,3,Dark - Lighted,8,Pedestrian,1,Clear,1
12,Florida,121839,ORANGE (95),NOT APPLICABLE,7,July,2,Monday,2024,3,3:00am-3:59am,2,Urban,2,Other Freeways and Expressways,28.54800556,-81.21554167,3,Dark - Lighted,12,Motor Vehicle In-Transport,10,Cloudy,1
12,Florida,121840,MIAMI-DADE (86),NOT APPLICABLE,8,August,6,Friday,2024,2,2:00am-2:59am,2,Urban,2,Other Freeways and Expressways,25.92041389,-80.32505833,6,Dark - Unknown Lighting,12,Motor Vehicle In-Transport,1,Clear,1
12,Florida,121841,POLK (105),NOT APPLICABLE,8,August,7,Saturday,2024,21,9:00pm-9:59pm,2,Urban,3,Other Principal Arterial,27.82469444,-81.82226389,2,Dark - Not Lighted,1,Rollover/Overturn,2,Rain,1
12,Florida,121842,LAKE (69),NOT APPLICABLE,8,August,1,Sunday,2024,3,3:00am-3:59am,1,Rural,3,Other Principal Arterial,28.93704722,-81.43398889,2,Dark - Not Lighted,8,Pedestrian,1,Clear,1
12,Florida,121843,ORANGE (95),NOT APPLICABLE,8,August,1,Sunday,2024,22,10:00pm-10:59pm,2,Urban,3,Other Principal Arterial,28.55177778,-81.50431111,3,Dark - Lighted,8,Pedestrian,1,Clear,1
12,Florida,121844,PALM BEACH (99),BOCA RATON,8,August,5,Thursday,2024,9,9:00am-9:59am,2,Urban,1,Interstate,26.34243889,-80.11783611,1,Daylight,12,Motor Vehicle In-Transport,10,Cloudy,1
12,Florida,121845,LEE (71),NOT APPLICABLE,8,August,6,Friday,2024,17,5:00pm-5:59pm,2,Urban,5,Major Collector,26.31645,-81.78895278,1,Daylight,12,Motor Vehicle In-Transport,2,Rain,1
12,Florida,121846,MIAMI-DADE (86),NOT APPLICABLE,8,August,3,Tuesday,2024,22,10:00pm-10:59pm,2,Urban,3,Other Principal Arterial,25.86851667,-80.22621667,3,Dark - Lighted,12,Motor Vehicle In-Transport,1,Clear,1
12,Florida,121847,COLLIER (21),NOT APPLICABLE,8,August,6,Friday,2024,12,12:00pm-12:59pm,2,Urban,4,Minor Arterial,26.10931389,-81.72985278,1,Daylight,12,Motor Vehicle In-Transport,10,Cloudy,1
12,Florida,121848,PASCO (101),NOT APPLICABLE,8,August,6,Friday,2024,21,9:00pm-9:59pm,2,Urban,4,Minor Arterial,28.22765278,-82.66594722,2,Dark - Not Lighted,12,Motor Vehicle In-Transport,1,Clear,1
12,Florida,121849,MARION (83),OCALA,6,June,6,Friday,2024,18,6:00pm-6:59pm,2,Urban,4,Minor Arterial,29.15715,-82.11166389,1,Daylight,12,Motor Vehicle In-Transport,1,Clear,1
12,Florida,121850,PASCO (101),NOT APPLICABLE,9,September,1,Sunday,2024,2,2:00am-2:59am,2,Urban,5,Major Collector,28.38288611,-82.69046389,2,Dark - Not Lighted,53,Mail Box,1,Clear,1
12,Florida,121851,DUVAL (31),JACKSONVILLE,8,August,6,Friday,2024,3,3:00am-3:59am,2,Urban,1,Interstate,30.33691944,-81.66866389,2,Dark - Not Lighted,23,Bridge Rail (Includes parapet),1,Clear,1
12,Florida,121852,DUVAL (31),JACKSONVILLE,9,September,3,Tuesday,2024,8,8:00am-8:59am,2,Urban,4,Minor Arterial,30.41894444,-81.63756111,1,Daylight,12,Motor Vehicle In-Transport,1,Clear,1
12,Florida,121853,PALM BEACH (99),NOT APPLICABLE,8,August,7,Saturday,2024,1,1:00am-1:59am,2,Urban,4,Minor Arterial,26.71067222,-80.11921944,3,Dark - Lighted,12,Motor Vehicle In-Transport,1,Clear,1
12,Florida,121854,PASCO (101),NOT APPLICABLE,9,September,1,Sunday,2024,1,1:00am-1:59am,2,Urban,3,Other Principal Arterial,28.35695278,-82.69828333,3,Dark - Lighted,12,Motor Vehicle In-Transport,1,Clear,1
12,Florida,121855,PALM BEACH (99),WEST PALM BEACH,9,September,3,Tuesday,2024,9,9:00am-9:59am,2,Urban,1,Interstate,26.46167778,-80.08868611,1,Daylight,8,Pedestrian,2,Rain,1
12,Florida,121856,ALACHUA (1),NEWBERRY,9,September,4,Wednesday,2024,19,7:00pm-7:59pm,1,Rural,3,Other Principal Arterial,29.60161111,-82.57553056,1,Daylight,12,Motor Vehicle In-Transport,1,Clear,1
12,Florida,121857,PALM BEACH (99),RIVIERA BEACH,9,September,5,Thursday,2024,22,10:00pm-10:59pm,2,Urban,4,Minor Arterial,26.78117778,-80.08318889,3,Dark - Lighted,8,Pedestrian,1,Clear,1
12,Florida,121858,PALM BEACH (99),PALM SPRINGS,9,September,5,Thursday,2024,20,8:00pm-8:59pm,2,Urban,3,Other Principal Arterial,26.62120278,-80.08910833,2,Dark - Not Lighted,8,Pedestrian,1,Clear,1
12,Florida,121859,LEVY (75),NOT APPLICABLE,8,August,1,Sunday,2024,15,3:00pm-3:59pm,1,Rural,5,Major Collector,29.04807222,-82.56895833,1,Daylight,35,Embankment,1,Clear,1
12,Florida,121860,ORANGE (95),ORLANDO,9,September,4,Wednesday,2024,4,4:00am-4:59am,2,Urban,7,Local,28.45306389,-81.30888333,3,Dark - Lighted,43,Other Fixed Object,1,Clear,1
12,Florida,121861,SARASOTA (115),NOT APPLICABLE,8,August,2,Monday,2024,16,4:00pm-4:59pm,2,Urban,4,Minor Arterial,27.00849167,-82.38130833,1,Daylight,30,Utility Pole/Light Support,10,Cloudy,1
12,Florida,121862,SUMTER (119),NOT APPLICABLE,9,September,6,Friday,2024,8,8:00am-8:59am,1,Rural,7,Local,28.90178333,-82.07023056,1,Daylight,12,Motor Vehicle In-Transport,1,Clear,1
12,Florida,121863,ST JOHNS (109),NOT APPLICABLE,8,August,1,Sunday,2024,22,10:00pm-10:59pm,1,Rural,1,Interstate,29.83057222,-81.38186667,2,Dark - Not Lighted,14,Parked Motor Vehicle,1,Clear,1
12,Florida,121864,SARASOTA (115),NOT APPLICABLE,9,September,1,Sunday,2024,13,1:00pm-1:59pm,2,Urban,3,Other Principal Arterial,27.06207222,-82.41629722,1,Daylight,12,Motor Vehicle In-Transport,1,Clear,2
12,Florida,121865,OSCEOLA (97),NOT APPLICABLE,8,August,5,Thursday,2024,17,5:00pm-5:59pm,2,Urban,4,Minor Arterial,28.15455,-81.47085833,1,Daylight,34,Ditch,10,Cloudy,1
12,Florida,121866,LEON (73),TALLAHASSEE,8,August,1,Sunday,2024,21,9:00pm-9:59pm,2,Urban,5,Major Collector,30.44923611,-84.33789444,3,Dark - Lighted,33,Curb,1,Clear,1
12,Florida,121867,PALM BEACH (99),NOT APPLICABLE,8,August,2,Monday,2024,6,6:00am-6:59am,2,Urban,3,Other Principal Arterial,26.66878333,-80.08789444,4,Dawn,12,Motor Vehicle In-Transport,1,Clear,1
12,Florida,121868,SUMTER (119),NOT APPLICABLE,8,August,2,Monday,2024,18,6:00pm-6:59pm,2,Urban,5,Major Collector,28.90916667,-82.03071389,1,Daylight,12,Motor Vehicle In-Transport,1,Clear,1
12,Florida,121869,MIAMI-DADE (86),MIAMI,8,August,3,Tuesday,2024,6,6:00am-6:59am,2,Urban,3,Other Principal Arterial,25.75040556,-80.23818333,3,Dark - Lighted,12,Motor Vehicle In-Transport,1,Clear,1
12,Florida,121870,PINELLAS (103),LARGO,9,September,4,Wednesday,2024,21,9:00pm-9:59pm,2,Urban,4,Minor Arterial,27.91633333,-82.72651944,3,Dark - Lighted,8,Pedestrian,2,Rain,1
12,Florida,121871,DUVAL (31),JACKSONVILLE,8,August,5,Thursday,2024,0,0:00am-0:59am,2,Urban,3,Other Principal Arterial,30.28830833,-81.79678889,2,Dark - Not Lighted,8,Pedestrian,1,Clear,1
12,Florida,121872,WASHINGTON (133),NOT APPLICABLE,8,August,4,Wednesday,2024,12,12:00pm-12:59pm,1,Rural,4,Minor Arterial,30.78251389,-85.49087222,1,Daylight,32,Culvert,1,Clear,1
12,Florida,121873,POLK (105),NOT APPLICABLE,8,August,6,Friday,2024,22,10:00pm-10:59pm,1,Rural,7,Local,27.98295278,-81.55823889,2,Dark - Not Lighted,1,Rollover/Overturn,1,Clear,1
12,Florida,121874,LEE (71),NOT APPLICABLE,9,September,6,Friday,2024,13,1:00pm-1:59pm,2,Urban,3,Other Principal Arterial,26.54639167,-81.63838333,1,Daylight,12,Motor Vehicle In-Transport,10,Cloudy,1
12,Florida,121875,BROWARD (11),SUNRISE,8,August,6,Friday,2024,20,8:00pm-8:59pm,2,Urban,3,Other Principal Arterial,26.16848889,-80.27059167,3,Dark - Lighted,12,Motor Vehicle In-Transport,1,Clear,1
12,Florida,121876,SARASOTA (115),NOT APPLICABLE,8,August,6,Friday,2024,9,9:00am-9:59am,2,Urban,3,Other Principal Arterial,27.17905833,-82.48215,1,Daylight,30,Utility Pole/Light Support,1,Clear,1
12,Florida,121877,ST LUCIE (111),NOT APPLICABLE,8,August,7,Saturday,2024,12,12:00pm-12:59pm,2,Urban,5,Major Collector,27.30409167,-80.25699167,1,Daylight,53,Mail Box,1,Clear,1
12,Florida,121878,LEE (71),NOT APPLICABLE,8,August,5,Thursday,2024,18,6:00pm-6:59pm,2,Urban,3,Other Principal Arterial,26.557125,-81.6569,1,Daylight,12,Motor Vehicle In-Transport,1,Clear,1
12,Florida,121879,CITRUS (17),NOT APPLICABLE,8,August,7,Saturday,2024,13,1:00pm-1:59pm,2,Urban,3,Other Principal Arterial,28.84044444,-82.57930556,1,Daylight,12,Motor Vehicle In-Transport,1,Clear,2
12,Florida,121880,LAKE (69),NOT APPLICABLE,8,August,3,Tuesday,2024,16,4:00pm-4:59pm,1,Rural,5,Major Collector,28.37613889,-81.77972778,1,Daylight,16,Thrown or Falling Object,1,Clear,1
12,Florida,121881,ESCAMBIA (33),NOT APPLICABLE,8,August,4,Wednesday,2024,12,12:00pm-12:59pm,2,Urban,4,Minor Arterial,30.43392778,-87.24056944,1,Daylight,9,Pedalcyclist,1,Clear,1
12,Florida,121882,HERNANDO (53),NOT APPLICABLE,8,August,6,Friday,2024,15,3:00pm-3:59pm,2,Urban,3,Other Principal Arterial,28.52199722,-82.57006667,1,Daylight,12,Motor Vehicle In-Transport,1,Clear,1
12,Florida,121884,CHARLOTTE (15),PUNTA GORDA,8,August,6,Friday,2024,10,10:00am-10:59am,2,Urban,3,Other Principal Arterial,26.94037778,-82.0394,1,Daylight,12,Motor Vehicle In-Transport,1,Clear,1
12,Florida,121885,OSCEOLA (97),NOT APPLICABLE,8,August,6,Friday,2024,0,0:00am-0:59am,2,Urban,3,Other Principal Arterial,28.33299444,-81.49738333,3,Dark - Lighted,15,Non-Motorist on Personal Conveyance,1,Clear,1
12,Florida,121886,VOLUSIA (127),NOT APPLICABLE,9,September,1,Sunday,2024,2,2:00am-2:59am,2,Urban,3,Other Principal Arterial,29.13881389,-81.35735278,2,Dark - Not Lighted,12,Motor Vehicle In-Transport,1,Clear,1
12,Florida,121887,SANTA ROSA (113),NOT APPLICABLE,8,August,6,Friday,2024,16,4:00pm-4:59pm,1,Rural,7,Local,30.77859444,-86.87459444,1,Daylight,12,Motor Vehicle In-Transport,1,Clear,1
12,Florida,121888,LEON (73),NOT APPLICABLE,9,September,3,Tuesday,2024,20,8:00pm-8:59pm,2,Urban,3,Other Principal Arterial,30.49263889,-84.11766667,2,Dark - Not Lighted,8,Pedestrian,1,Clear,1
12,Florida,121889,PALM BEACH (99),NOT APPLICABLE,8,August,6,Friday,2024,15,3:00pm-3:59pm,2,Urban,3,Other Principal Arterial,26.55378333,-80.205825,1,Daylight,12,Motor Vehicle In-Transport,1,Clear,2
12,Florida,121890,MADISON (79),NOT APPLICABLE,8,August,7,Saturday,2024,22,10:00pm-10:59pm,1,Rural,7,Local,30.44218889,-83.2747,2,Dark - Not Lighted,1,Rollover/Overturn,1,Clear,1
12,Florida,121891,LEE (71),NOT APPLICABLE,9,September,2,Monday,2024,22,10:00pm-10:59pm,2,Urban,6,Minor Collector,26.66489444,-81.66359722,3,Dark - Lighted,3,Immersion or Partial Immersion,10,Cloudy,1