STATE,STATENAME,ST_CASE,COUNTYNAME,CITYNAME,MONTH,MONTHNAME,DAY_WEEK,DAY_WEEKNAME,YEAR,HOUR,HOURNAME,RUR_URB,RUR_URBNAME,FUNC_SYS,FUNC_SYSNAME,LATITUDE,LONGITUD,LGT_COND,LGT_CONDNAME,HARM_EV,HARM_EVNAME,WEATHER,WEATHERNAME,FATALS
12,Florida,122010,BROWARD (11),HOLLYWOOD,9,September,1,Sunday,2024,22,10:00pm-10:59pm,2,Urban,3,Other Principal Arterial,26.01721667,-80.20778611,2,Dark - Not Lighted,8,Pedestrian,1,Clear,1
12,Florida,122011,BREVARD (9),MELBOURNE,9,September,6,Friday,2024,23,11:00pm-11:59pm,2,Urban,3,Other Principal Arterial,28.081275,-80.59907778,3,Dark - Lighted,8,Pedestrian,1,Clear,1
12,Florida,122012,MIAMI-DADE (86),NOT APPLICABLE,9,September,7,Saturday,2024,12,12:00pm-12:59pm,2,Urban,3,Other Principal Arterial,25.97294444,-80.142675,1,Daylight,12,Motor Vehicle In-Transport,10,Cloudy,1
12,Florida,122013,BROWARD (11),HALLANDALE BEACH,9,September,3,Tuesday,2024,0,0:00am-0:59am,2,Urban,3,Other Principal Arterial,26.12972778,-80.13757778,3,Dark - Lighted,8,Pedestrian,1,Clear,1
12,Florida,122014,HILLSBOROUGH (57),NOT APPLICABLE,9,September,1,Sunday,2024,22,10:00pm-10:59pm,2,Urban,1,Interstate,27.96923333,-82.39935556,3,Dark - Lighted,30,Utility Pole/Light Support,1,Clear,1
12,Florida,122015,MIAMI-DADE (86),FLORIDA CITY,9,September,6,Friday,2024,21,9:00pm-9:59pm,2,Urban,3,Other Principal Arterial,25.44778611,-80.47518611,3,Dark - Lighted,8,Pedestrian,1,Clear,1
12,Florida,122016,BROWARD (11),FORT LAUDERDALE,9,September,6,Friday,2024,7,7:00am-7:59am,2,Urban,4,Minor Arterial,26.11933056,-80.10588056,1,Daylight,9,Pedalcyclist,1,Clear,1
12,Florida,122017,HILLSBOROUGH (57),NOT APPLICABLE,9,September,5,Thursday,2024,7,7:00am-7:59am,1,Rural,3,Other Principal Arterial,27.87441389,-82.32678611,1,Daylight,12,Motor Vehicle In-Transport,10,Cloudy,1
12,Florida,122018,HILLSBOROUGH (57),PLANT CITY,9,September,7,Saturday,2024,0,0:00am-0:59am,2,Urban,3,Other Principal Arterial,28.01965,-82.15975,2,Dark - Not Lighted,8,Pedestrian,1,Clear,2
12,Florida,122019,LEE (71),NOT APPLICABLE,8,August,7,Saturday,2024,9,9:00am-9:59am,2,Urban,3,Other Principal Arterial,26.74310278,-81.91659722,1,Daylight,1,Rollover/Overturn,10,Cloudy,1
12,Florida,122020,MIAMI-DADE (86),NOT APPLICABLE,9,September,5,Thursday,2024,7,7:00am-7:59am,2,Urban,2,Other Freeways and Expressways,25.66896667,-80.36761944,1,Daylight,24,Guardrail Face,2,Rain,1
12,Florida,122021,MARION (83),NOT APPLICABLE,9,September,6,Friday,2024,19,7:00pm-7:59pm,2,Urban,3,Other Principal Arterial,29.03055,-82.02306111,2,Dark - Not Lighted,12,Motor Vehicle In-Transport,1,Clear,1
12,Florida,122022,DUVAL (31),JACKSONVILLE,9,September,2,Monday,2024,6,6:00am-6:59am,2,Urban,3,Other Principal Arterial,30.26708889,-81.73758056,4,Dawn,8,Pedestrian,10,Cloudy,1
12,Florida,122023,COLLIER (21),IMMOKALEE,9,September,2,Monday,2024,10,10:00am-10:59am,2,Urban,7,Local,26.425075,-81.42564167,1,Daylight,5,Fell/Jumped from Vehicle,1,Clear,1
12,Florida,122024,LEE (71),NOT APPLICABLE,9,September,1,Sunday,2024,20,8:00pm-8:59pm,2,Urban,1,Interstate,26.65595833,-81.79960833,3,Dark - Lighted,12,Motor Vehicle In-Transport,1,Clear,1
12,Florida,122025,ESCAMBIA (33),NOT APPLICABLE,9,September,5,Thursday,2024,23,11:00pm-11:59pm,2,Urban,4,Minor Arterial,30.46286944,-87.26440833,3,Dark - Lighted,12,Motor Vehicle In-Transport,10,Cloudy,3
12,Florida,122026,MIAMI-DADE (86),HIALEAH,10,October,4,Wednesday,2024,1,1:00am-1:59am,2,Urban,3,Other Principal Arterial,25.86708611,-80.27464167,3,Dark - Lighted,12,Motor Vehicle In-Transport,1,Clear,1
12,Florida,122028,HILLSBOROUGH (57),TAMPA,9,September,5,Thursday,2024,19,7:00pm-7:59pm,2,Urban,1,Interstate,27.96551667,-82.43921111,3,Dark - Lighted,43,Other Fixed Object,6,Severe Crosswinds,1
12,Florida,122029,BROWARD (11),PLANTATION,8,August,7,Saturday,2024,11,11:00am-11:59am,2,Urban,3,Other Principal Arterial,26.14813333,-80.25698889,1,Daylight,12,Motor Vehicle In-Transport,1,Clear,1
12,Florida,122030,PALM BEACH (99),NOT APPLICABLE,9,September,2,Monday,2024,12,12:00pm-12:59pm,8,Not Reported,6,Minor Collector,26.34948333,-80.24023056,1,Daylight,12,Motor Vehicle In-Transport,1,Clear,1
12,Florida,122031,HARDEE (49),NOT APPLICABLE,8,August,7,Saturday,2024,20,8:00pm-8:59pm,2,Urban,3,Other Principal Arterial,27.51304722,-81.80578889,2,Dark - Not Lighted,12,Motor Vehicle In-Transport,1,Clear,1
12,Florida,122032,HIGHLANDS (55),NOT APPLICABLE,9,September,2,Monday,2024,1,1:00am-1:59am,8,Not Reported,7,Local,27.21235556,-81.30813056,2,Dark - Not Lighted,12,Motor Vehicle In-Transport,1,Clear,1
12,Florida,122034,BAY (5),NOT APPLICABLE,9,September,5,Thursday,2024,22,10:00pm-10:59pm,1,Rural,3,Other Principal Arterial,30.38752222,-85.68578889,2,Dark - Not Lighted,9,Pedalcyclist,1,Clear,1
12,Florida,122035,PINELLAS (103),SAINT PETERSBURG,8,August,6,Friday,2024,5,5:00am-5:59am,2,Urban,5,Major Collector,27.86566667,-82.67153889,2,Dark - Not Lighted,9,Pedalcyclist,1,Clear,1
12,Florida,122036,MANATEE (81),NOT APPLICABLE,9,September,4,Wednesday,2024,16,4:00pm-4:59pm,1,Rural,6,Minor Collector,27.49723333,-82.07085,1,Daylight,12,Motor Vehicle In-Transport,10,Cloudy,1
12,Florida,122037,MANATEE (81),NOT APPLICABLE,9,September,3,Tuesday,2024,23,11:00pm-11:59pm,2,Urban,3,Other Principal Arterial,27.439225,-82.57544167,3,Dark - Lighted,9,Pedalcyclist,1,Clear,1
12,Florida,122038,GULF (45),NOT APPLICABLE,9,September,1,Sunday,2024,18,6:00pm-6:59pm,1,Rural,7,Local,30.16491111,-85.24903056,2,Dark - Not Lighted,1,Rollover/Overturn,1,Clear,1
12,Florida,122039,PINELLAS (103),NOT APPLICABLE,9,September,3,Tuesday,2024,22,10:00pm-10:59pm,2,Urban,4,Minor Arterial,27.81367778,-82.75382778,3,Dark - Lighted,12,Motor Vehicle In-Transport,1,Clear,3
12,Florida,122040,MIAMI-DADE (86),NORTH MIAMI BEACH,9,September,6,Friday,2024,7,7:00am-7:59am,2,Urban,3,Other Principal Arterial,25.93204444,-80.15184167,1,Daylight,12,Motor Vehicle In-Transport,1,Clear,1
12,Florida,122041,MIAMI-DADE (86),MIAMI,10,October,7,Saturday,2024,21,9:00pm-9:59pm,2,Urban,1,Interstate,25.75015,-80.20874722,3,Dark - Lighted,25,Concrete Traffic Barrier,10,Cloudy,1
12,Florida,122042,WASHINGTON (133),NOT APPLICABLE,10,October,1,Sunday,2024,4,4:00am-4:59am,1,Rural,6,Minor Collector,30.69872222,-85.54693889,2,Dark - Not Lighted,1,Rollover/Overturn,2,Rain,1
12,Florida,122043,GLADES (43),NOT APPLICABLE,9,September,7,Saturday,2024,4,4:00am-4:59am,1,Rural,3,Other Principal Arterial,27.00944444,-81.33372222,2,Dark - Not Lighted,8,Pedestrian,1,Clear,1
12,Florida,122044,ESCAMBIA (33),NOT APPLICABLE,9,September,1,Sunday,2024,16,4:00pm-4:59pm,2,Urban,4,Minor Arterial,30.46363056,-87.25567778,1,Daylight,12,Motor Vehicle In-Transport,1,Clear,1
12,Florida,122045,CLAY (19),NOT APPLICABLE,10,October,3,Tuesday,2024,6,6:00am-6:59am,1,Rural,3,Other Principal Arterial,29.84351667,-81.66193056,2,Dark - Not Lighted,8,Pedestrian,10,Cloudy,1
12,Florida,122046,POLK (105),NOT APPLICABLE,9,September,4,Wednesday,2024,0,0:00am-0:59am,1,Rural,5,Major Collector,28.040825,-81.58756667,2,Dark - Not Lighted,12,Motor Vehicle In-Transport,10,Cloudy,1
12,Florida,122047,POLK (105),HAINES CITY,9,September,2,Monday,2024,16,4:00pm-4:59pm,2,Urban,3,Other Principal Arterial,28.1066,-81.64818611,1,Daylight,12,Motor Vehicle In-Transport,1,Clear,1
12,Florida,122048,MIAMI-DADE (86),NOT APPLICABLE,9,September,6,Friday,2024,2,2:00am-2:59am,2,Urban,2,Other Freeways and Expressways,25.78054444,-80.41861389,3,Dark - Lighted,25,Concrete Traffic Barrier,1,Clear,1
12,Florida,122049,PALM BEACH (99),BOCA RATON,10,October,4,Wednesday,2024,8,8:00am-8:59am,2,Urban,1,Interstate,26.36602778,-80.11933611,1,Daylight,1,Rollover/Overturn,1,Clear,1
12,Florida,122050,HERNANDO (53),NOT APPLICABLE,9,September,1,Sunday,2024,23,11:00pm-11:59pm,1,Rural,5,Major Collector,28.51834444,-82.63895,2,Dark - Not Lighted,42,Tree (Standing Only),1,Clear,1
12,Florida,122051,SANTA ROSA (113),NOT APPLICABLE,10,October,5,Thursday,2024,22,10:00pm-10:59pm,8,Not Reported,7,Local,30.61645556,-86.96270833,3,Dark - Lighted,35,Embankment,2,Rain,1
12,Florida,122052,DUVAL (31),JACKSONVILLE,9,September,5,Thursday,2024,19,7:00pm-7:59pm,8,Not Reported,7,Local,30.35283056,-81.552125,3,Dark - Lighted,42,Tree (Standing Only),2,Rain,1
12,Florida,122053,HERNANDO (53),NOT APPLICABLE,9,September,7,Saturday,2024,20,8:00pm-8:59pm,2,Urban,7,Local,28.52445278,-82.47947778,2,Dark - Not Lighted,12,Motor Vehicle In-Transport,1,Clear,1
12,Florida,122054,MARION (83),OCALA,10,October,3,Tuesday,2024,23,11:00pm-11:59pm,2,Urban,4,Minor Arterial,29.14983056,-82.16891944,3,Dark - Lighted,8,Pedestrian,1,Clear,1
12,Florida,122055,HAMILTON (47),NOT APPLICABLE,10,October,4,Wednesday,2024,13,1:00pm-1:59pm,2,Urban,3,Other Principal Arterial,30.52415278,-82.99364444,1,Daylight,12,Motor Vehicle In-Transport,1,Clear,2
12,Florida,122056,PASCO (101),NOT APPLICABLE,10,October,5,Thursday,2024,13,1:00pm-1:59pm,2,Urban,3,Other Principal Arterial,28.42419444,-82.64466389,1,Daylight,12,Motor Vehicle In-Transport,1,Clear,1
12,Florida,122057,DUVAL (31),JACKSONVILLE,10,October,5,Thursday,2024,19,7:00pm-7:59pm,2,Urban,3,Other Principal Arterial,30.2879,-81.44271667,5,Dusk,12,Motor Vehicle In-Transport,1,Clear,2
12,Florida,122058,COLLIER (21),NOT APPLICABLE,9,September,7,Saturday,2024,20,8:00pm-8:59pm,1,Rural,7,Local,26.25186389,-81.60111667,2,Dark - Not Lighted,59,Traffic Sign Support,1,Clear,1
12,Florida,122059,POLK (105),NOT APPLICABLE,8,August,7,Saturday,2024,3,3:00am-3:59am,2,Urban,3,Other Principal Arterial,27.93713611,-81.85953889,2,Dark - Not Lighted,12,Motor Vehicle In-Transport,1,Clear,1
12,Florida,122060,DUVAL (31),JACKSONVILLE,10,October,6,Friday,2024,22,10:00pm-10:59pm,2,Urban,2,Other Freeways and Expressways,30.25006667,-81.55401111,3,Dark - Lighted,12,Motor Vehicle In-Transport,10,Cloudy,1
12,Florida,122061,MARION (83),OCALA,10,October,2,Monday,2024,19,7:00pm-7:59pm,2,Urban,4,Minor Arterial,29.15346389,-82.16894722,2,Dark - Not Lighted,8,Pedestrian,1,Clear,1
12,Florida,122062,LEON (73),TALLAHASSEE,10,October,5,Thursday,2024,8,8:00am-8:59am,2,Urban,3,Other Principal Arterial,30.42733889,-84.28059722,1,Daylight,12,Motor Vehicle In-Transport,1,Clear,1
12,Florida,122063,ORANGE (95),NOT APPLICABLE,9,September,7,Saturday,2024,3,3:00am-3:59am,2,Urban,6,Minor Collector,28.73086667,-81.60870278,2,Dark - Not Lighted,12,Motor Vehicle In-Transport,1,Clear,1
12,Florida,122064,PALM BEACH (99),GREENACRES CITY,10,October,3,Tuesday,2024,23,11:00pm-11:59pm,2,Urban,3,Other Principal Arterial,26.70800556,-80.15202222,3,Dark - Lighted,12,Motor Vehicle In-Transport,1,Clear,1
12,Florida,122065,LEON (73),TALLAHASSEE,9,September,7,Saturday,2024,1,1:00am-1:59am,2,Urban,5,Major Collector,30.41984167,-84.28081111,3,Dark - Lighted,33,Curb,2,Rain,1
12,Florida,122066,BROWARD (11),COOPER CITY,10,October,4,Wednesday,2024,6,6:00am-6:59am,2,Urban,3,Other Principal Arterial,26.06453333,-80.26310556,3,Dark - Lighted,33,Curb,1,Clear,1
12,Florida,122067,PALM BEACH (99),NOT APPLICABLE,10,October,4,Wednesday,2024,19,7:00pm-7:59pm,2,Urban,2,Other Freeways and Expressways,26.34183889,-80.17049722,2,Dark - Not Lighted,12,Motor Vehicle In-Transport,1,Clear,1
12,Florida,122068,LEE (71),NOT APPLICABLE,10,October,1,Sunday,2024,11,11:00am-11:59am,2,Urban,4,Minor Arterial,26.61845556,-81.73139167,1,Daylight,12,Motor Vehicle In-Transport,10,Cloudy,4
12,Florida,122069,MANATEE (81),NOT APPLICABLE,9,September,2,Monday,2024,3,3:00am-3:59am,2,Urban,3,Other Principal Arterial,27.44983056,-82.57533889,2,Dark - Not Lighted,8,Pedestrian,10,Cloudy,1
12,Florida,122070,DUVAL (31),NEPTUNE BEACH,10,October,6,Friday,2024,22,10:00pm-10:59pm,2,Urban,5,Major Collector,30.31497222,-81.40773333,3,Dark - Lighted,9,Pedalcyclist,1,Clear,1
12,Florida,122071,VOLUSIA (127),DAYTONA BEACH,9,September,4,Wednesday,2024,23,11:00pm-11:59pm,2,Urban,6,Minor Collector,29.18843333,-81.04731389,3,Dark - Lighted,33,Curb,10,Cloudy,1
12,Florida,122072,HILLSBOROUGH (57),TAMPA,9,September,4,Wednesday,2024,15,3:00pm-3:59pm,2,Urban,3,Other Principal Arterial,28.010675,-82.45129722,1,Daylight,12,Motor Vehicle In-Transport,1,Clear,1
12,Florida,122073,DUVAL (31),JACKSONVILLE,10,October,1,Sunday,2024,2,2:00am-2:59am,2,Urban,1,Interstate,30.52935556,-81.63650556,2,Dark - Not Lighted,12,Motor Vehicle In-Transport,2,Rain,2
12,Florida,122074,HILLSBOROUGH (57),NOT APPLICABLE,9,September,5,Thursday,2024,99,Unknown Hours,2,Urban,1,Interstate,27.87629444,-82.3482,9,Reported as Unknown,42,Tree (Standing Only),99,Reported as Unknown,1
12,Florida,122075,PALM BEACH (99),NOT APPLICABLE,10,October,3,Tuesday,2024,11,11:00am-11:59am,2,Urban,3,Other Principal Arterial,26.52786389,-80.20540833,1,Daylight,12,Motor Vehicle In-Transport,2,Rain,1
12,Florida,122076,PALM BEACH (99),NOT APPLICABLE,10,October,4,Wednesday,2024,6,6:00am-6:59am,2,Urban,4,Minor Arterial,26.63178889,-80.05685833,2,Dark - Not Lighted,8,Pedestrian,10,Cloudy,1
12,Florida,122077,HERNANDO (53),NOT APPLICABLE,9,September,1,Sunday,2024,11,11:00am-11:59am,1,Rural,5,Major Collector,28.64505833,-82.30168056,1,Daylight,12,Motor Vehicle In-Transport,1,Clear,2
12,Florida,122078,DUVAL (31),JACKSONVILLE,10,October,3,Tuesday,2024,5,5:00am-5:59am,2,Urban,2,Other Freeways and Expressways,30.32769167,-81.59076944,3,Dark - Lighted,8,Pedestrian,1,Clear,1
12,Florida,122079,CITRUS (17),NOT APPLICABLE,10,October,5,Thursday,2024,1,1:00am-1:59am,2,Urban,6,Minor Collector,28.90360556,-82.36034444,2,Dark - Not Lighted,16,Thrown or Falling Object,6,Severe Crosswinds,1
12,Florida,122080,LEE (71),NOT APPLICABLE,10,October,3,Tuesday,2024,6,6:00am-6:59am,2,Urban,4,Minor Arterial,26.65898056,-81.59794167,2,Dark - Not Lighted,8,Pedestrian,1,Clear,1
12,Florida,122081,MARION (83),NOT APPLICABLE,10,October,3,Tuesday,2024,2,2:00am-2:59am,1,Rural,5,Major Collector,29.41053889,-82.19771944,2,Dark - Not Lighted,18,Other Object (not fixed),10,Cloudy,1
12,Florida,122082,BREVARD (9),MELBOURNE,10,October,5,Thursday,2024,16,4:00pm-4:59pm,2,Urban,5,Major Collector,28.13408889,-80.69240556,1,Daylight,9,Pedalcyclist,10,Cloudy,1
12,Florida,122083,BROWARD (11),TAMARAC,10,October,4,Wednesday,2024,5,5:00am-5:59am,2,Urban,3,Other Principal Arterial,26.20825278,-80.24519722,3,Dark - Lighted,8,Pedestrian,1,Clear,1
12,Florida,122084,LEON (73),NOT APPLICABLE,9,September,1,Sunday,2024,0,0:00am-0:59am,1,Rural,4,Minor Arterial,30.34907222,-84.25852222,2,Dark - Not Lighted,12,Motor Vehicle In-Transport,1,Clear,1
12,Florida,122085,COLLIER (21),NOT APPLICABLE,10,October,3,Tuesday,2024,15,3:00pm-3:59pm,1,Rural,3,Other Principal Arterial,26.48897222,-81.44795278,1,Daylight,12,Motor Vehicle In-Transport,1,Clear,2
12,Florida,122086,LEE (71),NOT APPLICABLE,10,October,3,Tuesday,2024,0,0:00am-0:59am,1,Rural,1,Interstate,26.35142778,-81.75486944,2,Dark - Not Lighted,14,Parked Motor Vehicle,10,Cloudy,1
12,Florida,122087,LEE (71),NOT APPLICABLE,10,October,5,Thursday,2024,12,12:00pm-12:59pm,8,Not Reported,7,Local,26.71263889,-81.89690556,1,Daylight,8,Pedestrian,1,Clear,1
12,Florida,122088,PASCO (101),NOT APPLICABLE,8,August,2,Monday,2024,21,9:00pm-9:59pm,2,Urban,4,Minor Arterial,28.22761667,-82.66593333,2,Dark - Not Lighted,12,Motor Vehicle In-Transport,1,Clear,1
12,Florida,122089,POLK (105),NOT APPLICABLE,10,October,5,Thursday,2024,5,5:00am-5:59am,1,Rural,3,Other Principal Arterial,27.74806667,-81.73999444,2,Dark - Not Lighted,8,Pedestrian,1,Clear,1
12,Florida,122090,POLK (105),NOT APPLICABLE,8,August,3,Tuesday,2024,15,3:00pm-3:59pm,8,Not Reported,98,Not Reported,28.10967778,-82.01713333,1,Daylight,10,Railway Vehicle,1,Clear,1
12,Florida,122091,HILLSBOROUGH (57),TAMPA,10,October,5,Thursday,2024,22,10:00pm-10:59pm,2,Urban,4,Minor Arterial,27.96221111,-82.46076389,2,Dark - Not Lighted,12,Motor Vehicle In-Transport,1,Clear,1
12,Florida,122092,BROWARD (11),POMPANO BEACH,10,October,1,Sunday,2024,4,4:00am-4:59am,2,Urban,6,Minor Collector,26.15038889,-80.13200556,3,Dark - Lighted,8,Pedestrian,2,Rain,1
12,Florida,122094,BROWARD (11),FORT LAUDERDALE,10,October,7,Saturday,2024,21,9:00pm-9:59pm,8,Not Reported,7,Local,26.31211944,-80.08231944,3,Dark - Lighted,42,Tree (Standing Only),10,Cloudy,1
12,Florida,122095,ALACHUA (1),ALACHUA,10,October,4,Wednesday,2024,19,7:00pm-7:59pm,1,Rural,3,Other Principal Arterial,29.80304167,-82.52015556,3,Dark - Lighted,12,Motor Vehicle In-Transport,1,Clear,1
12,Florida,122096,BAY (5),NOT APPLICABLE,10,October,1,Sunday,2024,16,4:00pm-4:59pm,1,Rural,3,Other Principal Arterial,30.43573611,-85.69689444,1,Daylight,12,Motor Vehicle In-Transport,1,Clear,2
12,Florida,122097,LAKE (69),CLERMONT,8,August,7,Saturday,2024,23,11:00pm-11:59pm,2,Urban,2,Other Freeways and Expressways,28.63189444,-81.7712,6,Dark - Unknown Lighting,20,Impact Attenuator/Crash Cushion,1,Clear,1
12,Florida,122098,PASCO (101),ZEPHYRHILLS,10,October,4,Wednesday,2024,6,6:00am-6:59am,2,Urban,6,Minor Collector,28.24369722,-82.171775,3,Dark - Lighted,12,Motor Vehicle In-Transport,2,Rain,1
12,Florida,122099,VOLUSIA (127),NEW SMYRNA BEACH,10,October,1,Sunday,2024,18,6:00pm-6:59pm,2,Urban,1,Interstate,29.012625,-80.99082222,3,Dark - Lighted,1,Rollover/Overturn,1,Clear,1
12,Florida,122100,MANATEE (81),NOT APPLICABLE,10,October,2,Monday,2024,16,4:00pm-4:59pm,2,Urban,3,Other Principal Arterial,27.44332778,-82.46653056,1,Daylight,12,Motor Vehicle In-Transport,1,Clear,1
12,Florida,122101,POLK (105),NOT APPLICABLE,10,October,2,Monday,2024,23,11:00pm-11:59pm,2,Urban,5,Major Collector,28.11346667,-82.02102222,2,Dark - Not Lighted,35,Embankment,10,Cloudy,1
12,Florida,122102,BREVARD (9),MALABAR,10,October,4,Wednesday,2024,2,2:00am-2:59am,2,Urban,3,Other Principal Arterial,28.00049167,-80.57480556,2,Dark - Not Lighted,12,Motor Vehicle In-Transport,1,Clear,2
12,Florida,122103,POLK (105),NOT APPLICABLE,9,September,1,Sunday,2024,20,8:00pm-8:59pm,1,Rural,7,Local,28.22314722,-81.98095,2,Dark - Not Lighted,30,Utility Pole/Light Support,10,Cloudy,1
12,Florida,122104,OSCEOLA (97),NOT APPLICABLE,9,September,5,Thursday,2024,9,9:00am-9:59am,2,Urban,4,Minor Arterial,28.14981667,-81.47147222,1,Daylight,9,Pedalcyclist,2,Rain,1
12,Florida,122105,PALM BEACH (99),NOT APPLICABLE,10,October,6,Friday,2024,2,2:00am-2:59am,2,Urban,3,Other Principal Arterial,26.67947222,-80.17442778,3,Dark - Lighted,12,Motor Vehicle In-Transport,10,Cloudy,1
12,Florida,122106,MIAMI-DADE (86),NOT APPLICABLE,10,October,6,Friday,2024,22,10:00pm-10:59pm,2,Urban,1,Interstate,25.92363611,-80.21120556,3,Dark - Lighted,12,Motor Vehicle In-Transport,2,Rain,1
12,Florida,122107,MADISON (79),NOT APPLICABLE,10,October,6,Friday,2024,3,3:00am-3:59am,1,Rural,1,Interstate,30.43517222,-83.47016389,2,Dark - Not Lighted,8,Pedestrian,1,Clear,1
12,Florida,122108,HILLSBOROUGH (57),NOT APPLICABLE,10,October,7,Saturday,2024,23,11:00pm-11:59pm,2,Urban,3,Other Principal Arterial,28.02211389,-82.50486667,3,Dark - Lighted,15,Non-Motorist on Personal Conveyance,1,Clear,1
12,Florida,122109,PINELLAS (103),PINELLAS PARK,10,October,6,Friday,2024,20,8:00pm-8:59pm,2,Urban,3,Other Principal Arterial,27.84654722,-82.68905833,3,Dark - Lighted,12,Motor Vehicle In-Transport,1,Clear,1
12,Florida,122110,LEON (73),NOT APPLICABLE,10,October,1,Sunday,2024,11,11:00am-11:59am,2,Urban,5,Major Collector,30.48276944,-84.20202778,1,Daylight,8,Pedestrian,1,Clear,1
12,Florida,122111,CITRUS (17),NOT APPLICABLE,10,October,7,Saturday,2024,2,2:00am-2:59am,2,Urban,4,Minor Arterial,28.87636111,-82.49013889,3,Dark - Lighted,42,Tree (Standing Only),1,Clear,1
12,Florida,122112,LEVY (75),NOT APPLICABLE,10,October,3,Tuesday,2024,6,6:00am-6:59am,1,Rural,3,Other Principal Arterial,29.53006667,-82.88741111,2,Dark - Not Lighted,12,Motor Vehicle In-Transport,1,Clear,1
12,Florida,122113,MADISON (79),NOT APPLICABLE,10,October,7,Saturday,2024,6,6:00am-6:59am,1,Rural,1,Interstate,30.44543611,-83.72006944,2,Dark - Not Lighted,12,Motor Vehicle In-Transport,1,Clear,1
12,Florida,122114,BREVARD (9),NOT APPLICABLE,10,October,3,Tuesday,2024,4,4:00am-4:59am,2,Urban,1,Interstate,28.17742222,-80.70595278,2,Dark - Not Lighted,24,Guardrail Face,1,Clear,1
12,Florida,122115,DUVAL (31),JACKSONVILLE,10,October,5,Thursday,2024,7,7:00am-7:59am,2,Urban,2,Other Freeways and Expressways,30.14274722,-81.50788889,1,Daylight,12,Motor Vehicle In-Transport,1,Clear,1
12,Florida,122116,CITRUS (17),NOT APPLICABLE,10,October,7,Saturday,2024,10,10:00am-10:59am,1,Rural,5,Major Collector,29.02312222,-82.54433333,1,Daylight,12,Motor Vehicle In-Transport,1,Clear,1
12,Florida,122117,DUVAL (31),JACKSONVILLE,10,October,7,Saturday,2024,1,1:00am-1:59am,2,Urban,4,Minor Arterial,30.38021944,-81.69559444,3,Dark - Lighted,12,Motor Vehicle In-Transport,1,Clear,1
12,Florida,122118,MIAMI-DADE (86),NOT APPLICABLE,9,September,4,Wednesday,2024,16,4:00pm-4:59pm,2,Urban,5,Major Collector,25.49179167,-80.47321389,1,Daylight,9,Pedalcyclist,1,Clear,1
12,Florida,122119,MIAMI-DADE (86),NOT APPLICABLE,10,October,1,Sunday,2024,21,9:00pm-9:59pm,2,Urban,3,Other Principal Arterial,25.86266944,-80.24224444,3,Dark - Lighted,8,Pedestrian,1,Clear,1
12,Florida,122120,PASCO (101),NOT APPLICABLE,10,October,7,Saturday,2024,7,7:00am-7:59am,2,Urban,3,Other Principal Arterial,28.21708889,-82.72932778,2,Dark - Not Lighted,8,Pedestrian,1,Clear,1
12,Florida,122121,POLK (105),HAINES CITY,10,October,6,Friday,2024,22,10:00pm-10:59pm,8,Not Reported,7,Local,28.07720278,-81.61182222,2,Dark - Not Lighted,12,Motor Vehicle In-Transport,10,Cloudy,1
12,Florida,122122,BREVARD (9),COCOA BEACH,10,October,7,Saturday,2024,19,7:00pm-7:59pm,2,Urban,3,Other Principal Arterial,28.35794444,-80.61548056,1,Daylight,9,Pedalcyclist,1,Clear,1
12,Florida,122123,LEON (73),NOT APPLICABLE,10,October,2,Monday,2024,8,8:00am-8:59am,1,Rural,4,Minor Arterial,30.51763333,-84.07546111,1,Daylight,42,Tree (Standing Only),1,Clear,1
12,Florida,122124,PASCO (101),NOT APPLICABLE,10,October,6,Friday,2024,3,3:00am-3:59am,2,Urban,3,Other Principal Arterial,28.17600556,-82.35374444,3,Dark - Lighted,8,Pedestrian,10,Cloudy,1
12,Florida,122125,BROWARD (11),FORT LAUDERDALE,9,September,7,Saturday,2024,21,9:00pm-9:59pm,2,Urban,4,Minor Arterial,26.09262222,-80.14736389,3,Dark - Lighted,8,Pedestrian,1,Clear,1
12,Florida,122126,LAKE (69),LADY LAKE,10,October,7,Saturday,2024,23,11:00pm-11:59pm,2,Urban,7,Local,28.91971111,-81.933475,6,Dark - Unknown Lighting,1,Rollover/Overturn,1,Clear,1
12,Florida,122127,BROWARD (11),POMPANO BEACH,10,October,6,Friday,2024,20,8:00pm-8:59pm,2,Urban,3,Other Principal Arterial,26.23137778,-80.15374444,3,Dark - Lighted,12,Motor Vehicle In-Transport,1,Clear,1
12,Florida,122128,PUTNAM (107),NOT APPLICABLE,10,October,1,Sunday,2024,15,3:00pm-3:59pm,1,Rural,3,Other Principal Arterial,29.41204167,-81.50971944,1,Daylight,12,Motor Vehicle In-Transport,2,Rain,1
12,Florida,122129,MIAMI-DADE (86),HOMESTEAD,9,September,5,Thursday,2024,23,11:00pm-11:59pm,2,Urban,3,Other Principal Arterial,25.47780833,-80.47734167,3,Dark - Lighted,39,Wall,1,Clear,1