STATE,STATENAME,ST_CASE,COUNTYNAME,CITYNAME,MONTH,MONTHNAME,DAY_WEEK,DAY_WEEKNAME,YEAR,HOUR,HOURNAME,RUR_URB,RUR_URBNAME,FUNC_SYS,FUNC_SYSNAME,LATITUDE,LONGITUD,LGT_COND,LGT_CONDNAME,HARM_EV,HARM_EVNAME,WEATHER,WEATHERNAME,FATALS
12,Florida,122497,MARION (83),NOT APPLICABLE,11,November,2,Monday,2024,14,2:00pm-2:59pm,1,Rural,6,Minor Collector,29.34157778,-82.24709722,1,Daylight,53,Mail Box,1,Clear,1
12,Florida,122498,BAY (5),PANAMA CITY,11,November,2,Monday,2024,17,5:00pm-5:59pm,2,Urban,3,Other Principal Arterial,30.24115833,-85.56779444,2,Dark - Not Lighted,12,Motor Vehicle In-Transport,10,Cloudy,1
12,Florida,122499,MANATEE (81),NOT APPLICABLE,11,November,3,Tuesday,2024,12,12:00pm-12:59pm,2,Urban,3,Other Principal Arterial,27.56264167,-82.43844444,1,Daylight,12,Motor Vehicle In-Transport,1,Clear,1
12,Florida,122500,MARION (83),OCALA,11,November,3,Tuesday,2024,20,8:00pm-8:59pm,2,Urban,3,Other Principal Arterial,29.14262778,-82.19298333,2,Dark - Not Lighted,9,Pedalcyclist,98,Not Reported,1
12,Florida,122501,PALM BEACH (99),WEST PALM BEACH,11,November,7,Saturday,2024,21,9:00pm-9:59pm,2,Urban,4,Minor Arterial,26.74927222,-80.05661111,3,Dark - Lighted,8,Pedestrian,1,Clear,1
12,Florida,122502,POLK (105),NOT APPLICABLE,11,November,4,Wednesday,2024,0,0:00am-0:59am,2,Urban,3,Other Principal Arterial,28.04539167,-81.7458,3,Dark - Lighted,12,Motor Vehicle In-Transport,10,Cloudy,1
12,Florida,122503,HILLSBOROUGH (57),NOT APPLICABLE,11,November,4,Wednesday,2024,16,4:00pm-4:59pm,2,Urban,3,Other Principal Arterial,27.88718611,-82.33081944,1,Daylight,12,Motor Vehicle In-Transport,1,Clear,1
12,Florida,122504,HILLSBOROUGH (57),TAMPA,11,November,6,Friday,2024,1,1:00am-1:59am,2,Urban,7,Local,28.07500833,-82.35966389,2,Dark - Not Lighted,33,Curb,1,Clear,1
12,Florida,122505,ESCAMBIA (33),NOT APPLICABLE,10,October,1,Sunday,2024,6,6:00am-6:59am,2,Urban,5,Major Collector,30.52085833,-87.31122222,9,Reported as Unknown,8,Pedestrian,10,Cloudy,1
12,Florida,122506,ESCAMBIA (33),NOT APPLICABLE,8,August,4,Wednesday,2024,5,5:00am-5:59am,2,Urban,5,Major Collector,30.55124722,-87.26187222,2,Dark - Not Lighted,9,Pedalcyclist,1,Clear,1
12,Florida,122507,LEE (71),NOT APPLICABLE,11,November,4,Wednesday,2024,17,5:00pm-5:59pm,2,Urban,6,Minor Collector,26.43473889,-81.80495,5,Dusk,8,Pedestrian,10,Cloudy,1
12,Florida,122508,PASCO (101),NOT APPLICABLE,11,November,2,Monday,2024,5,5:00am-5:59am,2,Urban,3,Other Principal Arterial,28.21715556,-82.72284167,3,Dark - Lighted,8,Pedestrian,1,Clear,1
12,Florida,122509,DUVAL (31),JACKSONVILLE,11,November,3,Tuesday,2024,18,6:00pm-6:59pm,2,Urban,4,Minor Arterial,30.19276111,-81.78718611,1,Daylight,12,Motor Vehicle In-Transport,1,Clear,1
12,Florida,122510,PASCO (101),NOT APPLICABLE,11,November,4,Wednesday,2024,17,5:00pm-5:59pm,2,Urban,5,Major Collector,28.18803056,-82.73169722,5,Dusk,12,Motor Vehicle In-Transport,1,Clear,2
12,Florida,122511,ORANGE (95),ORLANDO,8,August,4,Wednesday,2024,11,11:00am-11:59am,2,Urban,3,Other Principal Arterial,28.63561111,-81.41492778,1,Daylight,1,Rollover/Overturn,10,Cloudy,1
12,Florida,122512,HAMILTON (47),NOT APPLICABLE,11,November,3,Tuesday,2024,3,3:00am-3:59am,1,Rural,4,Minor Arterial,30.60351111,-83.01625278,2,Dark - Not Lighted,24,Guardrail Face,5,"Fog, Smog, Smoke",1
12,Florida,122513,MARION (83),NOT APPLICABLE,11,November,6,Friday,2024,5,5:00am-5:59am,2,Urban,7,Local,29.09169722,-82.26230278,2,Dark - Not Lighted,17,Boulder,1,Clear,1
12,Florida,122514,PASCO (101),NOT APPLICABLE,11,November,6,Friday,2024,9,9:00am-9:59am,2,Urban,3,Other Principal Arterial,28.24074167,-82.32446667,1,Daylight,12,Motor Vehicle In-Transport,1,Clear,1
12,Florida,122515,HILLSBOROUGH (57),NOT APPLICABLE,11,November,5,Thursday,2024,11,11:00am-11:59am,2,Urban,3,Other Principal Arterial,27.78748611,-82.38453611,1,Daylight,12,Motor Vehicle In-Transport,10,Cloudy,1
12,Florida,122516,COLUMBIA (23),LAKE CITY,9,September,3,Tuesday,2024,20,8:00pm-8:59pm,2,Urban,7,Local,30.18058333,-82.68407778,5,Dusk,9,Pedalcyclist,1,Clear,1
12,Florida,122518,HILLSBOROUGH (57),TAMPA,10,October,1,Sunday,2024,22,10:00pm-10:59pm,2,Urban,7,Local,28.16724444,-82.36891389,2,Dark - Not Lighted,42,Tree (Standing Only),2,Rain,1
12,Florida,122519,HILLSBOROUGH (57),NOT APPLICABLE,11,November,4,Wednesday,2024,21,9:00pm-9:59pm,2,Urban,3,Other Principal Arterial,28.05520278,-82.45118056,3,Dark - Lighted,8,Pedestrian,1,Clear,1
12,Florida,122520,BROWARD (11),CORAL SPRINGS,11,November,2,Monday,2024,17,5:00pm-5:59pm,2,Urban,3,Other Principal Arterial,26.23478611,-80.25388056,1,Daylight,12,Motor Vehicle In-Transport,1,Clear,1
12,Florida,122521,NASSAU (89),NOT APPLICABLE,11,November,3,Tuesday,2024,20,8:00pm-8:59pm,1,Rural,5,Major Collector,30.66601667,-81.92974167,2,Dark - Not Lighted,8,Pedestrian,1,Clear,1
12,Florida,122522,BROWARD (11),PEMBROKE PINES,11,November,5,Thursday,2024,13,1:00pm-1:59pm,2,Urban,1,Interstate,26.007075,-80.33977778,1,Daylight,12,Motor Vehicle In-Transport,10,Cloudy,1
12,Florida,122523,COLLIER (21),NOT APPLICABLE,11,November,6,Friday,2024,1,1:00am-1:59am,2,Urban,5,Major Collector,26.24156111,-81.60685278,2,Dark - Not Lighted,12,Motor Vehicle In-Transport,1,Clear,1
12,Florida,122524,MIAMI-DADE (86),MIAMI,11,November,4,Wednesday,2024,19,7:00pm-7:59pm,2,Urban,4,Minor Arterial,25.77024444,-80.31235556,2,Dark - Not Lighted,12,Motor Vehicle In-Transport,1,Clear,1
12,Florida,122525,DUVAL (31),JACKSONVILLE,11,November,3,Tuesday,2024,5,5:00am-5:59am,2,Urban,4,Minor Arterial,30.31393889,-81.525025,3,Dark - Lighted,12,Motor Vehicle In-Transport,1,Clear,1
12,Florida,122526,DUVAL (31),JACKSONVILLE,11,November,1,Sunday,2024,21,9:00pm-9:59pm,2,Urban,3,Other Principal Arterial,30.32813889,-81.64175556,3,Dark - Lighted,12,Motor Vehicle In-Transport,1,Clear,1
12,Florida,122527,HERNANDO (53),NOT APPLICABLE,11,November,6,Friday,2024,21,9:00pm-9:59pm,2,Urban,5,Major Collector,28.49531111,-82.55194444,2,Dark - Not Lighted,12,Motor Vehicle In-Transport,1,Clear,1
12,Florida,122528,ESCAMBIA (33),NOT APPLICABLE,11,November,4,Wednesday,2024,0,0:00am-0:59am,2,Urban,4,Minor Arterial,30.521975,-87.44431111,2,Dark - Not Lighted,12,Motor Vehicle In-Transport,1,Clear,1
12,Florida,122529,WASHINGTON (133),NOT APPLICABLE,11,November,5,Thursday,2024,4,4:00am-4:59am,1,Rural,3,Other Principal Arterial,30.53436111,-85.83583889,2,Dark - Not Lighted,42,Tree (Standing Only),1,Clear,1
12,Florida,122530,COLLIER (21),NOT APPLICABLE,11,November,3,Tuesday,2024,10,10:00am-10:59am,1,Rural,1,Interstate,26.16671944,-81.22043056,1,Daylight,57,Cable Barrier,1,Clear,1
12,Florida,122531,MIAMI-DADE (86),HOMESTEAD,11,November,2,Monday,2024,11,11:00am-11:59am,2,Urban,7,Local,25.47076111,-80.42200556,1,Daylight,33,Curb,1,Clear,1
12,Florida,122532,PASCO (101),NOT APPLICABLE,11,November,3,Tuesday,2024,17,5:00pm-5:59pm,2,Urban,3,Other Principal Arterial,28.29168056,-82.18762778,3,Dark - Lighted,12,Motor Vehicle In-Transport,1,Clear,1
12,Florida,122533,HILLSBOROUGH (57),NOT APPLICABLE,10,October,2,Monday,2024,0,0:00am-0:59am,2,Urban,3,Other Principal Arterial,27.99507222,-82.340375,6,Dark - Unknown Lighting,12,Motor Vehicle In-Transport,1,Clear,2
12,Florida,122534,BROWARD (11),NORTH LAUDERDALE,11,November,1,Sunday,2024,21,9:00pm-9:59pm,2,Urban,2,Other Freeways and Expressways,26.23429444,-80.17485556,3,Dark - Lighted,24,Guardrail Face,10,Cloudy,2
12,Florida,122535,LEON (73),TALLAHASSEE,11,November,3,Tuesday,2024,10,10:00am-10:59am,2,Urban,3,Other Principal Arterial,30.45540278,-84.24120278,1,Daylight,12,Motor Vehicle In-Transport,10,Cloudy,2
12,Florida,122536,MANATEE (81),NOT APPLICABLE,11,November,1,Sunday,2024,18,6:00pm-6:59pm,2,Urban,4,Minor Arterial,27.44946944,-82.54666944,3,Dark - Lighted,8,Pedestrian,1,Clear,1
12,Florida,122537,HILLSBOROUGH (57),PLANT CITY,11,November,6,Friday,2024,20,8:00pm-8:59pm,2,Urban,1,Interstate,28.02840278,-82.14404167,3,Dark - Lighted,8,Pedestrian,1,Clear,1
12,Florida,122538,MARION (83),Other,11,November,7,Saturday,2024,19,7:00pm-7:59pm,1,Rural,5,Major Collector,29.27728611,-81.87056111,2,Dark - Not Lighted,12,Motor Vehicle In-Transport,1,Clear,2
12,Florida,122540,MARION (83),OCALA,11,November,1,Sunday,2024,18,6:00pm-6:59pm,2,Urban,3,Other Principal Arterial,29.18921944,-82.14034167,3,Dark - Lighted,8,Pedestrian,1,Clear,1
12,Florida,122541,MARION (83),BELLEVIEW,12,December,1,Sunday,2024,14,2:00pm-2:59pm,2,Urban,3,Other Principal Arterial,29.07126944,-82.07162778,1,Daylight,8,Pedestrian,1,Clear,1
12,Florida,122542,OKEECHOBEE (93),NOT APPLICABLE,11,November,5,Thursday,2024,5,5:00am-5:59am,1,Rural,3,Other Principal Arterial,27.38421111,-80.99702778,3,Dark - Lighted,12,Motor Vehicle In-Transport,1,Clear,3
12,Florida,122543,OKEECHOBEE (93),NOT APPLICABLE,10,October,5,Thursday,2024,12,12:00pm-12:59pm,1,Rural,3,Other Principal Arterial,27.29135,-80.69681667,1,Daylight,12,Motor Vehicle In-Transport,1,Clear,1
12,Florida,122544,ORANGE (95),NOT APPLICABLE,11,November,7,Saturday,2024,13,1:00pm-1:59pm,2,Urban,4,Minor Arterial,28.56268889,-81.44986111,1,Daylight,33,Curb,1,Clear,1
12,Florida,122545,OSCEOLA (97),NOT APPLICABLE,11,November,6,Friday,2024,17,5:00pm-5:59pm,1,Rural,2,Other Freeways and Expressways,28.0451,-81.21191111,2,Dark - Not Lighted,12,Motor Vehicle In-Transport,1,Clear,1
12,Florida,122546,WALTON (131),NOT APPLICABLE,11,November,3,Tuesday,2024,12,12:00pm-12:59pm,1,Rural,4,Minor Arterial,30.74309167,-86.37787222,1,Daylight,12,Motor Vehicle In-Transport,2,Rain,1
12,Florida,122547,WALTON (131),NOT APPLICABLE,12,December,5,Thursday,2024,19,7:00pm-7:59pm,1,Rural,6,Minor Collector,30.44375556,-86.13837222,2,Dark - Not Lighted,59,Traffic Sign Support,10,Cloudy,1
12,Florida,122548,PINELLAS (103),SAINT PETERSBURG,6,June,6,Friday,2024,7,7:00am-7:59am,2,Urban,5,Major Collector,27.70433333,-82.67875833,1,Daylight,8,Pedestrian,1,Clear,1
12,Florida,122549,LEE (71),NOT APPLICABLE,10,October,5,Thursday,2024,17,5:00pm-5:59pm,2,Urban,5,Major Collector,26.72581111,-81.90448611,1,Daylight,12,Motor Vehicle In-Transport,1,Clear,1
12,Florida,122550,ORANGE (95),NOT APPLICABLE,12,December,6,Friday,2024,19,7:00pm-7:59pm,2,Urban,4,Minor Arterial,28.57793333,-81.45754722,2,Dark - Not Lighted,8,Pedestrian,1,Clear,1
12,Florida,122551,LEE (71),NOT APPLICABLE,12,December,6,Friday,2024,19,7:00pm-7:59pm,2,Urban,4,Minor Arterial,26.41000278,-81.78275,2,Dark - Not Lighted,42,Tree (Standing Only),1,Clear,1
12,Florida,122552,PASCO (101),NOT APPLICABLE,12,December,5,Thursday,2024,14,2:00pm-2:59pm,2,Urban,1,Interstate,28.20324167,-82.37886944,1,Daylight,12,Motor Vehicle In-Transport,1,Clear,1
12,Florida,122553,BROWARD (11),HOLLYWOOD,12,December,1,Sunday,2024,0,0:00am-0:59am,2,Urban,5,Major Collector,26.020075,-80.18935556,3,Dark - Lighted,33,Curb,1,Clear,1
12,Florida,122554,PINELLAS (103),SAINT PETERSBURG,6,June,1,Sunday,2024,0,0:00am-0:59am,2,Urban,6,Minor Collector,27.80341944,-82.60769167,2,Dark - Not Lighted,12,Motor Vehicle In-Transport,1,Clear,1
12,Florida,122555,POLK (105),NOT APPLICABLE,12,December,2,Monday,2024,13,1:00pm-1:59pm,2,Urban,4,Minor Arterial,27.98910556,-81.75142222,1,Daylight,12,Motor Vehicle In-Transport,1,Clear,1
12,Florida,122556,LEE (71),NOT APPLICABLE,11,November,3,Tuesday,2024,17,5:00pm-5:59pm,2,Urban,4,Minor Arterial,26.61736667,-81.66943611,1,Daylight,12,Motor Vehicle In-Transport,1,Clear,1
12,Florida,122557,ORANGE (95),NOT APPLICABLE,11,November,2,Monday,2024,6,6:00am-6:59am,1,Rural,3,Other Principal Arterial,28.53609167,-81.04941944,2,Dark - Not Lighted,12,Motor Vehicle In-Transport,1,Clear,1
12,Florida,122558,PINELLAS (103),PINELLAS PARK,11,November,4,Wednesday,2024,22,10:00pm-10:59pm,2,Urban,3,Other Principal Arterial,27.84307222,-82.67954167,8,Not Reported,8,Pedestrian,1,Clear,1
12,Florida,122559,LAKE (69),NOT APPLICABLE,11,November,7,Saturday,2024,17,5:00pm-5:59pm,1,Rural,3,Other Principal Arterial,28.90539167,-81.45530833,1,Daylight,53,Mail Box,1,Clear,1
12,Florida,122560,PUTNAM (107),NOT APPLICABLE,11,November,5,Thursday,2024,19,7:00pm-7:59pm,2,Urban,3,Other Principal Arterial,29.66591111,-81.59295833,2,Dark - Not Lighted,12,Motor Vehicle In-Transport,1,Clear,1
12,Florida,122561,ORANGE (95),WINTER GARDEN,11,November,4,Wednesday,2024,13,1:00pm-1:59pm,2,Urban,3,Other Principal Arterial,28.55048889,-81.09857222,1,Daylight,12,Motor Vehicle In-Transport,2,Rain,1
12,Florida,122562,HERNANDO (53),NOT APPLICABLE,11,November,5,Thursday,2024,16,4:00pm-4:59pm,2,Urban,5,Major Collector,28.45188056,-82.45191111,1,Daylight,12,Motor Vehicle In-Transport,1,Clear,1
12,Florida,122564,UNION (125),LAKE BUTLER,12,December,4,Wednesday,2024,14,2:00pm-2:59pm,2,Urban,4,Minor Arterial,30.02368056,-82.32585,1,Daylight,33,Curb,1,Clear,1
12,Florida,122565,DUVAL (31),JACKSONVILLE BEACH,12,December,5,Thursday,2024,17,5:00pm-5:59pm,2,Urban,7,Local,30.28813056,-81.40149167,3,Dark - Lighted,9,Pedalcyclist,1,Clear,1
12,Florida,122566,HOLMES (59),NOT APPLICABLE,11,November,4,Wednesday,2024,18,6:00pm-6:59pm,1,Rural,6,Minor Collector,30.88835,-85.86103333,2,Dark - Not Lighted,12,Motor Vehicle In-Transport,1,Clear,1
12,Florida,122567,MIAMI-DADE (86),NOT APPLICABLE,11,November,3,Tuesday,2024,18,6:00pm-6:59pm,2,Urban,4,Minor Arterial,25.55228056,-80.37207778,3,Dark - Lighted,8,Pedestrian,1,Clear,1
12,Florida,122568,HIGHLANDS (55),AVON PARK,11,November,4,Wednesday,2024,16,4:00pm-4:59pm,2,Urban,3,Other Principal Arterial,27.610075,-81.51451389,1,Daylight,8,Pedestrian,1,Clear,1
12,Florida,122569,ST LUCIE (111),NOT APPLICABLE,11,November,4,Wednesday,2024,18,6:00pm-6:59pm,1,Rural,3,Other Principal Arterial,27.40851667,-80.42302222,2,Dark - Not Lighted,12,Motor Vehicle In-Transport,1,Clear,1
12,Florida,122570,MARION (83),NOT APPLICABLE,11,November,5,Thursday,2024,17,5:00pm-5:59pm,8,Not Reported,7,Local,29.17907222,-81.87139167,2,Dark - Not Lighted,8,Pedestrian,1,Clear,1
12,Florida,122572,MIAMI-DADE (86),NOT APPLICABLE,7,July,1,Sunday,2024,0,0:00am-0:59am,1,Rural,5,Major Collector,25.58030556,-80.45455833,2,Dark - Not Lighted,30,Utility Pole/Light Support,1,Clear,1
12,Florida,122573,PALM BEACH (99),NOT APPLICABLE,12,December,2,Monday,2024,18,6:00pm-6:59pm,1,Rural,3,Other Principal Arterial,26.88989167,-80.27180278,2,Dark - Not Lighted,8,Pedestrian,1,Clear,1
12,Florida,122574,COLUMBIA (23),NOT APPLICABLE,11,November,4,Wednesday,2024,20,8:00pm-8:59pm,1,Rural,3,Other Principal Arterial,29.88703333,-82.60908333,2,Dark - Not Lighted,12,Motor Vehicle In-Transport,1,Clear,2
12,Florida,122575,ORANGE (95),NOT APPLICABLE,11,November,3,Tuesday,2024,18,6:00pm-6:59pm,2,Urban,4,Minor Arterial,28.45043056,-81.42805833,3,Dark - Lighted,8,Pedestrian,1,Clear,1
12,Florida,122576,PALM BEACH (99),NOT APPLICABLE,12,December,1,Sunday,2024,10,10:00am-10:59am,2,Urban,3,Other Principal Arterial,26.48698889,-80.14719444,1,Daylight,12,Motor Vehicle In-Transport,1,Clear,1
12,Florida,122577,POLK (105),LAKELAND,11,November,7,Saturday,2024,0,0:00am-0:59am,2,Urban,4,Minor Arterial,28.03685,-81.95715278,3,Dark - Lighted,8,Pedestrian,1,Clear,1
12,Florida,122578,HAMILTON (47),NOT APPLICABLE,11,November,7,Saturday,2024,14,2:00pm-2:59pm,1,Rural,5,Major Collector,30.42765,-82.6842,1,Daylight,1,Rollover/Overturn,1,Clear,2
12,Florida,122579,VOLUSIA (127),ORANGE CITY,12,December,5,Thursday,2024,20,8:00pm-8:59pm,2,Urban,3,Other Principal Arterial,28.95446111,-81.2989,3,Dark - Lighted,8,Pedestrian,1,Clear,1
12,Florida,122580,MANATEE (81),NOT APPLICABLE,12,December,6,Friday,2024,5,5:00am-5:59am,2,Urban,3,Other Principal Arterial,27.63391111,-82.53975278,3,Dark - Lighted,12,Motor Vehicle In-Transport,10,Cloudy,1
12,Florida,122581,HILLSBOROUGH (57),TAMPA,12,December,7,Saturday,2024,2,2:00am-2:59am,2,Urban,3,Other Principal Arterial,27.98154722,-82.42671389,3,Dark - Lighted,33,Curb,1,Clear,1
12,Florida,122582,HIGHLANDS (55),SEBRING,12,December,7,Saturday,2024,3,3:00am-3:59am,2,Urban,3,Other Principal Arterial,27.50471111,-81.49146111,6,Dark - Unknown Lighting,9,Pedalcyclist,1,Clear,1
12,Florida,122583,ORANGE (95),APOPKA,12,December,1,Sunday,2024,23,11:00pm-11:59pm,2,Urban,6,Minor Collector,28.67339444,-81.52169722,3,Dark - Lighted,33,Curb,1,Clear,1
12,Florida,122584,MANATEE (81),PALMETTO,12,December,1,Sunday,2024,19,7:00pm-7:59pm,2,Urban,3,Other Principal Arterial,27.52972778,-82.56031111,3,Dark - Lighted,8,Pedestrian,1,Clear,1
12,Florida,122585,LEON (73),TALLAHASSEE,11,November,1,Sunday,2024,3,3:00am-3:59am,2,Urban,7,Local,30.44819444,-84.33389167,3,Dark - Lighted,1,Rollover/Overturn,1,Clear,2
12,Florida,122586,PALM BEACH (99),WEST PALM BEACH,12,December,4,Wednesday,2024,11,11:00am-11:59am,2,Urban,4,Minor Arterial,26.65052778,-80.05611667,1,Daylight,12,Motor Vehicle In-Transport,10,Cloudy,1
12,Florida,122587,BROWARD (11),DANIA BEACH,11,November,1,Sunday,2024,19,7:00pm-7:59pm,2,Urban,4,Minor Arterial,26.04706389,-80.19633333,3,Dark - Lighted,9,Pedalcyclist,1,Clear,1
12,Florida,122588,ORANGE (95),ORLANDO,12,December,3,Tuesday,2024,16,4:00pm-4:59pm,2,Urban,3,Other Principal Arterial,28.54,-81.39733056,1,Daylight,9,Pedalcyclist,1,Clear,1
12,Florida,122589,PALM BEACH (99),NOT APPLICABLE,11,November,2,Monday,2024,14,2:00pm-2:59pm,2,Urban,4,Minor Arterial,26.94211944,-80.19092778,1,Daylight,12,Motor Vehicle In-Transport,1,Clear,1
12,Florida,122590,BROWARD (11),OAKLAND PARK,6,June,4,Wednesday,2024,12,12:00pm-12:59pm,2,Urban,4,Minor Arterial,26.20378611,-80.14060278,1,Daylight,12,Motor Vehicle In-Transport,1,Clear,1
12,Florida,122591,BROWARD (11),FORT LAUDERDALE,7,July,1,Sunday,2024,4,4:00am-4:59am,2,Urban,3,Other Principal Arterial,26.15408333,-80.15461944,3,Dark - Lighted,42,Tree (Standing Only),1,Clear,1
12,Florida,122592,MIAMI-DADE (86),NOT APPLICABLE,7,July,4,Wednesday,2024,15,3:00pm-3:59pm,2,Urban,4,Minor Arterial,25.717675,-80.32005278,1,Daylight,12,Motor Vehicle In-Transport,1,Clear,1
12,Florida,122593,BROWARD (11),FORT LAUDERDALE,7,July,5,Thursday,2024,21,9:00pm-9:59pm,2,Urban,3,Other Principal Arterial,26.16638056,-80.11648611,3,Dark - Lighted,8,Pedestrian,10,Cloudy,1
12,Florida,122594,BROWARD (11),PLANTATION,7,July,5,Thursday,2024,9,9:00am-9:59am,2,Urban,4,Minor Arterial,26.12076389,-80.26901667,1,Daylight,33,Curb,10,Cloudy,1
12,Florida,122595,HILLSBOROUGH (57),NOT APPLICABLE,7,July,3,Tuesday,2024,9,9:00am-9:59am,2,Urban,5,Major Collector,27.972725,-82.37304722,1,Daylight,12,Motor Vehicle In-Transport,1,Clear,1
12,Florida,122596,BROWARD (11),POMPANO BEACH,9,September,6,Friday,2024,20,8:00pm-8:59pm,2,Urban,3,Other Principal Arterial,26.27526667,-80.11327778,2,Dark - Not Lighted,12,Motor Vehicle In-Transport,10,Cloudy,1
12,Florida,122597,HILLSBOROUGH (57),TAMPA,9,September,3,Tuesday,2024,7,7:00am-7:59am,2,Urban,3,Other Principal Arterial,27.99608333,-82.48826389,1,Daylight,8,Pedestrian,1,Clear,1
12,Florida,122598,ORANGE (95),NOT APPLICABLE,9,September,2,Monday,2024,7,7:00am-7:59am,1,Rural,3,Other Principal Arterial,28.44718889,-80.97489722,4,Dawn,12,Motor Vehicle In-Transport,1,Clear,1
12,Florida,122599,PALM BEACH (99),WEST PALM BEACH,10,October,7,Saturday,2024,19,7:00pm-7:59pm,2,Urban,3,Other Principal Arterial,26.70633889,-80.08040556,3,Dark - Lighted,8,Pedestrian,2,Rain,1
12,Florida,122602,HILLSBOROUGH (57),NOT APPLICABLE,10,October,7,Saturday,2024,8,8:00am-8:59am,2,Urban,4,Minor Arterial,28.06891667,-82.47976111,1,Daylight,12,Motor Vehicle In-Transport,1,Clear,1
12,Florida,122603,BROWARD (11),PARKLAND,11,November,6,Friday,2024,12,12:00pm-12:59pm,2,Urban,5,Major Collector,26.33253333,-80.22088889,1,Daylight,12,Motor Vehicle In-Transport,1,Clear,1
12,Florida,122604,ORANGE (95),ORLANDO,11,November,7,Saturday,2024,0,0:00am-0:59am,2,Urban,4,Minor Arterial,28.45297222,-81.47083333,3,Dark - Lighted,8,Pedestrian,1,Clear,1
12,Florida,122605,DUVAL (31),JACKSONVILLE,11,November,7,Saturday,2024,2,2:00am-2:59am,2,Urban,3,Other Principal Arterial,30.25569722,-81.61011667,2,Dark - Not Lighted,8,Pedestrian,10,Cloudy,1
12,Florida,122606,MIAMI-DADE (86),NOT APPLICABLE,11,November,2,Monday,2024,19,7:00pm-7:59pm,2,Urban,5,Major Collector,25.43722778,-80.50148611,2,Dark - Not Lighted,9,Pedalcyclist,1,Clear,1
12,Florida,122607,ALACHUA (1),NOT APPLICABLE,12,December,3,Tuesday,2024,4,4:00am-4:59am,1,Rural,4,Minor Arterial,29.55093611,-82.39351111,2,Dark - Not Lighted,12,Motor Vehicle In-Transport,1,Clear,2
12,Florida,122609,PASCO (101),NOT APPLICABLE,9,September,1,Sunday,2024,11,11:00am-11:59am,2,Urban,6,Minor Collector,28.21530556,-82.43948333,1,Daylight,33,Curb,1,Clear,1
12,Florida,122610,COLUMBIA (23),NOT APPLICABLE,11,November,3,Tuesday,2024,16,4:00pm-4:59pm,2,Urban,4,Minor Arterial,30.14881389,-82.69718611,1,Daylight,30,Utility Pole/Light Support,1,Clear,1
12,Florida,122611,DUVAL (31),JACKSONVILLE,12,December,6,Friday,2024,6,6:00am-6:59am,2,Urban,5,Major Collector,30.14096111,-81.52991111,4,Dawn,12,Motor Vehicle In-Transport,1,Clear,1
12,Florida,122612,HILLSBOROUGH (57),NOT APPLICABLE,11,November,6,Friday,2024,0,0:00am-0:59am,2,Urban,1,Interstate,28.02269722,-82.24691111,3,Dark - Lighted,12,Motor Vehicle In-Transport,1,Clear,1
12,Florida,122613,ST JOHNS (109),NOT APPLICABLE,12,December,1,Sunday,2024,8,8:00am-8:59am,1,Rural,2,Other Freeways and Expressways,30.09735556,-81.51801389,1,Daylight,24,Guardrail Face,1,Clear,1
12,Florida,122614,PINELLAS (103),NOT APPLICABLE,10,October,5,Thursday,2024,17,5:00pm-5:59pm,2,Urban,3,Other Principal Arterial,27.86606111,-82.63030556,1,Daylight,9,Pedalcyclist,1,Clear,1
12,Florida,122615,HILLSBOROUGH (57),NOT APPLICABLE,12,December,2,Monday,2024,6,6:00am-6:59am,2,Urban,3,Other Principal Arterial,27.71240833,-82.35388889,4,Dawn,12,Motor Vehicle In-Transport,1,Clear,1
12,Florida,122616,SARASOTA (115),NOT APPLICABLE,12,December,2,Monday,2024,16,4:00pm-4:59pm,2,Urban,3,Other Principal Arterial,27.15573056,-82.46961944,1,Daylight,12,Motor Vehicle In-Transport,1,Clear,1
12,Florida,122617,COLLIER (21),NOT APPLICABLE,12,December,6,Friday,2024,21,9:00pm-9:59pm,2,Urban,5,Major Collector,26.42941111,-81.41951389,3,Dark - Lighted,8,Pedestrian,1,Clear,1
12,Florida,122618,LAKE (69),LEESBURG,12,December,2,Monday,2024,9,9:00am-9:59am,2,Urban,3,Other Principal Arterial,28.82536944,-81.83131389,1,Daylight,12,Motor Vehicle In-Transport,1,Clear,1
12,Florida,122619,DUVAL (31),JACKSONVILLE,12,December,5,Thursday,2024,17,5:00pm-5:59pm,2,Urban,3,Other Principal Arterial,30.27784444,-81.626525,3,Dark - Lighted,12,Motor Vehicle In-Transport,1,Clear,1
12,Florida,122620,PALM BEACH (99),NOT APPLICABLE,12,December,5,Thursday,2024,13,1:00pm-1:59pm,1,Rural,3,Other Principal Arterial,26.72528611,-80.45127778,1,Daylight,12,Motor Vehicle In-Transport,1,Clear,1