STATE,STATENAME,ST_CASE,COUNTYNAME,CITYNAME,MONTH,MONTHNAME,DAY_WEEK,DAY_WEEKNAME,YEAR,HOUR,HOURNAME,RUR_URB,RUR_URBNAME,FUNC_SYS,FUNC_SYSNAME,LATITUDE,LONGITUD,LGT_COND,LGT_CONDNAME,HARM_EV,HARM_EVNAME,WEATHER,WEATHERNAME,FATALS
13,Georgia,130453,LOWNDES (185),VALDOSTA,5,May,5,Thursday,2024,7,7:00am-7:59am,2,Urban,4,Minor Arterial,30.92342778,-83.16595833,1,Daylight,12,Motor Vehicle In-Transport,1,Clear,1
13,Georgia,130454,HENRY (151),MCDONOUGH,5,May,5,Thursday,2024,8,8:00am-8:59am,2,Urban,4,Minor Arterial,33.5237,-84.05300278,1,Daylight,12,Motor Vehicle In-Transport,1,Clear,1
13,Georgia,130456,EFFINGHAM (103),GUYTON,5,May,6,Friday,2024,9,9:00am-9:59am,1,Rural,4,Minor Arterial,32.32789722,-81.39896667,1,Daylight,1,Rollover/Overturn,10,Cloudy,1
13,Georgia,130457,GORDON (129),CALHOUN,5,May,6,Friday,2024,23,11:00pm-11:59pm,2,Urban,7,Local,34.46900556,-84.82919722,2,Dark - Not Lighted,42,Tree (Standing Only),10,Cloudy,1
13,Georgia,130458,PIKE (231),CONCORD,5,May,7,Saturday,2024,9,9:00am-9:59am,1,Rural,4,Minor Arterial,33.09103889,-84.438775,1,Daylight,8,Pedestrian,10,Cloudy,1
13,Georgia,130459,COWETA (77),SENOIA,5,May,1,Sunday,2024,0,0:00am-0:59am,1,Rural,7,Local,33.27333611,-84.55577222,2,Dark - Not Lighted,42,Tree (Standing Only),10,Cloudy,1
13,Georgia,130460,PIERCE (229),PATTERSON,5,May,1,Sunday,2024,13,1:00pm-1:59pm,1,Rural,5,Major Collector,31.39363056,-82.140425,1,Daylight,8,Pedestrian,1,Clear,1
13,Georgia,130461,FULTON (121),ATLANTA,5,May,7,Saturday,2024,22,10:00pm-10:59pm,2,Urban,4,Minor Arterial,33.75243056,-84.46355,3,Dark - Lighted,42,Tree (Standing Only),1,Clear,1
13,Georgia,130462,TERRELL (273),DAWSON,5,May,2,Monday,2024,0,0:00am-0:59am,1,Rural,7,Local,31.68863611,-84.38420278,2,Dark - Not Lighted,35,Embankment,1,Clear,1
13,Georgia,130463,FULTON (121),ATLANTA,5,May,4,Wednesday,2024,21,9:00pm-9:59pm,2,Urban,1,Interstate,33.82505,-84.35976389,3,Dark - Lighted,25,Concrete Traffic Barrier,1,Clear,1
13,Georgia,130464,TROUP (285),Not Reported,5,May,5,Thursday,2024,12,12:00pm-12:59pm,2,Urban,4,Minor Arterial,33.07695833,-84.94881389,1,Daylight,12,Motor Vehicle In-Transport,1,Clear,1
13,Georgia,130465,THOMAS (275),MEIGS,5,May,5,Thursday,2024,17,5:00pm-5:59pm,1,Rural,5,Major Collector,31.07483333,-84.09109722,1,Daylight,12,Motor Vehicle In-Transport,1,Clear,2
13,Georgia,130466,LAURENS (175),DUBLIN,5,May,1,Sunday,2024,22,10:00pm-10:59pm,2,Urban,7,Local,32.528975,-82.89919722,3,Dark - Lighted,8,Pedestrian,1,Clear,2
13,Georgia,130467,COBB (67),KENNESAW,5,May,4,Wednesday,2024,0,0:00am-0:59am,2,Urban,4,Minor Arterial,34.05129167,-84.5947,2,Dark - Not Lighted,8,Pedestrian,10,Cloudy,1
13,Georgia,130468,FULTON (121),Other,5,May,6,Friday,2024,4,4:00am-4:59am,2,Urban,4,Minor Arterial,33.62263056,-84.49441667,3,Dark - Lighted,18,Other Object (not fixed),1,Clear,1
13,Georgia,130469,LEE (177),LEESBURG,5,May,6,Friday,2024,5,5:00am-5:59am,2,Urban,3,Other Principal Arterial,31.64528056,-84.17461667,2,Dark - Not Lighted,12,Motor Vehicle In-Transport,2,Rain,1
13,Georgia,130470,CHEROKEE (57),WOODSTOCK,5,May,6,Friday,2024,11,11:00am-11:59am,2,Urban,3,Other Principal Arterial,34.08645833,-84.54417778,1,Daylight,12,Motor Vehicle In-Transport,10,Cloudy,1
13,Georgia,130471,THOMAS (275),THOMASVILLE,5,May,6,Friday,2024,12,12:00pm-12:59pm,1,Rural,3,Other Principal Arterial,30.8783,-84.05101667,1,Daylight,12,Motor Vehicle In-Transport,10,Cloudy,1
13,Georgia,130472,MUSCOGEE (215),COLUMBUS,5,May,6,Friday,2024,15,3:00pm-3:59pm,2,Urban,3,Other Principal Arterial,32.40734167,-84.947075,1,Daylight,1,Rollover/Overturn,2,Rain,1
13,Georgia,130473,EFFINGHAM (103),Not Reported,5,May,7,Saturday,2024,8,8:00am-8:59am,1,Rural,6,Minor Collector,32.30588056,-81.33368611,1,Daylight,1,Rollover/Overturn,10,Cloudy,1
13,Georgia,130474,LEE (177),Other,5,May,7,Saturday,2024,9,9:00am-9:59am,1,Rural,6,Minor Collector,31.91127778,-84.02558056,1,Daylight,42,Tree (Standing Only),10,Cloudy,1
13,Georgia,130475,STEPHENS (257),TOCCOA,5,May,7,Saturday,2024,20,8:00pm-8:59pm,2,Urban,3,Other Principal Arterial,34.56753056,-83.30223889,3,Dark - Lighted,12,Motor Vehicle In-Transport,10,Cloudy,1
13,Georgia,130476,BALDWIN (9),Not Reported,5,May,1,Sunday,2024,0,0:00am-0:59am,1,Rural,7,Local,32.98626111,-83.22957778,2,Dark - Not Lighted,8,Pedestrian,1,Clear,1
13,Georgia,130477,CARROLL (45),CARROLLTON,5,May,1,Sunday,2024,1,1:00am-1:59am,1,Rural,7,Local,33.52560556,-84.98880556,2,Dark - Not Lighted,42,Tree (Standing Only),10,Cloudy,1
13,Georgia,130478,EVANS (109),CLAXTON,5,May,1,Sunday,2024,12,12:00pm-12:59pm,1,Rural,4,Minor Arterial,32.18149167,-81.89143333,1,Daylight,33,Curb,10,Cloudy,1
13,Georgia,130480,COBB (67),ACWORTH,3,March,3,Tuesday,2024,12,12:00pm-12:59pm,2,Urban,3,Other Principal Arterial,34.07752778,-84.728525,1,Daylight,12,Motor Vehicle In-Transport,1,Clear,1
13,Georgia,130481,COBB (67),Not Reported,3,March,4,Wednesday,2024,19,7:00pm-7:59pm,2,Urban,4,Minor Arterial,33.90291111,-84.695,1,Daylight,12,Motor Vehicle In-Transport,1,Clear,1
13,Georgia,130482,COBB (67),Not Reported,4,April,4,Wednesday,2024,14,2:00pm-2:59pm,2,Urban,7,Local,33.84942222,-84.70443056,1,Daylight,42,Tree (Standing Only),1,Clear,1
13,Georgia,130483,COBB (67),MARIETTA,4,April,7,Saturday,2024,5,5:00am-5:59am,2,Urban,4,Minor Arterial,33.89033056,-84.58006944,2,Dark - Not Lighted,8,Pedestrian,1,Clear,1
13,Georgia,130484,COBB (67),Not Reported,5,May,4,Wednesday,2024,14,2:00pm-2:59pm,2,Urban,4,Minor Arterial,33.86583333,-84.59378889,1,Daylight,12,Motor Vehicle In-Transport,1,Clear,1
13,Georgia,130485,COBB (67),NOT APPLICABLE,5,May,4,Wednesday,2024,23,11:00pm-11:59pm,2,Urban,4,Minor Arterial,33.90311944,-84.56735833,3,Dark - Lighted,8,Pedestrian,1,Clear,1
13,Georgia,130487,POLK (233),CEDARTOWN,5,May,7,Saturday,2024,11,11:00am-11:59am,2,Urban,5,Major Collector,34.0487,-85.26500833,1,Daylight,32,Culvert,1,Clear,1
13,Georgia,130488,GWINNETT (135),Not Reported,5,May,1,Sunday,2024,13,1:00pm-1:59pm,2,Urban,4,Minor Arterial,33.93141111,-84.22626389,1,Daylight,12,Motor Vehicle In-Transport,1,Clear,2
13,Georgia,130489,GILMER (123),Not Reported,5,May,1,Sunday,2024,14,2:00pm-2:59pm,1,Rural,5,Major Collector,34.58035556,-84.61825556,1,Daylight,12,Motor Vehicle In-Transport,10,Cloudy,1
13,Georgia,130490,BARTOW (15),CARTERSVILLE,5,May,1,Sunday,2024,17,5:00pm-5:59pm,2,Urban,1,Interstate,34.15269722,-84.74776944,1,Daylight,24,Guardrail Face,1,Clear,5
13,Georgia,130491,FORSYTH (117),Not Reported,5,May,2,Monday,2024,7,7:00am-7:59am,2,Urban,7,Local,34.28031667,-84.09323889,1,Daylight,32,Culvert,1,Clear,1
13,Georgia,130492,CLAYTON (63),RIVERDALE,5,May,2,Monday,2024,23,11:00pm-11:59pm,2,Urban,3,Other Principal Arterial,33.55068611,-84.43595833,2,Dark - Not Lighted,8,Pedestrian,1,Clear,1
13,Georgia,130493,DEKALB (89),Not Reported,5,May,3,Tuesday,2024,1,1:00am-1:59am,2,Urban,3,Other Principal Arterial,33.82174167,-84.30561944,3,Dark - Lighted,53,Mail Box,1,Clear,1
13,Georgia,130494,CHATHAM (51),SAVANNAH,5,May,3,Tuesday,2024,6,6:00am-6:59am,2,Urban,4,Minor Arterial,31.96026944,-81.13693333,3,Dark - Lighted,33,Curb,1,Clear,1
13,Georgia,130495,MUSCOGEE (215),COLUMBUS,5,May,3,Tuesday,2024,13,1:00pm-1:59pm,2,Urban,4,Minor Arterial,32.48820556,-84.896525,1,Daylight,12,Motor Vehicle In-Transport,1,Clear,1
13,Georgia,130496,WILKINSON (319),Not Reported,5,May,3,Tuesday,2024,15,3:00pm-3:59pm,1,Rural,3,Other Principal Arterial,32.68600278,-83.08581944,1,Daylight,12,Motor Vehicle In-Transport,1,Clear,1
13,Georgia,130497,GREENE (133),Not Reported,5,May,3,Tuesday,2024,18,6:00pm-6:59pm,1,Rural,1,Interstate,33.545425,-83.21241667,1,Daylight,12,Motor Vehicle In-Transport,1,Clear,2
13,Georgia,130498,BARTOW (15),RYDAL,5,May,4,Wednesday,2024,6,6:00am-6:59am,1,Rural,4,Minor Arterial,34.38669167,-84.70668056,2,Dark - Not Lighted,12,Motor Vehicle In-Transport,10,Cloudy,1
13,Georgia,130499,MCINTOSH (191),DARIEN,5,May,5,Thursday,2024,19,7:00pm-7:59pm,1,Rural,5,Major Collector,31.39938611,-81.40749444,1,Daylight,42,Tree (Standing Only),1,Clear,1
13,Georgia,130500,ATKINSON (3),Not Reported,5,May,6,Friday,2024,1,1:00am-1:59am,1,Rural,3,Other Principal Arterial,31.33741111,-83.03483333,3,Dark - Lighted,12,Motor Vehicle In-Transport,1,Clear,1
13,Georgia,130501,DEKALB (89),STONE MOUNTAIN,5,May,4,Wednesday,2024,5,5:00am-5:59am,2,Urban,3,Other Principal Arterial,33.80816667,-84.18443056,2,Dark - Not Lighted,8,Pedestrian,1,Clear,1
13,Georgia,130502,MCDUFFIE (189),Not Reported,5,May,7,Saturday,2024,6,6:00am-6:59am,1,Rural,1,Interstate,33.50892778,-82.424725,1,Daylight,57,Cable Barrier,10,Cloudy,1
13,Georgia,130503,BARTOW (15),Not Reported,5,May,7,Saturday,2024,12,12:00pm-12:59pm,2,Urban,6,Minor Collector,34.232475,-84.82439722,1,Daylight,1,Rollover/Overturn,1,Clear,1
13,Georgia,130504,MURRAY (213),CRANDALL,5,May,7,Saturday,2024,23,11:00pm-11:59pm,1,Rural,5,Major Collector,34.93607778,-84.74701667,2,Dark - Not Lighted,42,Tree (Standing Only),1,Clear,1
13,Georgia,130505,CLAYTON (63),Not Reported,5,May,1,Sunday,2024,7,7:00am-7:59am,2,Urban,1,Interstate,33.61686667,-84.398125,1,Daylight,12,Motor Vehicle In-Transport,1,Clear,1
13,Georgia,130506,UPSON (293),Not Reported,5,May,1,Sunday,2024,9,9:00am-9:59am,1,Rural,6,Minor Collector,32.99006389,-84.29735556,1,Daylight,1,Rollover/Overturn,1,Clear,1
13,Georgia,130507,GORDON (129),CALHOUN,5,May,1,Sunday,2024,23,11:00pm-11:59pm,2,Urban,7,Local,34.53226389,-84.94793056,2,Dark - Not Lighted,12,Motor Vehicle In-Transport,1,Clear,1
13,Georgia,130508,FULTON (121),Not Reported,5,May,2,Monday,2024,2,2:00am-2:59am,2,Urban,4,Minor Arterial,33.58530556,-84.53611111,2,Dark - Not Lighted,8,Pedestrian,1,Clear,1
13,Georgia,130509,FULTON (121),ATLANTA,1,January,6,Friday,2024,18,6:00pm-6:59pm,2,Urban,5,Major Collector,33.763425,-84.41127778,3,Dark - Lighted,8,Pedestrian,1,Clear,1
13,Georgia,130510,PUTNAM (237),EATONTON,2,February,3,Tuesday,2024,22,10:00pm-10:59pm,1,Rural,5,Major Collector,33.45090278,-83.298375,2,Dark - Not Lighted,35,Embankment,1,Clear,1
13,Georgia,130511,CLAYTON (63),Not Reported,5,May,1,Sunday,2024,5,5:00am-5:59am,2,Urban,3,Other Principal Arterial,33.55090278,-84.4458,2,Dark - Not Lighted,8,Pedestrian,1,Clear,1
13,Georgia,130512,MITCHELL (205),Not Reported,5,May,6,Friday,2024,5,5:00am-5:59am,1,Rural,5,Major Collector,31.18725,-84.24308056,2,Dark - Not Lighted,12,Motor Vehicle In-Transport,1,Clear,2
13,Georgia,130513,CLAYTON (63),FOREST PARK,5,May,4,Wednesday,2024,16,4:00pm-4:59pm,2,Urban,3,Other Principal Arterial,33.61352778,-84.40266667,1,Daylight,12,Motor Vehicle In-Transport,1,Clear,1
13,Georgia,130514,CHATHAM (51),SAVANNAH,5,May,5,Thursday,2024,14,2:00pm-2:59pm,2,Urban,3,Other Principal Arterial,32.04304722,-81.06743056,1,Daylight,8,Pedestrian,1,Clear,1
13,Georgia,130515,GILMER (123),EAST ELLIJAY,5,May,6,Friday,2024,16,4:00pm-4:59pm,1,Rural,3,Other Principal Arterial,34.66474167,-84.48813056,1,Daylight,12,Motor Vehicle In-Transport,1,Clear,1
13,Georgia,130516,GILMER (123),ELLIJAY,5,May,2,Monday,2024,17,5:00pm-5:59pm,1,Rural,4,Minor Arterial,34.70848611,-84.49196389,1,Daylight,12,Motor Vehicle In-Transport,1,Clear,1
13,Georgia,130517,GWINNETT (135),Not Reported,5,May,1,Sunday,2024,2,2:00am-2:59am,2,Urban,4,Minor Arterial,34.05330556,-83.92663611,2,Dark - Not Lighted,12,Motor Vehicle In-Transport,10,Cloudy,1
13,Georgia,130518,MACON (193),Not Reported,5,May,1,Sunday,2024,21,9:00pm-9:59pm,1,Rural,5,Major Collector,32.44015556,-84.13173889,2,Dark - Not Lighted,1,Rollover/Overturn,1,Clear,1
13,Georgia,130519,FULTON (121),ATLANTA,5,May,1,Sunday,2024,23,11:00pm-11:59pm,2,Urban,4,Minor Arterial,33.81409167,-84.35354722,3,Dark - Lighted,8,Pedestrian,1,Clear,1
13,Georgia,130520,FULTON (121),ATLANTA,5,May,2,Monday,2024,0,0:00am-0:59am,2,Urban,1,Interstate,33.79137222,-84.39098333,3,Dark - Lighted,12,Motor Vehicle In-Transport,1,Clear,1
13,Georgia,130521,BARTOW (15),EMERSON,5,May,2,Monday,2024,13,1:00pm-1:59pm,2,Urban,1,Interstate,34.15456944,-84.74944722,1,Daylight,12,Motor Vehicle In-Transport,1,Clear,1
13,Georgia,130522,PAULDING (223),Other,5,May,3,Tuesday,2024,0,0:00am-0:59am,2,Urban,4,Minor Arterial,33.81963611,-84.8076,2,Dark - Not Lighted,42,Tree (Standing Only),10,Cloudy,1
13,Georgia,130523,PEACH (225),Not Reported,5,May,3,Tuesday,2024,12,12:00pm-12:59pm,2,Urban,3,Other Principal Arterial,32.56851667,-83.93199722,1,Daylight,12,Motor Vehicle In-Transport,1,Clear,1
13,Georgia,130525,MADISON (195),COMER,5,May,3,Tuesday,2024,19,7:00pm-7:59pm,1,Rural,5,Major Collector,34.090275,-83.15236111,1,Daylight,12,Motor Vehicle In-Transport,1,Clear,3
13,Georgia,130526,CARROLL (45),Not Reported,5,May,4,Wednesday,2024,19,7:00pm-7:59pm,2,Urban,4,Minor Arterial,33.61092778,-84.93273333,1,Daylight,12,Motor Vehicle In-Transport,1,Clear,1
13,Georgia,130527,FULTON (121),ATLANTA,5,May,3,Tuesday,2024,23,11:00pm-11:59pm,2,Urban,1,Interstate,33.76044722,-84.4858,2,Dark - Not Lighted,14,Parked Motor Vehicle,1,Clear,1
13,Georgia,130528,LOWNDES (185),VALDOSTA,5,May,4,Wednesday,2024,19,7:00pm-7:59pm,2,Urban,7,Local,30.82899167,-83.33329167,1,Daylight,30,Utility Pole/Light Support,1,Clear,1
13,Georgia,130529,RICHMOND (245),AUGUSTA,5,May,5,Thursday,2024,0,0:00am-0:59am,2,Urban,1,Interstate,33.48221111,-82.084075,3,Dark - Lighted,32,Culvert,1,Clear,1
13,Georgia,130530,LUMPKIN (187),Not Reported,5,May,5,Thursday,2024,9,9:00am-9:59am,1,Rural,5,Major Collector,34.54676944,-84.13441944,1,Daylight,12,Motor Vehicle In-Transport,1,Clear,1
13,Georgia,130531,MUSCOGEE (215),COLUMBUS,5,May,6,Friday,2024,21,9:00pm-9:59pm,2,Urban,2,Other Freeways and Expressways,32.55248889,-84.93132778,2,Dark - Not Lighted,8,Pedestrian,1,Clear,1
13,Georgia,130532,UPSON (293),Not Reported,5,May,6,Friday,2024,21,9:00pm-9:59pm,1,Rural,3,Other Principal Arterial,32.81429167,-84.28676389,2,Dark - Not Lighted,8,Pedestrian,1,Clear,1
13,Georgia,130533,SPALDING (255),Not Reported,6,June,7,Saturday,2024,22,10:00pm-10:59pm,2,Urban,4,Minor Arterial,33.23890556,-84.3197,3,Dark - Lighted,42,Tree (Standing Only),1,Clear,1
13,Georgia,130534,GWINNETT (135),DULUTH,6,June,7,Saturday,2024,23,11:00pm-11:59pm,2,Urban,1,Interstate,33.963425,-84.099975,3,Dark - Lighted,25,Concrete Traffic Barrier,10,Cloudy,1
13,Georgia,130535,GWINNETT (135),DULUTH,6,June,1,Sunday,2024,2,2:00am-2:59am,2,Urban,3,Other Principal Arterial,33.95277778,-84.05074444,3,Dark - Lighted,8,Pedestrian,10,Cloudy,1
13,Georgia,130536,FULTON (121),ATLANTA,6,June,1,Sunday,2024,6,6:00am-6:59am,2,Urban,1,Interstate,33.83255,-84.42646389,4,Dawn,42,Tree (Standing Only),1,Clear,1
13,Georgia,130537,HALL (139),FLOWERY BRANCH,6,June,2,Monday,2024,9,9:00am-9:59am,2,Urban,5,Major Collector,34.16819167,-83.92110833,1,Daylight,42,Tree (Standing Only),10,Cloudy,1
13,Georgia,130538,COBB (67),SMYRNA,6,June,2,Monday,2024,20,8:00pm-8:59pm,2,Urban,4,Minor Arterial,33.88179722,-84.50559722,1,Daylight,8,Pedestrian,1,Clear,1
13,Georgia,130539,CRISP (81),CORDELE,6,June,3,Tuesday,2024,0,0:00am-0:59am,2,Urban,1,Interstate,31.93021111,-83.74691667,2,Dark - Not Lighted,5,Fell/Jumped from Vehicle,10,Cloudy,1
13,Georgia,130540,RICHMOND (245),AUGUSTA,6,June,3,Tuesday,2024,0,0:00am-0:59am,2,Urban,4,Minor Arterial,33.45066111,-81.98689722,2,Dark - Not Lighted,58,Ground,1,Clear,1
13,Georgia,130541,TIFT (277),Not Reported,6,June,3,Tuesday,2024,18,6:00pm-6:59pm,1,Rural,1,Interstate,31.54894444,-83.53353333,1,Daylight,12,Motor Vehicle In-Transport,1,Clear,5
13,Georgia,130542,HARALSON (143),Not Reported,6,June,3,Tuesday,2024,18,6:00pm-6:59pm,1,Rural,7,Local,33.79811944,-85.11788611,1,Daylight,52,Guardrail End,1,Clear,1
13,Georgia,130543,COOK (75),ADEL,6,June,4,Wednesday,2024,4,4:00am-4:59am,2,Urban,3,Other Principal Arterial,31.13944722,-83.41388333,3,Dark - Lighted,12,Motor Vehicle In-Transport,1,Clear,1
13,Georgia,130544,WHITFIELD (313),Other,6,June,4,Wednesday,2024,5,5:00am-5:59am,2,Urban,1,Interstate,34.61718889,-84.964825,2,Dark - Not Lighted,12,Motor Vehicle In-Transport,10,Cloudy,1
13,Georgia,130545,ROCKDALE (247),CONYERS,6,June,4,Wednesday,2024,7,7:00am-7:59am,2,Urban,3,Other Principal Arterial,33.7042,-83.93889444,1,Daylight,12,Motor Vehicle In-Transport,2,Rain,1
13,Georgia,130547,HOUSTON (153),WARNER ROBINS,6,June,5,Thursday,2024,2,2:00am-2:59am,2,Urban,4,Minor Arterial,32.60268333,-83.62090278,3,Dark - Lighted,1,Rollover/Overturn,1,Clear,1
13,Georgia,130548,GWINNETT (135),Not Reported,6,June,5,Thursday,2024,12,12:00pm-12:59pm,2,Urban,1,Interstate,34.04591111,-84.02908056,1,Daylight,12,Motor Vehicle In-Transport,1,Clear,1
13,Georgia,130549,CATOOSA (47),RINGGOLD,6,June,5,Thursday,2024,18,6:00pm-6:59pm,2,Urban,7,Local,34.88661111,-85.14575833,1,Daylight,33,Curb,1,Clear,1
13,Georgia,130550,PAULDING (223),Not Reported,6,June,6,Friday,2024,21,9:00pm-9:59pm,2,Urban,5,Major Collector,33.83119444,-84.73589722,2,Dark - Not Lighted,38,Fence,1,Clear,1
13,Georgia,130552,FLOYD (115),Not Reported,6,June,7,Saturday,2024,8,8:00am-8:59am,1,Rural,3,Other Principal Arterial,34.25581944,-85.4398,1,Daylight,12,Motor Vehicle In-Transport,1,Clear,2
13,Georgia,130553,WARE (299),Not Reported,6,June,1,Sunday,2024,18,6:00pm-6:59pm,2,Urban,3,Other Principal Arterial,31.21259444,-82.41770833,1,Daylight,12,Motor Vehicle In-Transport,1,Clear,1
13,Georgia,130555,JENKINS (165),MILLEN,4,April,7,Saturday,2024,21,9:00pm-9:59pm,1,Rural,5,Major Collector,32.80118056,-81.936875,2,Dark - Not Lighted,12,Motor Vehicle In-Transport,1,Clear,1
13,Georgia,130556,CLARKE (59),ATHENS,6,June,1,Sunday,2024,1,1:00am-1:59am,2,Urban,1,Interstate,33.97963611,-83.35113611,2,Dark - Not Lighted,1,Rollover/Overturn,10,Cloudy,1
13,Georgia,130557,NEWTON (217),Not Reported,6,June,4,Wednesday,2024,19,7:00pm-7:59pm,1,Rural,4,Minor Arterial,33.59329167,-83.74886389,1,Daylight,32,Culvert,1,Clear,1
13,Georgia,130558,FULTON (121),ATLANTA,6,June,1,Sunday,2024,5,5:00am-5:59am,2,Urban,3,Other Principal Arterial,33.69111667,-84.514225,2,Dark - Not Lighted,8,Pedestrian,1,Clear,1
13,Georgia,130559,FULTON (121),ATLANTA,6,June,3,Tuesday,2024,17,5:00pm-5:59pm,2,Urban,4,Minor Arterial,33.750225,-84.45681111,1,Daylight,12,Motor Vehicle In-Transport,1,Clear,1
13,Georgia,130560,BRANTLEY (25),Not Reported,3,March,6,Friday,2024,21,9:00pm-9:59pm,1,Rural,3,Other Principal Arterial,31.22463056,-81.83289722,2,Dark - Not Lighted,12,Motor Vehicle In-Transport,1,Clear,1
13,Georgia,130561,DOUGLAS (97),LITHIA SPRINGS,6,June,7,Saturday,2024,21,9:00pm-9:59pm,2,Urban,3,Other Principal Arterial,33.78743056,-84.61834444,3,Dark - Lighted,8,Pedestrian,10,Cloudy,1
13,Georgia,130562,HALL (139),GAINESVILLE,6,June,2,Monday,2024,8,8:00am-8:59am,2,Urban,1,Interstate,34.246225,-83.83479444,1,Daylight,8,Pedestrian,10,Cloudy,1
13,Georgia,130563,JASPER (159),Not Reported,6,June,2,Monday,2024,12,12:00pm-12:59pm,1,Rural,5,Major Collector,33.33168611,-83.737425,1,Daylight,12,Motor Vehicle In-Transport,10,Cloudy,1
13,Georgia,130564,BALDWIN (9),MILLEDGEVILLE,6,June,2,Monday,2024,22,10:00pm-10:59pm,2,Urban,3,Other Principal Arterial,33.16620278,-83.28012778,2,Dark - Not Lighted,12,Motor Vehicle In-Transport,1,Clear,1
13,Georgia,130565,STEWART (259),Not Reported,6,June,3,Tuesday,2024,11,11:00am-11:59am,1,Rural,3,Other Principal Arterial,32.13496944,-84.82648889,1,Daylight,1,Rollover/Overturn,1,Clear,1
13,Georgia,130566,BANKS (11),Not Reported,6,June,4,Wednesday,2024,15,3:00pm-3:59pm,1,Rural,3,Other Principal Arterial,34.29786389,-83.47396111,1,Daylight,12,Motor Vehicle In-Transport,1,Clear,1
13,Georgia,130567,PEACH (225),FORT VALLEY,6,June,5,Thursday,2024,17,5:00pm-5:59pm,2,Urban,4,Minor Arterial,32.52623889,-83.86690556,1,Daylight,12,Motor Vehicle In-Transport,1,Clear,1
13,Georgia,130568,DEKALB (89),Other,6,June,6,Friday,2024,1,1:00am-1:59am,2,Urban,1,Interstate,33.70828889,-84.20539722,2,Dark - Not Lighted,12,Motor Vehicle In-Transport,1,Clear,1
13,Georgia,130569,DEKALB (89),Not Reported,6,June,1,Sunday,2024,1,1:00am-1:59am,2,Urban,4,Minor Arterial,33.733675,-84.21115833,2,Dark - Not Lighted,15,Non-Motorist on Personal Conveyance,1,Clear,1
13,Georgia,130571,GORDON (129),CALHOUN,5,May,5,Thursday,2024,15,3:00pm-3:59pm,2,Urban,3,Other Principal Arterial,34.50586667,-84.95600556,1,Daylight,12,Motor Vehicle In-Transport,10,Cloudy,1
13,Georgia,130572,RICHMOND (245),AUGUSTA,1,January,4,Wednesday,2024,16,4:00pm-4:59pm,2,Urban,1,Interstate,33.414125,-81.971425,1,Daylight,1,Rollover/Overturn,10,Cloudy,1
13,Georgia,130573,FULTON (121),ATLANTA,5,May,2,Monday,2024,2,2:00am-2:59am,2,Urban,2,Other Freeways and Expressways,33.76009722,-84.37224444,3,Dark - Lighted,30,Utility Pole/Light Support,1,Clear,1
13,Georgia,130574,CLAYTON (63),Other,6,June,3,Tuesday,2024,2,2:00am-2:59am,2,Urban,5,Major Collector,33.64081667,-84.37831944,3,Dark - Lighted,1,Rollover/Overturn,10,Cloudy,1
13,Georgia,130577,HABERSHAM (137),Not Reported,5,May,2,Monday,2024,13,1:00pm-1:59pm,1,Rural,4,Minor Arterial,34.60192222,-83.58368611,1,Daylight,32,Culvert,1,Clear,1
13,Georgia,130578,DOUGLAS (97),Not Reported,6,June,3,Tuesday,2024,6,6:00am-6:59am,2,Urban,5,Major Collector,33.77430278,-84.78788056,1,Daylight,12,Motor Vehicle In-Transport,1,Clear,1
13,Georgia,130579,HALL (139),GAINESVILLE,6,June,5,Thursday,2024,9,9:00am-9:59am,2,Urban,3,Other Principal Arterial,34.31530278,-83.79963333,1,Daylight,12,Motor Vehicle In-Transport,1,Clear,1
13,Georgia,130580,BRYAN (29),RICHMOND HILL,6,June,5,Thursday,2024,21,9:00pm-9:59pm,1,Rural,3,Other Principal Arterial,31.88941389,-81.38376389,2,Dark - Not Lighted,12,Motor Vehicle In-Transport,1,Clear,1
13,Georgia,130581,FULTON (121),UNION CITY,6,June,6,Friday,2024,1,1:00am-1:59am,2,Urban,3,Other Principal Arterial,33.623525,-84.57925278,2,Dark - Not Lighted,12,Motor Vehicle In-Transport,1,Clear,1
13,Georgia,130582,GLYNN (127),Not Reported,6,June,6,Friday,2024,21,9:00pm-9:59pm,2,Urban,4,Minor Arterial,31.22774167,-81.45821111,3,Dark - Lighted,8,Pedestrian,1,Clear,1
13,Georgia,130583,POLK (233),CEDARTOWN,6,June,7,Saturday,2024,18,6:00pm-6:59pm,1,Rural,6,Minor Collector,34.01375278,-85.33221389,1,Daylight,42,Tree (Standing Only),1,Clear,1
13,Georgia,130584,FULTON (121),Other,6,June,7,Saturday,2024,21,9:00pm-9:59pm,2,Urban,4,Minor Arterial,33.59619167,-84.46890278,3,Dark - Lighted,9,Pedalcyclist,1,Clear,1
13,Georgia,130585,FULTON (121),ATLANTA,6,June,7,Saturday,2024,21,9:00pm-9:59pm,2,Urban,5,Major Collector,33.72237222,-84.39337222,3,Dark - Lighted,8,Pedestrian,1,Clear,1
13,Georgia,130586,EFFINGHAM (103),Not Reported,6,June,1,Sunday,2024,1,1:00am-1:59am,1,Rural,7,Local,32.39523889,-81.48028889,2,Dark - Not Lighted,1,Rollover/Overturn,1,Clear,1
13,Georgia,130587,FAYETTE (113),Other,6,June,2,Monday,2024,7,7:00am-7:59am,2,Urban,5,Major Collector,33.51062778,-84.45960278,4,Dawn,8,Pedestrian,1,Clear,1
13,Georgia,130588,TALBOT (263),Not Reported,6,June,2,Monday,2024,8,8:00am-8:59am,1,Rural,5,Major Collector,32.82465278,-84.52451111,1,Daylight,12,Motor Vehicle In-Transport,1,Clear,1