STATE,STATENAME,ST_CASE,COUNTYNAME,CITYNAME,MONTH,MONTHNAME,DAY_WEEK,DAY_WEEKNAME,YEAR,HOUR,HOURNAME,RUR_URB,RUR_URBNAME,FUNC_SYS,FUNC_SYSNAME,LATITUDE,LONGITUD,LGT_COND,LGT_CONDNAME,HARM_EV,HARM_EVNAME,WEATHER,WEATHERNAME,FATALS
13,Georgia,130589,EFFINGHAM (103),SPRINGFIELD,6,June,2,Monday,2024,12,12:00pm-12:59pm,1,Rural,4,Minor Arterial,32.35269722,-81.30888333,1,Daylight,12,Motor Vehicle In-Transport,10,Cloudy,1
13,Georgia,130590,WORTH (321),Not Reported,6,June,3,Tuesday,2024,7,7:00am-7:59am,1,Rural,3,Other Principal Arterial,31.68374444,-83.80798889,1,Daylight,12,Motor Vehicle In-Transport,1,Clear,1
13,Georgia,130591,LOWNDES (185),Not Reported,6,June,3,Tuesday,2024,14,2:00pm-2:59pm,2,Urban,6,Minor Collector,30.92018333,-83.19470833,1,Daylight,58,Ground,1,Clear,1
13,Georgia,130592,UNION (291),Not Reported,6,June,4,Wednesday,2024,16,4:00pm-4:59pm,1,Rural,3,Other Principal Arterial,34.89683611,-83.93157222,1,Daylight,12,Motor Vehicle In-Transport,1,Clear,1
13,Georgia,130593,BIBB (21),MACON,6,June,4,Wednesday,2024,16,4:00pm-4:59pm,2,Urban,3,Other Principal Arterial,32.74923333,-83.65699722,1,Daylight,30,Utility Pole/Light Support,1,Clear,1
13,Georgia,130595,JACKSON (157),JEFFERSON,6,June,5,Thursday,2024,11,11:00am-11:59am,2,Urban,4,Minor Arterial,34.09619444,-83.57200556,1,Daylight,34,Ditch,1,Clear,1
13,Georgia,130596,POLK (233),Not Reported,6,June,5,Thursday,2024,18,6:00pm-6:59pm,1,Rural,4,Minor Arterial,34.09027778,-85.11871389,1,Daylight,12,Motor Vehicle In-Transport,1,Clear,1
13,Georgia,130597,DEKALB (89),Other,6,June,5,Thursday,2024,23,11:00pm-11:59pm,2,Urban,3,Other Principal Arterial,33.81143889,-84.19375556,3,Dark - Lighted,8,Pedestrian,1,Clear,1
13,Georgia,130598,LOWNDES (185),Other,6,June,6,Friday,2024,14,2:00pm-2:59pm,2,Urban,4,Minor Arterial,31.02540556,-83.19795,1,Daylight,12,Motor Vehicle In-Transport,1,Clear,1
13,Georgia,130599,RICHMOND (245),AUGUSTA,6,June,6,Friday,2024,21,9:00pm-9:59pm,2,Urban,2,Other Freeways and Expressways,33.51659722,-82.00435556,3,Dark - Lighted,12,Motor Vehicle In-Transport,1,Clear,1
13,Georgia,130601,PULASKI (235),Not Reported,6,June,7,Saturday,2024,6,6:00am-6:59am,1,Rural,5,Major Collector,32.30303889,-83.38763333,1,Daylight,11,Live Animal,1,Clear,1
13,Georgia,130602,HOUSTON (153),WARNER ROBINS,6,June,7,Saturday,2024,19,7:00pm-7:59pm,2,Urban,4,Minor Arterial,32.63366944,-83.63509444,1,Daylight,53,Mail Box,1,Clear,1
13,Georgia,130603,MERIWETHER (199),Not Reported,6,June,7,Saturday,2024,20,8:00pm-8:59pm,1,Rural,4,Minor Arterial,32.89924722,-84.68095278,1,Daylight,12,Motor Vehicle In-Transport,1,Clear,1
13,Georgia,130604,UPSON (293),Not Reported,6,June,7,Saturday,2024,21,9:00pm-9:59pm,2,Urban,3,Other Principal Arterial,32.93575,-84.33387222,2,Dark - Not Lighted,8,Pedestrian,1,Clear,1
13,Georgia,130605,FULTON (121),ATLANTA,6,June,7,Saturday,2024,23,11:00pm-11:59pm,2,Urban,5,Major Collector,33.77006667,-84.41739722,3,Dark - Lighted,12,Motor Vehicle In-Transport,1,Clear,1
13,Georgia,130606,DEKALB (89),Other,6,June,1,Sunday,2024,0,0:00am-0:59am,2,Urban,4,Minor Arterial,33.73329722,-84.21009444,2,Dark - Not Lighted,8,Pedestrian,1,Clear,1
13,Georgia,130607,GWINNETT (135),Not Reported,6,June,1,Sunday,2024,23,11:00pm-11:59pm,2,Urban,1,Interstate,33.90729444,-84.23270833,3,Dark - Lighted,12,Motor Vehicle In-Transport,1,Clear,1
13,Georgia,130608,MURRAY (213),Not Reported,6,June,3,Tuesday,2024,0,0:00am-0:59am,1,Rural,7,Local,34.65631667,-84.89526389,2,Dark - Not Lighted,32,Culvert,1,Clear,1
13,Georgia,130609,HENRY (151),Other,6,June,4,Wednesday,2024,0,0:00am-0:59am,2,Urban,1,Interstate,33.39479722,-84.14859722,2,Dark - Not Lighted,8,Pedestrian,1,Clear,1
13,Georgia,130610,RICHMOND (245),AUGUSTA,6,June,4,Wednesday,2024,2,2:00am-2:59am,2,Urban,1,Interstate,33.52318056,-82.027775,3,Dark - Lighted,25,Concrete Traffic Barrier,1,Clear,1
13,Georgia,130612,FULTON (121),ATLANTA,6,June,6,Friday,2024,23,11:00pm-11:59pm,2,Urban,5,Major Collector,33.68631667,-84.49130278,3,Dark - Lighted,12,Motor Vehicle In-Transport,1,Clear,2
13,Georgia,130613,CHATTOOGA (55),Not Reported,6,June,5,Thursday,2024,16,4:00pm-4:59pm,2,Urban,3,Other Principal Arterial,34.52405,-85.31068889,1,Daylight,8,Pedestrian,1,Clear,1
13,Georgia,130614,BERRIEN (19),NASHVILLE,6,June,6,Friday,2024,13,1:00pm-1:59pm,1,Rural,5,Major Collector,31.20086389,-83.22888056,1,Daylight,12,Motor Vehicle In-Transport,1,Clear,1
13,Georgia,130615,MITCHELL (205),Not Reported,6,June,6,Friday,2024,20,8:00pm-8:59pm,1,Rural,5,Major Collector,31.08856944,-84.22045,5,Dusk,34,Ditch,1,Clear,1
13,Georgia,130616,BULLOCH (31),Not Reported,6,June,6,Friday,2024,21,9:00pm-9:59pm,2,Urban,3,Other Principal Arterial,32.37453889,-81.84443889,2,Dark - Not Lighted,8,Pedestrian,1,Clear,1
13,Georgia,130617,BANKS (11),HOMER,4,April,5,Thursday,2024,8,8:00am-8:59am,1,Rural,5,Major Collector,34.32945833,-83.51624167,1,Daylight,42,Tree (Standing Only),1,Clear,1
13,Georgia,130618,TOOMBS (279),Not Reported,6,June,6,Friday,2024,13,1:00pm-1:59pm,1,Rural,3,Other Principal Arterial,32.08939722,-82.3627,1,Daylight,8,Pedestrian,10,Cloudy,1
13,Georgia,130619,WORTH (321),Not Reported,5,May,7,Saturday,2024,2,2:00am-2:59am,1,Rural,4,Minor Arterial,31.70811111,-83.91038056,2,Dark - Not Lighted,42,Tree (Standing Only),1,Clear,1
13,Georgia,130620,GWINNETT (135),LILBURN,6,June,2,Monday,2024,23,11:00pm-11:59pm,2,Urban,4,Minor Arterial,33.90011111,-84.13061111,3,Dark - Lighted,12,Motor Vehicle In-Transport,1,Clear,1
13,Georgia,130621,GWINNETT (135),Not Reported,6,June,7,Saturday,2024,0,0:00am-0:59am,2,Urban,4,Minor Arterial,33.93065556,-84.14573611,3,Dark - Lighted,33,Curb,1,Clear,1
13,Georgia,130622,RANDOLPH (243),Not Reported,6,June,3,Tuesday,2024,13,1:00pm-1:59pm,1,Rural,3,Other Principal Arterial,31.79543889,-84.85148333,1,Daylight,12,Motor Vehicle In-Transport,1,Clear,1
13,Georgia,130623,HABERSHAM (137),Not Reported,6,June,7,Saturday,2024,11,11:00am-11:59am,2,Urban,3,Other Principal Arterial,34.67488611,-83.42843889,1,Daylight,11,Live Animal,1,Clear,1
13,Georgia,130624,WEBSTER (307),Not Reported,6,June,7,Saturday,2024,12,12:00pm-12:59pm,1,Rural,3,Other Principal Arterial,31.98511111,-84.62668889,1,Daylight,34,Ditch,2,Rain,1
13,Georgia,130625,HABERSHAM (137),Not Reported,6,June,7,Saturday,2024,13,1:00pm-1:59pm,2,Urban,3,Other Principal Arterial,34.56046944,-83.52339167,1,Daylight,12,Motor Vehicle In-Transport,1,Clear,1
13,Georgia,130626,JACKSON (157),JEFFERSON,6,June,7,Saturday,2024,18,6:00pm-6:59pm,1,Rural,6,Minor Collector,34.16004444,-83.52253611,1,Daylight,1,Rollover/Overturn,10,Cloudy,1
13,Georgia,130627,LONG (183),Not Reported,6,June,7,Saturday,2024,21,9:00pm-9:59pm,1,Rural,4,Minor Arterial,31.87845278,-81.87436111,2,Dark - Not Lighted,12,Motor Vehicle In-Transport,1,Clear,1
13,Georgia,130628,HARRIS (145),Not Reported,6,June,1,Sunday,2024,1,1:00am-1:59am,1,Rural,5,Major Collector,32.6834,-84.74335833,2,Dark - Not Lighted,38,Fence,1,Clear,1
13,Georgia,130629,BULLOCH (31),STATESBORO,6,June,1,Sunday,2024,12,12:00pm-12:59pm,1,Rural,5,Major Collector,32.32996667,-81.80652778,1,Daylight,53,Mail Box,1,Clear,1
13,Georgia,130630,LOWNDES (185),Not Reported,6,June,1,Sunday,2024,20,8:00pm-8:59pm,1,Rural,1,Interstate,30.73072778,-83.26183889,3,Dark - Lighted,42,Tree (Standing Only),10,Cloudy,1
13,Georgia,130631,FAYETTE (113),Other,7,July,2,Monday,2024,9,9:00am-9:59am,1,Rural,4,Minor Arterial,33.30937778,-84.39411111,1,Daylight,12,Motor Vehicle In-Transport,1,Clear,1
13,Georgia,130633,FULTON (121),ATLANTA,7,July,2,Monday,2024,13,1:00pm-1:59pm,2,Urban,4,Minor Arterial,33.70269722,-84.46927222,1,Daylight,12,Motor Vehicle In-Transport,1,Clear,1
13,Georgia,130634,PICKENS (227),Not Reported,7,July,2,Monday,2024,15,3:00pm-3:59pm,2,Urban,5,Major Collector,34.47564167,-84.44222778,1,Daylight,8,Pedestrian,10,Cloudy,1
13,Georgia,130635,DEKALB (89),Other,7,July,2,Monday,2024,23,11:00pm-11:59pm,2,Urban,4,Minor Arterial,33.737725,-84.24351111,2,Dark - Not Lighted,33,Curb,1,Clear,1
13,Georgia,130636,PIERCE (229),Not Reported,7,July,3,Tuesday,2024,3,3:00am-3:59am,1,Rural,5,Major Collector,31.35835,-82.21518333,2,Dark - Not Lighted,1,Rollover/Overturn,2,Rain,1
13,Georgia,130638,CHATHAM (51),SAVANNAH,7,July,4,Wednesday,2024,5,5:00am-5:59am,2,Urban,3,Other Principal Arterial,32.00999167,-81.11465833,3,Dark - Lighted,8,Pedestrian,2,Rain,1
13,Georgia,130639,CHATTOOGA (55),Not Reported,7,July,4,Wednesday,2024,5,5:00am-5:59am,1,Rural,7,Local,34.57345556,-85.29116944,2,Dark - Not Lighted,9,Pedalcyclist,10,Cloudy,1
13,Georgia,130640,BRANTLEY (25),NAHUNTA,7,July,4,Wednesday,2024,7,7:00am-7:59am,1,Rural,4,Minor Arterial,31.20652778,-81.98074722,1,Daylight,12,Motor Vehicle In-Transport,1,Clear,1
13,Georgia,130641,LOWNDES (185),HAHIRA,7,July,5,Thursday,2024,23,11:00pm-11:59pm,1,Rural,1,Interstate,30.95422778,-83.37628333,2,Dark - Not Lighted,12,Motor Vehicle In-Transport,1,Clear,1
13,Georgia,130642,WALKER (295),Not Reported,7,July,6,Friday,2024,99,Unknown Hours,1,Rural,4,Minor Arterial,34.7091,-85.19200278,2,Dark - Not Lighted,34,Ditch,10,Cloudy,1
13,Georgia,130643,HENRY (151),Other,7,July,6,Friday,2024,0,0:00am-0:59am,2,Urban,3,Other Principal Arterial,33.45935833,-84.291225,2,Dark - Not Lighted,42,Tree (Standing Only),1,Clear,1
13,Georgia,130644,DEKALB (89),DECATUR,7,July,6,Friday,2024,9,9:00am-9:59am,2,Urban,4,Minor Arterial,33.73877778,-84.28824444,1,Daylight,33,Curb,10,Cloudy,1
13,Georgia,130645,WALKER (295),Not Reported,7,July,6,Friday,2024,9,9:00am-9:59am,2,Urban,4,Minor Arterial,34.95133889,-85.27420278,1,Daylight,12,Motor Vehicle In-Transport,1,Clear,2
13,Georgia,130646,COLUMBIA (73),Not Reported,7,July,6,Friday,2024,10,10:00am-10:59am,2,Urban,1,Interstate,33.48234722,-82.18641944,1,Daylight,12,Motor Vehicle In-Transport,1,Clear,1
13,Georgia,130647,DOUGHERTY (95),ALBANY,7,July,6,Friday,2024,17,5:00pm-5:59pm,2,Urban,2,Other Freeways and Expressways,31.61422222,-84.17038889,1,Daylight,38,Fence,2,Rain,1
13,Georgia,130648,DEKALB (89),Other,7,July,7,Saturday,2024,8,8:00am-8:59am,2,Urban,3,Other Principal Arterial,33.79886111,-84.22105833,1,Daylight,33,Curb,1,Clear,1
13,Georgia,130649,WILKINSON (319),Not Reported,7,July,7,Saturday,2024,15,3:00pm-3:59pm,1,Rural,5,Major Collector,32.90014167,-83.21368333,1,Daylight,42,Tree (Standing Only),1,Clear,1
13,Georgia,130650,BACON (5),Other,7,July,1,Sunday,2024,23,11:00pm-11:59pm,1,Rural,3,Other Principal Arterial,31.42229722,-82.43398889,2,Dark - Not Lighted,8,Pedestrian,1,Clear,1
13,Georgia,130651,EFFINGHAM (103),Not Reported,4,April,3,Tuesday,2024,15,3:00pm-3:59pm,1,Rural,3,Other Principal Arterial,32.47560833,-81.41231667,1,Daylight,12,Motor Vehicle In-Transport,10,Cloudy,1
13,Georgia,130652,MUSCOGEE (215),COLUMBUS,6,June,7,Saturday,2024,13,1:00pm-1:59pm,2,Urban,3,Other Principal Arterial,32.52379722,-84.86923611,1,Daylight,12,Motor Vehicle In-Transport,1,Clear,2
13,Georgia,130653,CANDLER (43),METTER,6,June,2,Monday,2024,7,7:00am-7:59am,1,Rural,5,Major Collector,32.41779722,-82.04051944,1,Daylight,52,Guardrail End,1,Clear,1
13,Georgia,130654,DEKALB (89),Other,6,June,5,Thursday,2024,12,12:00pm-12:59pm,2,Urban,4,Minor Arterial,33.67960278,-84.22316389,1,Daylight,8,Pedestrian,1,Clear,1
13,Georgia,130655,GLYNN (127),Not Reported,7,July,2,Monday,2024,8,8:00am-8:59am,2,Urban,1,Interstate,31.13266944,-81.57805833,1,Daylight,24,Guardrail Face,1,Clear,1
13,Georgia,130656,MORGAN (211),MADISON,7,July,5,Thursday,2024,9,9:00am-9:59am,1,Rural,1,Interstate,33.56871389,-83.51564167,1,Daylight,52,Guardrail End,1,Clear,2
13,Georgia,130657,BIBB (21),Not Reported,7,July,1,Sunday,2024,0,0:00am-0:59am,2,Urban,3,Other Principal Arterial,32.87463056,-83.61092222,2,Dark - Not Lighted,12,Motor Vehicle In-Transport,1,Clear,1
13,Georgia,130658,MUSCOGEE (215),Not Reported,7,July,1,Sunday,2024,3,3:00am-3:59am,2,Urban,3,Other Principal Arterial,32.45700278,-84.93655278,2,Dark - Not Lighted,8,Pedestrian,1,Clear,1
13,Georgia,130659,MONROE (207),JULIETTE,6,June,2,Monday,2024,14,2:00pm-2:59pm,1,Rural,1,Interstate,32.98836389,-83.83983611,1,Daylight,12,Motor Vehicle In-Transport,1,Clear,1
13,Georgia,130660,CRISP (81),CORDELE,7,July,3,Tuesday,2024,3,3:00am-3:59am,2,Urban,7,Local,31.97434167,-83.75694722,3,Dark - Lighted,5,Fell/Jumped from Vehicle,1,Clear,1
13,Georgia,130661,FULTON (121),FAIRBURN,7,July,5,Thursday,2024,19,7:00pm-7:59pm,2,Urban,1,Interstate,33.54750556,-84.57432778,1,Daylight,30,Utility Pole/Light Support,2,Rain,1
13,Georgia,130662,FLOYD (115),LINDALE,7,July,7,Saturday,2024,17,5:00pm-5:59pm,2,Urban,7,Local,34.16752222,-85.18788611,1,Daylight,7,Other Non-Collision,2,Rain,1
13,Georgia,130663,CLAYTON (63),COLLEGE PARK,7,July,1,Sunday,2024,11,11:00am-11:59am,2,Urban,1,Interstate,33.639025,-84.45618056,1,Daylight,42,Tree (Standing Only),1,Clear,1
13,Georgia,130664,PAULDING (223),Unknown,7,July,2,Monday,2024,12,12:00pm-12:59pm,2,Urban,3,Other Principal Arterial,33.90175278,-84.771625,1,Daylight,12,Motor Vehicle In-Transport,1,Clear,1
13,Georgia,130665,BAKER (7),Other,7,July,2,Monday,2024,13,1:00pm-1:59pm,1,Rural,5,Major Collector,31.37611944,-84.565425,1,Daylight,12,Motor Vehicle In-Transport,1,Clear,1
13,Georgia,130666,GILMER (123),Not Reported,7,July,3,Tuesday,2024,11,11:00am-11:59am,1,Rural,3,Other Principal Arterial,34.70691389,-84.54600556,1,Daylight,42,Tree (Standing Only),1,Clear,1
13,Georgia,130667,FULTON (121),ATLANTA,7,July,4,Wednesday,2024,3,3:00am-3:59am,2,Urban,2,Other Freeways and Expressways,33.61571111,-84.50446667,2,Dark - Not Lighted,14,Parked Motor Vehicle,10,Cloudy,1
13,Georgia,130668,LAMAR (171),BARNESVILLE,7,July,4,Wednesday,2024,19,7:00pm-7:59pm,1,Rural,5,Major Collector,33.17308611,-84.087275,1,Daylight,12,Motor Vehicle In-Transport,1,Clear,1
13,Georgia,130669,WALKER (295),Not Reported,7,July,5,Thursday,2024,10,10:00am-10:59am,1,Rural,5,Major Collector,34.79683889,-85.38953333,1,Daylight,12,Motor Vehicle In-Transport,1,Clear,1
13,Georgia,130670,DEKALB (89),STONECREST,7,July,7,Saturday,2024,22,10:00pm-10:59pm,2,Urban,1,Interstate,33.70184167,-84.10739167,3,Dark - Lighted,8,Pedestrian,1,Clear,1
13,Georgia,130671,HENRY (151),Other,3,March,1,Sunday,2024,19,7:00pm-7:59pm,2,Urban,3,Other Principal Arterial,33.45850833,-84.17769167,1,Daylight,12,Motor Vehicle In-Transport,1,Clear,1
13,Georgia,130672,FAYETTE (113),FAYETTEVILLE,7,July,5,Thursday,2024,22,10:00pm-10:59pm,2,Urban,3,Other Principal Arterial,33.44779444,-84.45733056,3,Dark - Lighted,8,Pedestrian,1,Clear,1
13,Georgia,130673,GWINNETT (135),BUFORD,7,July,6,Friday,2024,12,12:00pm-12:59pm,2,Urban,3,Other Principal Arterial,34.045475,-83.99259722,1,Daylight,12,Motor Vehicle In-Transport,10,Cloudy,1
13,Georgia,130674,MADISON (195),Not Reported,7,July,7,Saturday,2024,1,1:00am-1:59am,1,Rural,4,Minor Arterial,34.05400278,-83.29300278,2,Dark - Not Lighted,12,Motor Vehicle In-Transport,10,Cloudy,1
13,Georgia,130675,CLARKE (59),ATHENS,7,July,1,Sunday,2024,2,2:00am-2:59am,2,Urban,7,Local,33.96028611,-83.36183611,3,Dark - Lighted,30,Utility Pole/Light Support,1,Clear,1
13,Georgia,130676,FAYETTE (113),FAYETTEVILLE,7,July,6,Friday,2024,11,11:00am-11:59am,2,Urban,3,Other Principal Arterial,33.44871667,-84.48630278,1,Daylight,12,Motor Vehicle In-Transport,1,Clear,1
13,Georgia,130677,GORDON (129),RESACA,7,July,6,Friday,2024,18,6:00pm-6:59pm,1,Rural,1,Interstate,34.60549722,-84.95888611,1,Daylight,24,Guardrail Face,1,Clear,1
13,Georgia,130678,GILMER (123),Not Reported,7,July,7,Saturday,2024,23,11:00pm-11:59pm,1,Rural,6,Minor Collector,34.60508611,-84.42282778,2,Dark - Not Lighted,34,Ditch,1,Clear,1
13,Georgia,130679,CHATTAHOOCHEE (53),CUSSETA,7,July,1,Sunday,2024,12,12:00pm-12:59pm,1,Rural,3,Other Principal Arterial,32.300225,-84.78025,1,Daylight,12,Motor Vehicle In-Transport,1,Clear,1
13,Georgia,130680,BALDWIN (9),MILLEDGEVILLE,7,July,1,Sunday,2024,20,8:00pm-8:59pm,2,Urban,3,Other Principal Arterial,33.17778333,-83.28640833,2,Dark - Not Lighted,8,Pedestrian,10,Cloudy,1
13,Georgia,130681,RABUN (241),Not Reported,7,July,7,Saturday,2024,17,5:00pm-5:59pm,1,Rural,3,Other Principal Arterial,34.91945833,-83.38549722,1,Daylight,12,Motor Vehicle In-Transport,1,Clear,1
13,Georgia,130682,GWINNETT (135),SUWANEE,7,July,1,Sunday,2024,12,12:00pm-12:59pm,2,Urban,1,Interstate,34.04166389,-84.03404444,1,Daylight,12,Motor Vehicle In-Transport,1,Clear,1
13,Georgia,130683,COWETA (77),Not Reported,7,July,6,Friday,2024,0,0:00am-0:59am,2,Urban,4,Minor Arterial,33.44615278,-84.69603333,2,Dark - Not Lighted,8,Pedestrian,1,Clear,1
13,Georgia,130684,FULTON (121),ATLANTA,7,July,5,Thursday,2024,2,2:00am-2:59am,2,Urban,4,Minor Arterial,33.67040278,-84.46298056,3,Dark - Lighted,30,Utility Pole/Light Support,1,Clear,1
13,Georgia,130685,GORDON (129),CALHOUN,7,July,2,Monday,2024,12,12:00pm-12:59pm,2,Urban,3,Other Principal Arterial,34.48168611,-84.97156944,1,Daylight,12,Motor Vehicle In-Transport,10,Cloudy,1
13,Georgia,130686,DOUGLAS (97),Not Reported,7,July,4,Wednesday,2024,6,6:00am-6:59am,2,Urban,5,Major Collector,33.70299722,-84.77123611,1,Daylight,53,Mail Box,1,Clear,1
13,Georgia,130687,DAWSON (85),Other,7,July,5,Thursday,2024,15,3:00pm-3:59pm,1,Rural,4,Minor Arterial,34.397725,-83.98760278,1,Daylight,34,Ditch,1,Clear,1
13,Georgia,130688,WHITE (311),Not Reported,7,July,5,Thursday,2024,17,5:00pm-5:59pm,1,Rural,4,Minor Arterial,34.54131389,-83.82323611,1,Daylight,12,Motor Vehicle In-Transport,2,Rain,1
13,Georgia,130689,DEKALB (89),DUNWOODY,7,July,2,Monday,2024,4,4:00am-4:59am,2,Urban,1,Interstate,33.92045,-84.31956944,2,Dark - Not Lighted,8,Pedestrian,1,Clear,1
13,Georgia,130691,JEFFERSON (163),Not Reported,7,July,7,Saturday,2024,5,5:00am-5:59am,1,Rural,5,Major Collector,33.00922778,-82.35532222,2,Dark - Not Lighted,42,Tree (Standing Only),10,Cloudy,1
13,Georgia,130692,COLUMBIA (73),APPLING,7,July,7,Saturday,2024,19,7:00pm-7:59pm,1,Rural,4,Minor Arterial,33.68522222,-82.33341111,1,Daylight,31,"Post, Pole or Other Supports",1,Clear,1
13,Georgia,130693,COLQUITT (71),MOULTRIE,7,July,7,Saturday,2024,23,11:00pm-11:59pm,1,Rural,7,Local,31.10284444,-83.75214722,2,Dark - Not Lighted,34,Ditch,1,Clear,1
13,Georgia,130694,TIFT (277),Not Reported,7,July,2,Monday,2024,4,4:00am-4:59am,2,Urban,4,Minor Arterial,31.43910833,-83.48855,2,Dark - Not Lighted,12,Motor Vehicle In-Transport,10,Cloudy,1
13,Georgia,130695,GWINNETT (135),BUFORD,6,June,7,Saturday,2024,7,7:00am-7:59am,2,Urban,4,Minor Arterial,34.08551944,-84.02809167,1,Daylight,12,Motor Vehicle In-Transport,1,Clear,1
13,Georgia,130696,FULTON (121),FAIRBURN,7,July,6,Friday,2024,5,5:00am-5:59am,2,Urban,4,Minor Arterial,33.64912222,-84.6714,2,Dark - Not Lighted,12,Motor Vehicle In-Transport,1,Clear,1
13,Georgia,130697,JACKSON (157),Other,7,July,5,Thursday,2024,6,6:00am-6:59am,1,Rural,5,Major Collector,34.00083889,-83.54420278,1,Daylight,12,Motor Vehicle In-Transport,1,Clear,2
13,Georgia,130698,GWINNETT (135),NORCROSS,7,July,7,Saturday,2024,21,9:00pm-9:59pm,2,Urban,3,Other Principal Arterial,33.90577222,-84.20599722,3,Dark - Lighted,8,Pedestrian,5,"Fog, Smog, Smoke",1
13,Georgia,130699,BARTOW (15),Not Reported,7,July,2,Monday,2024,20,8:00pm-8:59pm,2,Urban,1,Interstate,34.08026944,-84.67199167,5,Dusk,57,Cable Barrier,1,Clear,1
13,Georgia,130700,EFFINGHAM (103),Not Reported,7,July,3,Tuesday,2024,10,10:00am-10:59am,1,Rural,5,Major Collector,32.26773056,-81.38918333,1,Daylight,12,Motor Vehicle In-Transport,1,Clear,1
13,Georgia,130701,FULTON (121),Other,7,July,3,Tuesday,2024,13,1:00pm-1:59pm,2,Urban,4,Minor Arterial,33.71075278,-84.59106667,1,Daylight,12,Motor Vehicle In-Transport,1,Clear,1
13,Georgia,130702,WASHINGTON (303),Not Reported,7,July,5,Thursday,2024,5,5:00am-5:59am,1,Rural,5,Major Collector,32.87643333,-82.84493611,2,Dark - Not Lighted,8,Pedestrian,10,Cloudy,1
13,Georgia,130703,MONROE (207),Not Reported,7,July,5,Thursday,2024,9,9:00am-9:59am,1,Rural,3,Other Principal Arterial,33.13681667,-84.01993611,1,Daylight,24,Guardrail Face,10,Cloudy,1
13,Georgia,130704,CARROLL (45),VILLA RICA,7,July,7,Saturday,2024,15,3:00pm-3:59pm,2,Urban,5,Major Collector,33.74495556,-84.90825833,1,Daylight,53,Mail Box,1,Clear,1
13,Georgia,130705,CARROLL (45),Not Reported,7,July,6,Friday,2024,14,2:00pm-2:59pm,1,Rural,5,Major Collector,33.5626,-84.84979444,1,Daylight,42,Tree (Standing Only),1,Clear,1
13,Georgia,130706,MITCHELL (205),Not Reported,7,July,1,Sunday,2024,2,2:00am-2:59am,1,Rural,7,Local,31.15723333,-84.16985556,2,Dark - Not Lighted,32,Culvert,1,Clear,1
13,Georgia,130707,TOWNS (281),Not Reported,7,July,1,Sunday,2024,16,4:00pm-4:59pm,1,Rural,4,Minor Arterial,34.81703611,-83.73952222,1,Daylight,42,Tree (Standing Only),1,Clear,1
13,Georgia,130708,DOUGLAS (97),LITHIA SPRINGS,7,July,6,Friday,2024,22,10:00pm-10:59pm,2,Urban,7,Local,33.77756389,-84.68021944,2,Dark - Not Lighted,12,Motor Vehicle In-Transport,2,Rain,1
13,Georgia,130709,NEWTON (217),Not Reported,7,July,1,Sunday,2024,0,0:00am-0:59am,1,Rural,7,Local,33.54798611,-83.98869444,2,Dark - Not Lighted,12,Motor Vehicle In-Transport,1,Clear,1
13,Georgia,130710,NEWTON (217),Not Reported,7,July,1,Sunday,2024,9,9:00am-9:59am,2,Urban,4,Minor Arterial,33.61145556,-83.91968611,8,Not Reported,12,Motor Vehicle In-Transport,1,Clear,1
13,Georgia,130711,BRYAN (29),ELLABELL,7,July,3,Tuesday,2024,4,4:00am-4:59am,1,Rural,1,Interstate,32.19538889,-81.47906944,2,Dark - Not Lighted,12,Motor Vehicle In-Transport,1,Clear,1
13,Georgia,130712,CARROLL (45),Unknown,7,July,4,Wednesday,2024,16,4:00pm-4:59pm,2,Urban,1,Interstate,33.71731111,-85.02273056,1,Daylight,12,Motor Vehicle In-Transport,10,Cloudy,1
13,Georgia,130713,DOUGLAS (97),Not Reported,7,July,5,Thursday,2024,9,9:00am-9:59am,2,Urban,7,Local,33.71228333,-84.74266111,1,Daylight,1,Rollover/Overturn,10,Cloudy,1
13,Georgia,130714,TROUP (285),LA GRANGE,7,July,7,Saturday,2024,21,9:00pm-9:59pm,1,Rural,3,Other Principal Arterial,33.15958056,-85.03931389,2,Dark - Not Lighted,1,Rollover/Overturn,10,Cloudy,1
13,Georgia,130715,PAULDING (223),Not Reported,7,July,7,Saturday,2024,21,9:00pm-9:59pm,2,Urban,3,Other Principal Arterial,33.88435,-84.73294444,2,Dark - Not Lighted,8,Pedestrian,1,Clear,1
13,Georgia,130716,FULTON (121),ATLANTA,7,July,1,Sunday,2024,15,3:00pm-3:59pm,2,Urban,5,Major Collector,33.73162778,-84.38433611,1,Daylight,9,Pedalcyclist,1,Clear,1
13,Georgia,130717,LONG (183),Unknown,7,July,1,Sunday,2024,18,6:00pm-6:59pm,2,Urban,3,Other Principal Arterial,31.75621389,-81.66530278,1,Daylight,12,Motor Vehicle In-Transport,1,Clear,1
13,Georgia,130718,BRANTLEY (25),NAHUNTA,7,July,1,Sunday,2024,20,8:00pm-8:59pm,1,Rural,7,Local,31.21613889,-81.96938889,2,Dark - Not Lighted,5,Fell/Jumped from Vehicle,1,Clear,1