STATE,STATENAME,ST_CASE,COUNTYNAME,CITYNAME,MONTH,MONTHNAME,DAY_WEEK,DAY_WEEKNAME,YEAR,HOUR,HOURNAME,RUR_URB,RUR_URBNAME,FUNC_SYS,FUNC_SYSNAME,LATITUDE,LONGITUD,LGT_COND,LGT_CONDNAME,HARM_EV,HARM_EVNAME,WEATHER,WEATHERNAME,FATALS
13,Georgia,130851,BURKE (33),WAYNESBORO,9,September,3,Tuesday,2024,16,4:00pm-4:59pm,1,Rural,3,Other Principal Arterial,33.01628333,-81.98020278,1,Daylight,12,Motor Vehicle In-Transport,1,Clear,1
13,Georgia,130852,TROUP (285),Not Reported,9,September,3,Tuesday,2024,22,10:00pm-10:59pm,2,Urban,1,Interstate,32.96815,-85.07391667,2,Dark - Not Lighted,35,Embankment,1,Clear,1
13,Georgia,130853,CRISP (81),CORDELE,9,September,4,Wednesday,2024,7,7:00am-7:59am,1,Rural,3,Other Principal Arterial,31.96792778,-83.91327778,1,Daylight,12,Motor Vehicle In-Transport,1,Clear,1
13,Georgia,130854,MCDUFFIE (189),Not Reported,7,July,2,Monday,2024,14,2:00pm-2:59pm,2,Urban,3,Other Principal Arterial,33.54039722,-82.50806111,1,Daylight,12,Motor Vehicle In-Transport,10,Cloudy,1
13,Georgia,130855,MCDUFFIE (189),Not Reported,8,August,5,Thursday,2024,16,4:00pm-4:59pm,1,Rural,3,Other Principal Arterial,33.41846944,-82.35742222,1,Daylight,12,Motor Vehicle In-Transport,1,Clear,1
13,Georgia,130856,CLARKE (59),ATHENS,8,August,5,Thursday,2024,17,5:00pm-5:59pm,2,Urban,3,Other Principal Arterial,33.930275,-83.30569444,1,Daylight,12,Motor Vehicle In-Transport,10,Cloudy,1
13,Georgia,130857,GLYNN (127),Not Reported,9,September,1,Sunday,2024,0,0:00am-0:59am,2,Urban,1,Interstate,31.28540278,-81.48641944,2,Dark - Not Lighted,8,Pedestrian,1,Clear,1
13,Georgia,130858,BIBB (21),MACON,9,September,1,Sunday,2024,2,2:00am-2:59am,2,Urban,7,Local,32.84864167,-83.61791667,2,Dark - Not Lighted,8,Pedestrian,1,Clear,1
13,Georgia,130859,WHITFIELD (313),VARNELL,9,September,4,Wednesday,2024,8,8:00am-8:59am,2,Urban,4,Minor Arterial,34.89862222,-84.9766,1,Daylight,34,Ditch,10,Cloudy,1
13,Georgia,130860,FLOYD (115),ROME,9,September,4,Wednesday,2024,16,4:00pm-4:59pm,2,Urban,3,Other Principal Arterial,34.26326944,-85.15796944,1,Daylight,12,Motor Vehicle In-Transport,10,Cloudy,1
13,Georgia,130861,GWINNETT (135),NORCROSS,9,September,5,Thursday,2024,0,0:00am-0:59am,2,Urban,1,Interstate,33.92338333,-84.18627778,3,Dark - Lighted,12,Motor Vehicle In-Transport,1,Clear,1
13,Georgia,130862,TREUTLEN (283),SOPERTON,9,September,5,Thursday,2024,21,9:00pm-9:59pm,1,Rural,4,Minor Arterial,32.38933889,-82.6104,2,Dark - Not Lighted,9,Pedalcyclist,10,Cloudy,1
13,Georgia,130863,HENRY (151),Other,9,September,5,Thursday,2024,23,11:00pm-11:59pm,2,Urban,3,Other Principal Arterial,33.58153333,-84.16061944,3,Dark - Lighted,53,Mail Box,1,Clear,1
13,Georgia,130864,PICKENS (227),Not Reported,9,September,6,Friday,2024,13,1:00pm-1:59pm,1,Rural,3,Other Principal Arterial,34.39116667,-84.40603056,1,Daylight,12,Motor Vehicle In-Transport,10,Cloudy,1
13,Georgia,130865,FLOYD (115),ROME,9,September,7,Saturday,2024,1,1:00am-1:59am,2,Urban,3,Other Principal Arterial,34.26036944,-85.16653611,3,Dark - Lighted,12,Motor Vehicle In-Transport,10,Cloudy,2
13,Georgia,130866,OCONEE (219),Not Reported,8,August,5,Thursday,2024,17,5:00pm-5:59pm,2,Urban,4,Minor Arterial,33.94666944,-83.55813333,1,Daylight,12,Motor Vehicle In-Transport,10,Cloudy,1
13,Georgia,130867,DEKALB (89),DUNWOODY,9,September,1,Sunday,2024,3,3:00am-3:59am,2,Urban,1,Interstate,33.91654167,-84.34434722,3,Dark - Lighted,12,Motor Vehicle In-Transport,1,Clear,1
13,Georgia,130868,BACON (5),ALMA,9,September,2,Monday,2024,13,1:00pm-1:59pm,1,Rural,3,Other Principal Arterial,31.46690833,-82.44261111,1,Daylight,12,Motor Vehicle In-Transport,1,Clear,1
13,Georgia,130869,HENRY (151),LOCUST GROVE,9,September,6,Friday,2024,23,11:00pm-11:59pm,2,Urban,4,Minor Arterial,33.37739722,-84.0101,2,Dark - Not Lighted,24,Guardrail Face,10,Cloudy,1
13,Georgia,130870,BIBB (21),MACON,9,September,7,Saturday,2024,14,2:00pm-2:59pm,2,Urban,1,Interstate,32.69998333,-83.73569722,1,Daylight,12,Motor Vehicle In-Transport,1,Clear,1
13,Georgia,130871,COBB (67),MARIETTA,9,September,5,Thursday,2024,20,8:00pm-8:59pm,2,Urban,4,Minor Arterial,34.01398611,-84.55082778,2,Dark - Not Lighted,9,Pedalcyclist,1,Clear,1
13,Georgia,130872,TROUP (285),Not Reported,9,September,1,Sunday,2024,18,6:00pm-6:59pm,1,Rural,3,Other Principal Arterial,32.97397222,-84.98796111,1,Daylight,38,Fence,1,Clear,1
13,Georgia,130873,FORSYTH (117),Not Reported,9,September,1,Sunday,2024,21,9:00pm-9:59pm,2,Urban,3,Other Principal Arterial,34.32876667,-84.05688056,3,Dark - Lighted,12,Motor Vehicle In-Transport,10,Cloudy,1
13,Georgia,130874,DEKALB (89),ATLANTA,9,September,1,Sunday,2024,23,11:00pm-11:59pm,2,Urban,1,Interstate,33.73775556,-84.32681667,2,Dark - Not Lighted,24,Guardrail Face,1,Clear,1
13,Georgia,130875,FULTON (121),SANDY SPRINGS,9,September,2,Monday,2024,10,10:00am-10:59am,2,Urban,7,Local,33.92749722,-84.39949722,1,Daylight,14,Parked Motor Vehicle,1,Clear,1
13,Georgia,130876,GRADY (131),Not Reported,9,September,3,Tuesday,2024,8,8:00am-8:59am,2,Urban,4,Minor Arterial,30.83112778,-84.181975,1,Daylight,12,Motor Vehicle In-Transport,1,Clear,1
13,Georgia,130877,CANDLER (43),PULASKI,9,September,4,Wednesday,2024,16,4:00pm-4:59pm,1,Rural,5,Major Collector,32.38726667,-81.99268333,1,Daylight,12,Motor Vehicle In-Transport,10,Cloudy,2
13,Georgia,130879,GWINNETT (135),LILBURN,8,August,2,Monday,2024,20,8:00pm-8:59pm,2,Urban,7,Local,33.90491944,-84.14948333,3,Dark - Lighted,33,Curb,1,Clear,1
13,Georgia,130880,GWINNETT (135),Not Reported,9,September,2,Monday,2024,15,3:00pm-3:59pm,2,Urban,7,Local,33.86696389,-84.04974167,1,Daylight,12,Motor Vehicle In-Transport,1,Clear,1
13,Georgia,130881,GWINNETT (135),LAWRENCEVILLE,9,September,2,Monday,2024,23,11:00pm-11:59pm,2,Urban,4,Minor Arterial,33.93193056,-84.04110556,3,Dark - Lighted,12,Motor Vehicle In-Transport,1,Clear,1
13,Georgia,130882,BARTOW (15),CARTERSVILLE,9,September,3,Tuesday,2024,7,7:00am-7:59am,1,Rural,3,Other Principal Arterial,34.27679444,-84.86760278,4,Dawn,12,Motor Vehicle In-Transport,1,Clear,1
13,Georgia,130883,BIBB (21),MACON,9,September,5,Thursday,2024,13,1:00pm-1:59pm,2,Urban,1,Interstate,32.816,-83.58267222,1,Daylight,12,Motor Vehicle In-Transport,2,Rain,1
13,Georgia,130884,MARION (197),BUENA VISTA,9,September,6,Friday,2024,1,1:00am-1:59am,1,Rural,4,Minor Arterial,32.30788056,-84.4896,2,Dark - Not Lighted,42,Tree (Standing Only),10,Cloudy,1
13,Georgia,130885,GORDON (129),CALHOUN,9,September,6,Friday,2024,12,12:00pm-12:59pm,2,Urban,7,Local,34.47199722,-84.86989444,1,Daylight,12,Motor Vehicle In-Transport,1,Clear,1
13,Georgia,130886,LUMPKIN (187),Not Reported,9,September,6,Friday,2024,12,12:00pm-12:59pm,1,Rural,4,Minor Arterial,34.534875,-83.94544167,1,Daylight,1,Rollover/Overturn,10,Cloudy,1
13,Georgia,130887,TREUTLEN (283),SOPERTON,9,September,7,Saturday,2024,10,10:00am-10:59am,1,Rural,4,Minor Arterial,32.38944444,-82.61060833,1,Daylight,12,Motor Vehicle In-Transport,2,Rain,1
13,Georgia,130888,WARE (299),Not Reported,8,August,2,Monday,2024,13,1:00pm-1:59pm,2,Urban,3,Other Principal Arterial,31.20414722,-82.32563611,1,Daylight,18,Other Object (not fixed),1,Clear,1
13,Georgia,130889,CLAYTON (63),FOREST PARK,9,September,7,Saturday,2024,4,4:00am-4:59am,2,Urban,4,Minor Arterial,33.59087222,-84.37425833,2,Dark - Not Lighted,15,Non-Motorist on Personal Conveyance,10,Cloudy,1
13,Georgia,130890,BARTOW (15),Not Reported,9,September,3,Tuesday,2024,18,6:00pm-6:59pm,2,Urban,3,Other Principal Arterial,34.21741667,-84.86285278,5,Dusk,12,Motor Vehicle In-Transport,1,Clear,1
13,Georgia,130891,HALL (139),GAINESVILLE,9,September,3,Tuesday,2024,18,6:00pm-6:59pm,2,Urban,7,Local,34.29024444,-83.85979167,5,Dusk,9,Pedalcyclist,1,Clear,1
13,Georgia,130892,COOK (75),Not Reported,9,September,4,Wednesday,2024,12,12:00pm-12:59pm,1,Rural,1,Interstate,31.21878611,-83.46050278,1,Daylight,25,Concrete Traffic Barrier,2,Rain,1
13,Georgia,130893,WHEELER (309),Not Reported,9,September,5,Thursday,2024,0,0:00am-0:59am,1,Rural,5,Major Collector,32.06408333,-82.73755,2,Dark - Not Lighted,1,Rollover/Overturn,10,Cloudy,1
13,Georgia,130894,MADISON (195),HULL,9,September,5,Thursday,2024,4,4:00am-4:59am,2,Urban,4,Minor Arterial,34.04489167,-83.29558611,2,Dark - Not Lighted,1,Rollover/Overturn,1,Clear,1
13,Georgia,130895,FAYETTE (113),Other,9,September,5,Thursday,2024,12,12:00pm-12:59pm,2,Urban,3,Other Principal Arterial,33.43878056,-84.54661667,1,Daylight,12,Motor Vehicle In-Transport,2,Rain,1
13,Georgia,130896,RABUN (241),Not Reported,9,September,6,Friday,2024,7,7:00am-7:59am,1,Rural,3,Other Principal Arterial,34.97376667,-83.38425833,1,Daylight,12,Motor Vehicle In-Transport,10,Cloudy,1
13,Georgia,130897,TROUP (285),HOGANSVILLE,9,September,6,Friday,2024,9,9:00am-9:59am,1,Rural,1,Interstate,33.14513889,-84.88032778,1,Daylight,32,Culvert,2,Rain,1
13,Georgia,130898,BRYAN (29),RICHMOND HILL,9,September,7,Saturday,2024,6,6:00am-6:59am,1,Rural,1,Interstate,31.85470556,-81.34123056,3,Dark - Lighted,8,Pedestrian,1,Clear,1
13,Georgia,130899,BIBB (21),MACON,9,September,7,Saturday,2024,13,1:00pm-1:59pm,2,Urban,5,Major Collector,32.73240278,-83.693975,1,Daylight,12,Motor Vehicle In-Transport,10,Cloudy,1
13,Georgia,130900,BARTOW (15),CARTERSVILLE,9,September,1,Sunday,2024,16,4:00pm-4:59pm,2,Urban,4,Minor Arterial,34.23669167,-84.805475,1,Daylight,34,Ditch,10,Cloudy,1
13,Georgia,130901,COBB (67),Not Reported,9,September,7,Saturday,2024,22,10:00pm-10:59pm,2,Urban,4,Minor Arterial,33.80271389,-84.56779722,2,Dark - Not Lighted,8,Pedestrian,1,Clear,1
13,Georgia,130902,DEKALB (89),Not Reported,9,September,1,Sunday,2024,23,11:00pm-11:59pm,2,Urban,5,Major Collector,33.70279444,-84.15301667,2,Dark - Not Lighted,8,Pedestrian,1,Clear,1
13,Georgia,130903,FULTON (121),ATLANTA,9,September,4,Wednesday,2024,20,8:00pm-8:59pm,2,Urban,1,Interstate,33.80551111,-84.38204722,3,Dark - Lighted,25,Concrete Traffic Barrier,1,Clear,1
13,Georgia,130904,COLUMBIA (73),EVANS,9,September,5,Thursday,2024,4,4:00am-4:59am,2,Urban,7,Local,33.57832222,-82.19186667,2,Dark - Not Lighted,42,Tree (Standing Only),1,Clear,1
13,Georgia,130905,DEKALB (89),Other,9,September,5,Thursday,2024,6,6:00am-6:59am,2,Urban,3,Other Principal Arterial,33.79734444,-84.22373889,3,Dark - Lighted,8,Pedestrian,1,Clear,1
13,Georgia,130906,RICHMOND (245),AUGUSTA,9,September,5,Thursday,2024,20,8:00pm-8:59pm,2,Urban,3,Other Principal Arterial,33.40815,-82.09576111,2,Dark - Not Lighted,9,Pedalcyclist,1,Clear,1
13,Georgia,130907,FAYETTE (113),Other,9,September,6,Friday,2024,14,2:00pm-2:59pm,1,Rural,7,Local,33.318075,-84.42806667,1,Daylight,32,Culvert,1,Clear,1
13,Georgia,130908,BULLOCH (31),Not Reported,9,September,6,Friday,2024,20,8:00pm-8:59pm,2,Urban,7,Local,32.50606389,-81.74601389,2,Dark - Not Lighted,8,Pedestrian,1,Clear,1
13,Georgia,130909,GRADY (131),CAIRO,9,September,7,Saturday,2024,14,2:00pm-2:59pm,2,Urban,3,Other Principal Arterial,30.84808611,-84.19178056,1,Daylight,7,Other Non-Collision,10,Cloudy,1
13,Georgia,130910,COBB (67),Not Reported,6,June,2,Monday,2024,0,0:00am-0:59am,2,Urban,7,Local,34.05231944,-84.58116389,2,Dark - Not Lighted,39,Wall,10,Cloudy,1
13,Georgia,130911,COBB (67),Not Reported,6,June,2,Monday,2024,4,4:00am-4:59am,2,Urban,4,Minor Arterial,33.89666944,-84.645375,2,Dark - Not Lighted,12,Motor Vehicle In-Transport,1,Clear,1
13,Georgia,130912,FAYETTE (113),FAYETTEVILLE,9,September,1,Sunday,2024,10,10:00am-10:59am,1,Rural,4,Minor Arterial,33.32659167,-84.40593611,1,Daylight,42,Tree (Standing Only),10,Cloudy,1
13,Georgia,130913,CHATHAM (51),POOLER,9,September,1,Sunday,2024,18,6:00pm-6:59pm,2,Urban,7,Local,32.14305556,-81.24738611,1,Daylight,12,Motor Vehicle In-Transport,1,Clear,1
13,Georgia,130914,COBB (67),Not Reported,7,July,7,Saturday,2024,23,11:00pm-11:59pm,2,Urban,4,Minor Arterial,33.92176111,-84.57862222,3,Dark - Lighted,8,Pedestrian,10,Cloudy,1
13,Georgia,130915,MITCHELL (205),PELHAM,9,September,6,Friday,2024,18,6:00pm-6:59pm,1,Rural,7,Local,31.11736944,-84.18583056,1,Daylight,8,Pedestrian,1,Clear,1
13,Georgia,130916,JACKSON (157),HOSCHTON,9,September,7,Saturday,2024,16,4:00pm-4:59pm,2,Urban,5,Major Collector,34.12040556,-83.73013056,1,Daylight,12,Motor Vehicle In-Transport,1,Clear,1
13,Georgia,130917,COBB (67),Not Reported,9,September,1,Sunday,2024,1,1:00am-1:59am,2,Urban,4,Minor Arterial,34.05089722,-84.59517778,3,Dark - Lighted,8,Pedestrian,1,Clear,1
13,Georgia,130918,FLOYD (115),ROME,9,September,4,Wednesday,2024,6,6:00am-6:59am,2,Urban,3,Other Principal Arterial,34.29056111,-85.18026667,2,Dark - Not Lighted,12,Motor Vehicle In-Transport,10,Cloudy,1
13,Georgia,130919,PUTNAM (237),Not Reported,5,May,6,Friday,2024,15,3:00pm-3:59pm,1,Rural,5,Major Collector,33.34117778,-83.31580556,1,Daylight,12,Motor Vehicle In-Transport,2,Rain,1
13,Georgia,130920,GORDON (129),Not Reported,8,August,4,Wednesday,2024,17,5:00pm-5:59pm,1,Rural,4,Minor Arterial,34.59452222,-84.94624444,1,Daylight,12,Motor Vehicle In-Transport,1,Clear,1
13,Georgia,130921,FULTON (121),ATLANTA,8,August,6,Friday,2024,8,8:00am-8:59am,2,Urban,1,Interstate,33.81096944,-84.41951111,1,Daylight,12,Motor Vehicle In-Transport,1,Clear,1
13,Georgia,130922,TROUP (285),WEST POINT,9,September,3,Tuesday,2024,22,10:00pm-10:59pm,2,Urban,6,Minor Collector,32.91613611,-85.11728889,2,Dark - Not Lighted,12,Motor Vehicle In-Transport,1,Clear,1
13,Georgia,130923,JASPER (159),Not Reported,9,September,6,Friday,2024,8,8:00am-8:59am,1,Rural,5,Major Collector,33.34945,-83.68996111,1,Daylight,24,Guardrail Face,1,Clear,1
13,Georgia,130924,MORGAN (211),MADISON,7,July,4,Wednesday,2024,7,7:00am-7:59am,1,Rural,6,Minor Collector,33.49803611,-83.46349722,1,Daylight,14,Parked Motor Vehicle,1,Clear,1
13,Georgia,130925,FORSYTH (117),CUMMING,9,September,3,Tuesday,2024,9,9:00am-9:59am,2,Urban,7,Local,34.146125,-84.18594722,1,Daylight,8,Pedestrian,1,Clear,1
13,Georgia,130926,UPSON (293),Not Reported,9,September,6,Friday,2024,13,1:00pm-1:59pm,2,Urban,5,Major Collector,32.85759722,-84.2899,1,Daylight,42,Tree (Standing Only),1,Clear,1
13,Georgia,130927,GLYNN (127),BRUNSWICK,9,September,6,Friday,2024,17,5:00pm-5:59pm,2,Urban,3,Other Principal Arterial,31.16804167,-81.60482222,1,Daylight,12,Motor Vehicle In-Transport,1,Clear,1
13,Georgia,130928,TATTNALL (267),GLENNVILLE,9,September,1,Sunday,2024,0,0:00am-0:59am,1,Rural,4,Minor Arterial,31.93986667,-81.93794722,3,Dark - Lighted,12,Motor Vehicle In-Transport,10,Cloudy,1
13,Georgia,130929,BIBB (21),MACON,9,September,1,Sunday,2024,2,2:00am-2:59am,2,Urban,4,Minor Arterial,32.86572778,-83.58192778,2,Dark - Not Lighted,42,Tree (Standing Only),1,Clear,1
13,Georgia,130930,WALKER (295),Other,9,September,1,Sunday,2024,99,Unknown Hours,1,Rural,5,Major Collector,34.79580556,-85.43171111,1,Daylight,1,Rollover/Overturn,1,Clear,1
13,Georgia,130931,CARROLL (45),Not Reported,9,September,2,Monday,2024,14,2:00pm-2:59pm,2,Urban,1,Interstate,33.68518889,-85.1336,1,Daylight,12,Motor Vehicle In-Transport,1,Clear,1
13,Georgia,130932,FULTON (121),EAST POINT,9,September,3,Tuesday,2024,17,5:00pm-5:59pm,2,Urban,7,Local,33.64152222,-84.50016389,1,Daylight,12,Motor Vehicle In-Transport,1,Clear,1
13,Georgia,130933,BUTTS (35),JACKSON,9,September,2,Monday,2024,19,7:00pm-7:59pm,1,Rural,4,Minor Arterial,33.23803889,-84.02533889,5,Dusk,12,Motor Vehicle In-Transport,1,Clear,1
13,Georgia,130934,COFFEE (69),DOUGLAS,9,September,2,Monday,2024,20,8:00pm-8:59pm,2,Urban,4,Minor Arterial,31.53098889,-82.81502222,2,Dark - Not Lighted,8,Pedestrian,1,Clear,1
13,Georgia,130935,CLAYTON (63),Other,9,September,2,Monday,2024,23,11:00pm-11:59pm,2,Urban,1,Interstate,33.63200833,-84.40960556,3,Dark - Lighted,12,Motor Vehicle In-Transport,10,Cloudy,1
13,Georgia,130936,SPALDING (255),EXPERIMENT,9,September,3,Tuesday,2024,4,4:00am-4:59am,2,Urban,3,Other Principal Arterial,33.29534444,-84.29163056,2,Dark - Not Lighted,8,Pedestrian,1,Clear,1
13,Georgia,130937,CARROLL (45),CARROLLTON,9,September,4,Wednesday,2024,4,4:00am-4:59am,2,Urban,3,Other Principal Arterial,33.56921111,-85.04865278,3,Dark - Lighted,12,Motor Vehicle In-Transport,10,Cloudy,1
13,Georgia,130938,LUMPKIN (187),Not Reported,9,September,4,Wednesday,2024,13,1:00pm-1:59pm,1,Rural,7,Local,34.55916944,-84.14150833,1,Daylight,3,Immersion or Partial Immersion,2,Rain,1
13,Georgia,130939,RICHMOND (245),AUGUSTA,9,September,4,Wednesday,2024,17,5:00pm-5:59pm,2,Urban,3,Other Principal Arterial,33.41842222,-82.08151111,1,Daylight,12,Motor Vehicle In-Transport,1,Clear,1
13,Georgia,130940,ROCKDALE (247),CONYERS,9,September,1,Sunday,2024,20,8:00pm-8:59pm,2,Urban,4,Minor Arterial,33.6238,-83.99698056,2,Dark - Not Lighted,8,Pedestrian,1,Clear,1
13,Georgia,130941,TAYLOR (269),Not Reported,9,September,5,Thursday,2024,14,2:00pm-2:59pm,1,Rural,3,Other Principal Arterial,32.58138611,-84.23766389,1,Daylight,38,Fence,2,Rain,1
13,Georgia,130942,WHITFIELD (313),Not Reported,9,September,5,Thursday,2024,14,2:00pm-2:59pm,1,Rural,5,Major Collector,34.7116,-84.93672778,1,Daylight,18,Other Object (not fixed),10,Cloudy,1
13,Georgia,130943,CHATTOOGA (55),SUMMERVILLE,9,September,5,Thursday,2024,15,3:00pm-3:59pm,1,Rural,3,Other Principal Arterial,34.47204444,-85.31515556,1,Daylight,12,Motor Vehicle In-Transport,2,Rain,2
13,Georgia,130944,CHATTOOGA (55),Not Reported,9,September,5,Thursday,2024,15,3:00pm-3:59pm,2,Urban,4,Minor Arterial,34.46866111,-85.37831389,1,Daylight,24,Guardrail Face,10,Cloudy,1
13,Georgia,130945,COLQUITT (71),MOULTRIE,9,September,6,Friday,2024,3,3:00am-3:59am,1,Rural,4,Minor Arterial,31.17476944,-83.78559167,2,Dark - Not Lighted,18,Other Object (not fixed),10,Cloudy,1
13,Georgia,130946,GLYNN (127),Unknown,9,September,6,Friday,2024,16,4:00pm-4:59pm,2,Urban,4,Minor Arterial,31.22131667,-81.46193333,1,Daylight,9,Pedalcyclist,1,Clear,1
13,Georgia,130948,FULTON (121),ATLANTA,9,September,6,Friday,2024,13,1:00pm-1:59pm,2,Urban,1,Interstate,33.80451667,-84.41214722,1,Daylight,12,Motor Vehicle In-Transport,1,Clear,1
13,Georgia,130949,RICHMOND (245),AUGUSTA,9,September,6,Friday,2024,20,8:00pm-8:59pm,2,Urban,3,Other Principal Arterial,33.38072778,-82.00232222,2,Dark - Not Lighted,42,Tree (Standing Only),1,Clear,1
13,Georgia,130950,HARRIS (145),Not Reported,9,September,7,Saturday,2024,22,10:00pm-10:59pm,1,Rural,5,Major Collector,32.79484722,-84.73810833,2,Dark - Not Lighted,42,Tree (Standing Only),1,Clear,1
13,Georgia,130951,FULTON (121),FAIRBURN,9,September,1,Sunday,2024,4,4:00am-4:59am,2,Urban,4,Minor Arterial,33.65358056,-84.66053056,2,Dark - Not Lighted,12,Motor Vehicle In-Transport,1,Clear,1
13,Georgia,130952,BIBB (21),MACON,9,September,1,Sunday,2024,5,5:00am-5:59am,2,Urban,3,Other Principal Arterial,32.70281667,-83.64133889,2,Dark - Not Lighted,8,Pedestrian,1,Clear,1
13,Georgia,130953,DOUGLAS (97),DOUGLASVILLE,10,October,4,Wednesday,2024,3,3:00am-3:59am,2,Urban,1,Interstate,33.7334,-84.73609444,2,Dark - Not Lighted,12,Motor Vehicle In-Transport,1,Clear,1
13,Georgia,130954,CANDLER (43),METTER,10,October,4,Wednesday,2024,20,8:00pm-8:59pm,1,Rural,5,Major Collector,32.39134722,-82.05936944,2,Dark - Not Lighted,12,Motor Vehicle In-Transport,1,Clear,1
13,Georgia,130955,SUMTER (261),AMERICUS,9,September,3,Tuesday,2024,7,7:00am-7:59am,2,Urban,3,Other Principal Arterial,32.05836944,-84.19771944,1,Daylight,12,Motor Vehicle In-Transport,1,Clear,1
13,Georgia,130956,GWINNETT (135),Not Reported,9,September,6,Friday,2024,4,4:00am-4:59am,2,Urban,2,Other Freeways and Expressways,33.96275,-84.08238333,2,Dark - Not Lighted,8,Pedestrian,6,Severe Crosswinds,1
13,Georgia,130957,BURKE (33),WAYNESBORO,9,September,7,Saturday,2024,19,7:00pm-7:59pm,2,Urban,3,Other Principal Arterial,33.10057778,-81.99796111,5,Dusk,12,Motor Vehicle In-Transport,1,Clear,1
13,Georgia,130958,MUSCOGEE (215),COLUMBUS,9,September,2,Monday,2024,15,3:00pm-3:59pm,2,Urban,3,Other Principal Arterial,32.52680556,-84.96069444,1,Daylight,8,Pedestrian,1,Clear,1
13,Georgia,130959,COWETA (77),NEWNAN,10,October,3,Tuesday,2024,17,5:00pm-5:59pm,2,Urban,1,Interstate,33.41993889,-84.72936111,1,Daylight,12,Motor Vehicle In-Transport,1,Clear,1
13,Georgia,130960,HARRIS (145),HAMILTON,10,October,5,Thursday,2024,23,11:00pm-11:59pm,1,Rural,1,Interstate,32.72401389,-85.01916111,2,Dark - Not Lighted,12,Motor Vehicle In-Transport,10,Cloudy,2
13,Georgia,130961,MURRAY (213),Other,10,October,7,Saturday,2024,18,6:00pm-6:59pm,1,Rural,7,Local,34.69368889,-84.85223333,5,Dusk,12,Motor Vehicle In-Transport,1,Clear,1
13,Georgia,130962,DEKALB (89),DECATUR,8,August,1,Sunday,2024,0,0:00am-0:59am,2,Urban,5,Major Collector,33.69054444,-84.21825556,2,Dark - Not Lighted,12,Motor Vehicle In-Transport,1,Clear,1
13,Georgia,130963,DECATUR (87),BAINBRIDGE,9,September,1,Sunday,2024,3,3:00am-3:59am,2,Urban,4,Minor Arterial,30.92176111,-84.54663889,2,Dark - Not Lighted,8,Pedestrian,2,Rain,1
13,Georgia,130964,LONG (183),Not Reported,9,September,1,Sunday,2024,11,11:00am-11:59am,1,Rural,6,Minor Collector,31.86812778,-81.88250556,1,Daylight,8,Pedestrian,1,Clear,1
13,Georgia,130965,THOMAS (275),THOMASVILLE,10,October,6,Friday,2024,22,10:00pm-10:59pm,2,Urban,4,Minor Arterial,30.86056944,-83.99640833,2,Dark - Not Lighted,8,Pedestrian,10,Cloudy,1
13,Georgia,130966,COFFEE (69),DOUGLAS,9,September,4,Wednesday,2024,7,7:00am-7:59am,1,Rural,5,Major Collector,31.53906111,-82.88553056,1,Daylight,12,Motor Vehicle In-Transport,1,Clear,1
13,Georgia,130967,THOMAS (275),MEIGS,9,September,6,Friday,2024,18,6:00pm-6:59pm,1,Rural,3,Other Principal Arterial,31.02219167,-84.05844167,1,Daylight,12,Motor Vehicle In-Transport,10,Cloudy,1
13,Georgia,130968,HOUSTON (153),CENTERVILLE,9,September,7,Saturday,2024,14,2:00pm-2:59pm,2,Urban,4,Minor Arterial,32.62584167,-83.66891389,1,Daylight,12,Motor Vehicle In-Transport,1,Clear,1
13,Georgia,130969,CAMDEN (39),SAINT MARYS,10,October,4,Wednesday,2024,8,8:00am-8:59am,2,Urban,4,Minor Arterial,30.79119167,-81.58572222,1,Daylight,12,Motor Vehicle In-Transport,10,Cloudy,1
13,Georgia,130970,WARE (299),WAYCROSS,10,October,5,Thursday,2024,2,2:00am-2:59am,2,Urban,7,Local,31.20888889,-82.34926111,2,Dark - Not Lighted,18,Other Object (not fixed),1,Clear,1
13,Georgia,130971,DEKALB (89),DECATUR,10,October,5,Thursday,2024,6,6:00am-6:59am,2,Urban,4,Minor Arterial,33.7588,-84.24053611,2,Dark - Not Lighted,8,Pedestrian,1,Clear,1
13,Georgia,130972,BALDWIN (9),MILLEDGEVILLE,10,October,5,Thursday,2024,18,6:00pm-6:59pm,2,Urban,7,Local,33.09853056,-83.22441111,1,Daylight,8,Pedestrian,10,Cloudy,1
13,Georgia,130973,WALTON (297),MONROE,10,October,5,Thursday,2024,19,7:00pm-7:59pm,1,Rural,3,Other Principal Arterial,33.77340556,-83.7914,1,Daylight,42,Tree (Standing Only),1,Clear,1
13,Georgia,130974,CHEROKEE (57),Other,10,October,5,Thursday,2024,21,9:00pm-9:59pm,2,Urban,7,Local,34.12064722,-84.57252222,2,Dark - Not Lighted,33,Curb,1,Clear,1