STATE,STATENAME,ST_CASE,COUNTYNAME,CITYNAME,MONTH,MONTHNAME,DAY_WEEK,DAY_WEEKNAME,YEAR,HOUR,HOURNAME,RUR_URB,RUR_URBNAME,FUNC_SYS,FUNC_SYSNAME,LATITUDE,LONGITUD,LGT_COND,LGT_CONDNAME,HARM_EV,HARM_EVNAME,WEATHER,WEATHERNAME,FATALS
13,Georgia,131101,BARTOW (15),CARTERSVILLE,2,February,4,Wednesday,2024,18,6:00pm-6:59pm,2,Urban,4,Minor Arterial,34.15105833,-84.79358333,1,Daylight,12,Motor Vehicle In-Transport,1,Clear,1
13,Georgia,131102,PICKENS (227),JASPER,2,February,4,Wednesday,2024,13,1:00pm-1:59pm,2,Urban,3,Other Principal Arterial,34.46534722,-84.45837222,1,Daylight,12,Motor Vehicle In-Transport,1,Clear,1
13,Georgia,131103,JACKSON (157),Not Reported,2,February,7,Saturday,2024,19,7:00pm-7:59pm,2,Urban,4,Minor Arterial,34.11059167,-83.5869,3,Dark - Lighted,8,Pedestrian,1,Clear,1
13,Georgia,131104,CHATHAM (51),SAVANNAH,3,March,2,Monday,2024,9,9:00am-9:59am,2,Urban,4,Minor Arterial,32.01869167,-81.11441944,1,Daylight,25,Concrete Traffic Barrier,1,Clear,1
13,Georgia,131105,FULTON (121),ATLANTA,3,March,6,Friday,2024,2,2:00am-2:59am,2,Urban,3,Other Principal Arterial,33.84019722,-84.37838889,3,Dark - Lighted,31,"Post, Pole or Other Supports",1,Clear,1
13,Georgia,131106,PAULDING (223),Not Reported,3,March,2,Monday,2024,17,5:00pm-5:59pm,2,Urban,7,Local,33.85763333,-84.73385556,1,Daylight,12,Motor Vehicle In-Transport,1,Clear,1
13,Georgia,131107,SPALDING (255),GRIFFIN,3,March,6,Friday,2024,16,4:00pm-4:59pm,2,Urban,7,Local,33.28288611,-84.28334722,1,Daylight,42,Tree (Standing Only),1,Clear,1
13,Georgia,131109,DEKALB (89),Not Reported,4,April,6,Friday,2024,6,6:00am-6:59am,2,Urban,3,Other Principal Arterial,33.78673889,-84.233475,2,Dark - Not Lighted,8,Pedestrian,1,Clear,1
13,Georgia,131111,PAULDING (223),DALLAS,4,April,7,Saturday,2024,19,7:00pm-7:59pm,2,Urban,4,Minor Arterial,33.909375,-84.81361944,1,Daylight,12,Motor Vehicle In-Transport,1,Clear,1
13,Georgia,131112,DOUGHERTY (95),ALBANY,7,July,5,Thursday,2024,5,5:00am-5:59am,2,Urban,3,Other Principal Arterial,31.57252778,-84.11695278,2,Dark - Not Lighted,8,Pedestrian,1,Clear,1
13,Georgia,131115,DEKALB (89),DUNWOODY,4,April,3,Tuesday,2024,2,2:00am-2:59am,2,Urban,1,Interstate,33.92017778,-84.31158333,2,Dark - Not Lighted,12,Motor Vehicle In-Transport,1,Clear,1
13,Georgia,131116,JONES (169),GRAY,4,April,5,Thursday,2024,6,6:00am-6:59am,2,Urban,4,Minor Arterial,32.94133611,-83.48945556,2,Dark - Not Lighted,34,Ditch,1,Clear,1
13,Georgia,131117,COBB (67),SMYRNA,5,May,6,Friday,2024,6,6:00am-6:59am,2,Urban,4,Minor Arterial,33.84800278,-84.50610278,3,Dark - Lighted,8,Pedestrian,1,Clear,1
13,Georgia,131118,JONES (169),Other,5,May,7,Saturday,2024,17,5:00pm-5:59pm,2,Urban,3,Other Principal Arterial,32.90059722,-83.59135278,1,Daylight,12,Motor Vehicle In-Transport,1,Clear,1
13,Georgia,131119,CLAYTON (63),JONESBORO,6,June,3,Tuesday,2024,5,5:00am-5:59am,2,Urban,3,Other Principal Arterial,33.53172222,-84.36367222,1,Daylight,8,Pedestrian,1,Clear,1
13,Georgia,131122,LOWNDES (185),VALDOSTA,6,June,3,Tuesday,2024,21,9:00pm-9:59pm,2,Urban,3,Other Principal Arterial,30.75710278,-83.27073889,2,Dark - Not Lighted,8,Pedestrian,1,Clear,1
13,Georgia,131123,BIBB (21),MACON,6,June,7,Saturday,2024,13,1:00pm-1:59pm,2,Urban,3,Other Principal Arterial,32.87113333,-83.61291111,1,Daylight,12,Motor Vehicle In-Transport,1,Clear,1
13,Georgia,131124,COBB (67),Not Reported,6,June,1,Sunday,2024,21,9:00pm-9:59pm,2,Urban,4,Minor Arterial,34.03283889,-84.57965,3,Dark - Lighted,12,Motor Vehicle In-Transport,1,Clear,1
13,Georgia,131126,PIKE (231),Other,7,July,3,Tuesday,2024,16,4:00pm-4:59pm,1,Rural,4,Minor Arterial,33.16155833,-84.25661111,1,Daylight,12,Motor Vehicle In-Transport,1,Clear,1
13,Georgia,131127,DEKALB (89),Not Reported,8,August,2,Monday,2024,21,9:00pm-9:59pm,2,Urban,3,Other Principal Arterial,33.78523889,-84.235075,3,Dark - Lighted,8,Pedestrian,1,Clear,1
13,Georgia,131128,DEKALB (89),DECATUR,8,August,1,Sunday,2024,5,5:00am-5:59am,2,Urban,4,Minor Arterial,33.76552778,-84.25143611,3,Dark - Lighted,8,Pedestrian,1,Clear,1
13,Georgia,131129,BIBB (21),MACON,8,August,6,Friday,2024,22,10:00pm-10:59pm,2,Urban,5,Major Collector,32.90767778,-83.76221111,2,Dark - Not Lighted,38,Fence,1,Clear,1
13,Georgia,131130,BULLOCH (31),Not Reported,9,September,6,Friday,2024,20,8:00pm-8:59pm,1,Rural,5,Major Collector,32.39850278,-81.58890833,2,Dark - Not Lighted,1,Rollover/Overturn,10,Cloudy,1
13,Georgia,131131,UNION (291),Other,9,September,3,Tuesday,2024,14,2:00pm-2:59pm,1,Rural,5,Major Collector,34.82744444,-84.08009444,1,Daylight,1,Rollover/Overturn,1,Clear,1
13,Georgia,131132,MADISON (195),COLBERT,9,September,2,Monday,2024,15,3:00pm-3:59pm,1,Rural,3,Other Principal Arterial,34.03838889,-83.21307778,1,Daylight,12,Motor Vehicle In-Transport,1,Clear,1
13,Georgia,131133,BALDWIN (9),MILLEDGEVILLE,9,September,3,Tuesday,2024,16,4:00pm-4:59pm,1,Rural,4,Minor Arterial,33.03563056,-83.31008333,1,Daylight,12,Motor Vehicle In-Transport,1,Clear,1
13,Georgia,131134,FULTON (121),ALPHARETTA,9,September,4,Wednesday,2024,20,8:00pm-8:59pm,2,Urban,1,Interstate,34.09392222,-84.25555833,2,Dark - Not Lighted,12,Motor Vehicle In-Transport,10,Cloudy,1
13,Georgia,131135,HARRIS (145),Not Reported,9,September,6,Friday,2024,13,1:00pm-1:59pm,1,Rural,1,Interstate,32.74996667,-85.01686944,1,Daylight,57,Cable Barrier,1,Clear,1
13,Georgia,131136,COBB (67),MARIETTA,9,September,6,Friday,2024,5,5:00am-5:59am,2,Urban,1,Interstate,33.91998056,-84.48364722,2,Dark - Not Lighted,12,Motor Vehicle In-Transport,2,Rain,1
13,Georgia,131137,HALL (139),GAINESVILLE,11,November,4,Wednesday,2024,19,7:00pm-7:59pm,2,Urban,4,Minor Arterial,34.33675556,-83.80305556,1,Daylight,9,Pedalcyclist,1,Clear,1
13,Georgia,131139,FLOYD (115),ROME,11,November,6,Friday,2024,6,6:00am-6:59am,2,Urban,3,Other Principal Arterial,34.22711111,-85.118825,2,Dark - Not Lighted,12,Motor Vehicle In-Transport,10,Cloudy,1
13,Georgia,131140,BALDWIN (9),MILLEDGEVILLE,11,November,6,Friday,2024,7,7:00am-7:59am,2,Urban,3,Other Principal Arterial,33.07254722,-83.25110278,1,Daylight,12,Motor Vehicle In-Transport,2,Rain,1
13,Georgia,131141,BLECKLEY (23),COCHRAN,11,November,6,Friday,2024,18,6:00pm-6:59pm,1,Rural,5,Major Collector,32.39538333,-83.36761111,2,Dark - Not Lighted,5,Fell/Jumped from Vehicle,1,Clear,1
13,Georgia,131142,DEKALB (89),DECATUR,11,November,1,Sunday,2024,19,7:00pm-7:59pm,2,Urban,4,Minor Arterial,33.736475,-84.21662222,3,Dark - Lighted,8,Pedestrian,1,Clear,1
13,Georgia,131143,CHATHAM (51),SAVANNAH,11,November,2,Monday,2024,3,3:00am-3:59am,2,Urban,1,Interstate,32.07631944,-81.13306389,2,Dark - Not Lighted,8,Pedestrian,1,Clear,1
13,Georgia,131144,SPALDING (255),EAST GRIFFIN,11,November,2,Monday,2024,5,5:00am-5:59am,2,Urban,3,Other Principal Arterial,33.23834167,-84.20570833,2,Dark - Not Lighted,12,Motor Vehicle In-Transport,5,"Fog, Smog, Smoke",1
13,Georgia,131145,HARRIS (145),WEST POINT,11,November,2,Monday,2024,12,12:00pm-12:59pm,1,Rural,4,Minor Arterial,32.83137222,-85.11116944,1,Daylight,12,Motor Vehicle In-Transport,1,Clear,1
13,Georgia,131146,HABERSHAM (137),CLARKESVILLE,11,November,3,Tuesday,2024,7,7:00am-7:59am,1,Rural,4,Minor Arterial,34.64060833,-83.62338889,1,Daylight,12,Motor Vehicle In-Transport,1,Clear,1
13,Georgia,131147,FULTON (121),PALMETTO,11,November,3,Tuesday,2024,7,7:00am-7:59am,2,Urban,4,Minor Arterial,33.53568056,-84.64283056,1,Daylight,12,Motor Vehicle In-Transport,1,Clear,1
13,Georgia,131149,NEWTON (217),COVINGTON,10,October,6,Friday,2024,20,8:00pm-8:59pm,2,Urban,4,Minor Arterial,33.51928611,-83.99861111,2,Dark - Not Lighted,8,Pedestrian,1,Clear,1
13,Georgia,131150,FULTON (121),Other,11,November,5,Thursday,2024,7,7:00am-7:59am,2,Urban,3,Other Principal Arterial,33.73226111,-84.57697778,1,Daylight,12,Motor Vehicle In-Transport,1,Clear,1
13,Georgia,131151,HENRY (151),MCDONOUGH,11,November,5,Thursday,2024,11,11:00am-11:59am,2,Urban,4,Minor Arterial,33.43409722,-84.16751667,1,Daylight,12,Motor Vehicle In-Transport,10,Cloudy,1
13,Georgia,131152,JEFF DAVIS (161),HAZLEHURST,11,November,5,Thursday,2024,23,11:00pm-11:59pm,1,Rural,3,Other Principal Arterial,31.86999444,-82.594925,3,Dark - Lighted,33,Curb,5,"Fog, Smog, Smoke",1
13,Georgia,131153,CHATTOOGA (55),Not Reported,11,November,7,Saturday,2024,5,5:00am-5:59am,1,Rural,4,Minor Arterial,34.38478889,-85.42425833,2,Dark - Not Lighted,8,Pedestrian,1,Clear,1
13,Georgia,131154,GWINNETT (135),Other,11,November,7,Saturday,2024,12,12:00pm-12:59pm,2,Urban,7,Local,33.78036667,-84.07613889,1,Daylight,12,Motor Vehicle In-Transport,1,Clear,1
13,Georgia,131155,FULTON (121),ATLANTA,11,November,2,Monday,2024,17,5:00pm-5:59pm,2,Urban,4,Minor Arterial,33.70810556,-84.453,5,Dusk,12,Motor Vehicle In-Transport,1,Clear,1
13,Georgia,131156,BAKER (7),Not Reported,11,November,3,Tuesday,2024,8,8:00am-8:59am,1,Rural,7,Local,31.37293056,-84.37608056,1,Daylight,35,Embankment,10,Cloudy,1
13,Georgia,131157,CHEROKEE (57),CANTON,11,November,3,Tuesday,2024,18,6:00pm-6:59pm,2,Urban,3,Other Principal Arterial,34.24129167,-84.41842778,2,Dark - Not Lighted,8,Pedestrian,1,Clear,1
13,Georgia,131159,ROCKDALE (247),Not Reported,11,November,4,Wednesday,2024,5,5:00am-5:59am,1,Rural,7,Local,33.64984444,-83.99914167,2,Dark - Not Lighted,12,Motor Vehicle In-Transport,10,Cloudy,1
13,Georgia,131160,CATOOSA (47),FORT OGLETHORPE,11,November,4,Wednesday,2024,8,8:00am-8:59am,2,Urban,1,Interstate,34.9674,-85.19088889,1,Daylight,12,Motor Vehicle In-Transport,1,Clear,1
13,Georgia,131162,GWINNETT (135),Not Reported,11,November,6,Friday,2024,6,6:00am-6:59am,2,Urban,4,Minor Arterial,33.95475,-84.19196111,2,Dark - Not Lighted,8,Pedestrian,1,Clear,1
13,Georgia,131163,RICHMOND (245),AUGUSTA,11,November,6,Friday,2024,20,8:00pm-8:59pm,2,Urban,3,Other Principal Arterial,33.47465556,-81.97058056,1,Daylight,8,Pedestrian,1,Clear,1
13,Georgia,131164,DEKALB (89),DECATUR,11,November,6,Friday,2024,21,9:00pm-9:59pm,2,Urban,4,Minor Arterial,33.73790278,-84.25363056,3,Dark - Lighted,33,Curb,1,Clear,1
13,Georgia,131165,JEFFERSON (163),LOUISVILLE,11,November,7,Saturday,2024,4,4:00am-4:59am,1,Rural,7,Local,32.98406389,-82.39763611,2,Dark - Not Lighted,91,Unknown Object Not Fixed,1,Clear,1
13,Georgia,131166,EVANS (109),CLAXTON,11,November,7,Saturday,2024,17,5:00pm-5:59pm,1,Rural,4,Minor Arterial,32.18753333,-81.88601111,5,Dusk,9,Pedalcyclist,1,Clear,1
13,Georgia,131167,DEKALB (89),DECATUR,11,November,2,Monday,2024,0,0:00am-0:59am,2,Urban,1,Interstate,33.70473611,-84.24966944,2,Dark - Not Lighted,8,Pedestrian,1,Clear,1
13,Georgia,131168,FAYETTE (113),FAYETTEVILLE,11,November,3,Tuesday,2024,14,2:00pm-2:59pm,1,Rural,5,Major Collector,33.36658889,-84.4848,1,Daylight,12,Motor Vehicle In-Transport,2,Rain,1
13,Georgia,131169,CLAYTON (63),COLLEGE PARK,11,November,7,Saturday,2024,22,10:00pm-10:59pm,2,Urban,4,Minor Arterial,33.60581389,-84.43525,2,Dark - Not Lighted,8,Pedestrian,1,Clear,1
13,Georgia,131170,GWINNETT (135),LILBURN,4,April,6,Friday,2024,0,0:00am-0:59am,2,Urban,4,Minor Arterial,33.89959722,-84.13349722,2,Dark - Not Lighted,8,Pedestrian,1,Clear,1
13,Georgia,131171,DEKALB (89),Other,4,April,1,Sunday,2024,10,10:00am-10:59am,2,Urban,5,Major Collector,33.73148611,-84.25734167,1,Daylight,12,Motor Vehicle In-Transport,1,Clear,1
13,Georgia,131172,DEKALB (89),STONECREST,4,April,1,Sunday,2024,12,12:00pm-12:59pm,2,Urban,4,Minor Arterial,33.64865,-84.15062222,1,Daylight,12,Motor Vehicle In-Transport,1,Clear,1
13,Georgia,131173,MADISON (195),HULL,5,May,6,Friday,2024,19,7:00pm-7:59pm,1,Rural,5,Major Collector,34.0755,-83.3141,1,Daylight,1,Rollover/Overturn,1,Clear,1
13,Georgia,131174,FULTON (121),Other,6,June,2,Monday,2024,23,11:00pm-11:59pm,2,Urban,4,Minor Arterial,33.57876944,-84.49836667,3,Dark - Lighted,42,Tree (Standing Only),1,Clear,1
13,Georgia,131176,HALL (139),GAINESVILLE,7,July,3,Tuesday,2024,17,5:00pm-5:59pm,2,Urban,3,Other Principal Arterial,34.35666389,-83.86057778,1,Daylight,12,Motor Vehicle In-Transport,1,Clear,1
13,Georgia,131177,FULTON (121),Other,7,July,5,Thursday,2024,10,10:00am-10:59am,2,Urban,4,Minor Arterial,33.58705278,-84.52008611,1,Daylight,12,Motor Vehicle In-Transport,1,Clear,1
13,Georgia,131178,GWINNETT (135),SNELLVILLE,11,November,7,Saturday,2024,16,4:00pm-4:59pm,2,Urban,3,Other Principal Arterial,33.84034167,-84.03255,1,Daylight,8,Pedestrian,1,Clear,1
13,Georgia,131179,WASHINGTON (303),SANDERSVILLE,11,November,1,Sunday,2024,6,6:00am-6:59am,2,Urban,4,Minor Arterial,32.98244444,-82.848375,2,Dark - Not Lighted,12,Motor Vehicle In-Transport,1,Clear,1
13,Georgia,131180,BARROW (13),Not Reported,11,November,2,Monday,2024,15,3:00pm-3:59pm,2,Urban,7,Local,33.95422222,-83.70365278,1,Daylight,30,Utility Pole/Light Support,1,Clear,1
13,Georgia,131181,DOUGLAS (97),DOUGLASVILLE,11,November,2,Monday,2024,22,10:00pm-10:59pm,2,Urban,4,Minor Arterial,33.73809722,-84.77219722,3,Dark - Lighted,12,Motor Vehicle In-Transport,10,Cloudy,1
13,Georgia,131182,BERRIEN (19),NASHVILLE,11,November,5,Thursday,2024,15,3:00pm-3:59pm,1,Rural,5,Major Collector,31.09850278,-83.26754444,1,Daylight,12,Motor Vehicle In-Transport,1,Clear,2
13,Georgia,131183,LUMPKIN (187),DAHLONEGA,11,November,6,Friday,2024,18,6:00pm-6:59pm,1,Rural,3,Other Principal Arterial,34.52703611,-83.97925,2,Dark - Not Lighted,8,Pedestrian,1,Clear,1
13,Georgia,131184,LEE (177),Other,11,November,7,Saturday,2024,2,2:00am-2:59am,1,Rural,7,Local,31.82913611,-84.05241111,2,Dark - Not Lighted,1,Rollover/Overturn,1,Clear,1
13,Georgia,131185,DEKALB (89),STONE MOUNTAIN,11,November,1,Sunday,2024,1,1:00am-1:59am,2,Urban,4,Minor Arterial,33.789025,-84.1488,2,Dark - Not Lighted,12,Motor Vehicle In-Transport,1,Clear,1
13,Georgia,131186,RICHMOND (245),AUGUSTA,11,November,3,Tuesday,2024,10,10:00am-10:59am,2,Urban,3,Other Principal Arterial,33.46783056,-82.07813611,1,Daylight,12,Motor Vehicle In-Transport,1,Clear,1
13,Georgia,131187,FULTON (121),ATLANTA,11,November,1,Sunday,2024,5,5:00am-5:59am,2,Urban,2,Other Freeways and Expressways,33.84338333,-84.36214444,3,Dark - Lighted,12,Motor Vehicle In-Transport,1,Clear,1
13,Georgia,131190,FULTON (121),ROSWELL,11,November,4,Wednesday,2024,18,6:00pm-6:59pm,2,Urban,3,Other Principal Arterial,34.03218889,-84.34025,3,Dark - Lighted,8,Pedestrian,1,Clear,1
13,Georgia,131191,HALL (139),GAINESVILLE,11,November,4,Wednesday,2024,22,10:00pm-10:59pm,1,Rural,5,Major Collector,34.31441111,-83.76823056,1,Daylight,12,Motor Vehicle In-Transport,1,Clear,1
13,Georgia,131192,TROUP (285),Not Reported,11,November,5,Thursday,2024,15,3:00pm-3:59pm,1,Rural,6,Minor Collector,32.96626111,-85.07231389,1,Daylight,35,Embankment,1,Clear,1
13,Georgia,131193,COBB (67),KENNESAW,11,November,5,Thursday,2024,19,7:00pm-7:59pm,2,Urban,7,Local,33.99682222,-84.57871667,2,Dark - Not Lighted,12,Motor Vehicle In-Transport,1,Clear,1
13,Georgia,131194,TAYLOR (269),BUTLER,11,November,5,Thursday,2024,19,7:00pm-7:59pm,1,Rural,5,Major Collector,32.55516389,-84.20701944,2,Dark - Not Lighted,34,Ditch,1,Clear,1
13,Georgia,131195,CARROLL (45),Not Reported,11,November,6,Friday,2024,12,12:00pm-12:59pm,1,Rural,7,Local,33.78730556,-84.94563333,1,Daylight,42,Tree (Standing Only),1,Clear,1
13,Georgia,131196,GLYNN (127),BRUNSWICK,11,November,6,Friday,2024,17,5:00pm-5:59pm,2,Urban,3,Other Principal Arterial,31.22930833,-81.49756667,5,Dusk,8,Pedestrian,1,Clear,1
13,Georgia,131197,HENRY (151),MCDONOUGH,11,November,6,Friday,2024,22,10:00pm-10:59pm,2,Urban,3,Other Principal Arterial,33.40600833,-84.21560278,2,Dark - Not Lighted,12,Motor Vehicle In-Transport,1,Clear,1
13,Georgia,131198,CLAYTON (63),FOREST PARK,11,November,7,Saturday,2024,20,8:00pm-8:59pm,2,Urban,4,Minor Arterial,33.58819444,-84.37786667,3,Dark - Lighted,30,Utility Pole/Light Support,1,Clear,1
13,Georgia,131199,CHATHAM (51),POOLER,11,November,1,Sunday,2024,0,0:00am-0:59am,2,Urban,1,Interstate,32.07398056,-81.24059722,2,Dark - Not Lighted,24,Guardrail Face,1,Clear,1
13,Georgia,131200,UNION (291),BLAIRSVILLE,11,November,1,Sunday,2024,1,1:00am-1:59am,1,Rural,5,Major Collector,34.84580556,-83.9301,2,Dark - Not Lighted,5,Fell/Jumped from Vehicle,1,Clear,1
13,Georgia,131201,PICKENS (227),JASPER,11,November,1,Sunday,2024,20,8:00pm-8:59pm,2,Urban,3,Other Principal Arterial,34.43114444,-84.434325,2,Dark - Not Lighted,12,Motor Vehicle In-Transport,1,Clear,1
13,Georgia,131202,ATKINSON (3),PEARSON,11,November,2,Monday,2024,8,8:00am-8:59am,1,Rural,3,Other Principal Arterial,31.31360278,-82.93858611,1,Daylight,18,Other Object (not fixed),1,Clear,1
13,Georgia,131203,GREENE (133),UNION POINT,11,November,2,Monday,2024,13,1:00pm-1:59pm,1,Rural,4,Minor Arterial,33.63249722,-83.0365,1,Daylight,18,Other Object (not fixed),1,Clear,1
13,Georgia,131204,COWETA (77),Not Reported,11,November,2,Monday,2024,15,3:00pm-3:59pm,1,Rural,5,Major Collector,33.27164167,-84.83425278,1,Daylight,42,Tree (Standing Only),1,Clear,1
13,Georgia,131205,ELBERT (105),ELBERTON,11,November,3,Tuesday,2024,21,9:00pm-9:59pm,1,Rural,4,Minor Arterial,34.00811667,-82.647675,2,Dark - Not Lighted,32,Culvert,1,Clear,1
13,Georgia,131207,THOMAS (275),Not Reported,11,November,5,Thursday,2024,22,10:00pm-10:59pm,2,Urban,5,Major Collector,30.89501667,-83.90995833,2,Dark - Not Lighted,53,Mail Box,10,Cloudy,1
13,Georgia,131208,DEKALB (89),TUCKER,11,November,7,Saturday,2024,20,8:00pm-8:59pm,2,Urban,4,Minor Arterial,33.84545833,-84.255525,3,Dark - Lighted,8,Pedestrian,1,Clear,1
13,Georgia,131210,MUSCOGEE (215),COLUMBUS,11,November,2,Monday,2024,16,4:00pm-4:59pm,2,Urban,3,Other Principal Arterial,32.493525,-84.91261944,1,Daylight,12,Motor Vehicle In-Transport,1,Clear,1
13,Georgia,131211,TWIGGS (289),JEFFERSONVILLE,11,November,7,Saturday,2024,17,5:00pm-5:59pm,1,Rural,5,Major Collector,32.67005,-83.42326667,1,Daylight,32,Culvert,10,Cloudy,1
13,Georgia,131212,CATOOSA (47),RINGGOLD,11,November,2,Monday,2024,20,8:00pm-8:59pm,2,Urban,1,Interstate,34.90946667,-85.12195833,2,Dark - Not Lighted,24,Guardrail Face,10,Cloudy,1
13,Georgia,131213,COBB (67),Not Reported,11,November,3,Tuesday,2024,6,6:00am-6:59am,2,Urban,4,Minor Arterial,33.848775,-84.60792778,3,Dark - Lighted,8,Pedestrian,10,Cloudy,1
13,Georgia,131214,JONES (169),Other,11,November,3,Tuesday,2024,18,6:00pm-6:59pm,2,Urban,5,Major Collector,32.88784167,-83.61009444,2,Dark - Not Lighted,12,Motor Vehicle In-Transport,1,Clear,1
13,Georgia,131215,CHATHAM (51),SAVANNAH,11,November,3,Tuesday,2024,18,6:00pm-6:59pm,2,Urban,1,Interstate,32.00439167,-81.28226944,3,Dark - Lighted,12,Motor Vehicle In-Transport,1,Clear,1
13,Georgia,131216,BIBB (21),MACON,11,November,4,Wednesday,2024,10,10:00am-10:59am,2,Urban,3,Other Principal Arterial,32.84178333,-83.561425,1,Daylight,12,Motor Vehicle In-Transport,1,Clear,1
13,Georgia,131217,LAMAR (171),BARNESVILLE,11,November,5,Thursday,2024,2,2:00am-2:59am,2,Urban,4,Minor Arterial,33.03193611,-84.16713611,2,Dark - Not Lighted,1,Rollover/Overturn,2,Rain,1
13,Georgia,131218,RICHMOND (245),HEPHZIBAH,11,November,5,Thursday,2024,15,3:00pm-3:59pm,2,Urban,4,Minor Arterial,33.34146111,-82.08374722,1,Daylight,12,Motor Vehicle In-Transport,1,Clear,2
13,Georgia,131220,BROOKS (27),DIXIE,11,November,6,Friday,2024,20,8:00pm-8:59pm,1,Rural,3,Other Principal Arterial,30.79231111,-83.66776111,2,Dark - Not Lighted,12,Motor Vehicle In-Transport,1,Clear,1
13,Georgia,131221,DODGE (91),CHAUNCEY,11,November,7,Saturday,2024,7,7:00am-7:59am,1,Rural,5,Major Collector,32.11240278,-83.0607,1,Daylight,42,Tree (Standing Only),1,Clear,1
13,Georgia,131222,MUSCOGEE (215),COLUMBUS,11,November,7,Saturday,2024,8,8:00am-8:59am,2,Urban,4,Minor Arterial,32.5337,-84.8783,1,Daylight,42,Tree (Standing Only),1,Clear,1
13,Georgia,131223,FULTON (121),ROSWELL,11,November,7,Saturday,2024,19,7:00pm-7:59pm,2,Urban,3,Other Principal Arterial,34.04593056,-84.33992778,3,Dark - Lighted,8,Pedestrian,1,Clear,1
13,Georgia,131224,FULTON (121),UNION CITY,12,December,1,Sunday,2024,14,2:00pm-2:59pm,2,Urban,3,Other Principal Arterial,33.595375,-84.64059444,1,Daylight,12,Motor Vehicle In-Transport,1,Clear,1
13,Georgia,131225,GWINNETT (135),Not Reported,12,December,2,Monday,2024,11,11:00am-11:59am,2,Urban,4,Minor Arterial,34.13385,-83.97624444,1,Daylight,30,Utility Pole/Light Support,1,Clear,1
13,Georgia,131226,DEKALB (89),DECATUR,12,December,2,Monday,2024,17,5:00pm-5:59pm,2,Urban,4,Minor Arterial,33.77388611,-84.25446944,5,Dusk,12,Motor Vehicle In-Transport,1,Clear,1
13,Georgia,131227,DEKALB (89),LITHONIA,12,December,4,Wednesday,2024,5,5:00am-5:59am,2,Urban,4,Minor Arterial,33.69493611,-84.17379167,2,Dark - Not Lighted,12,Motor Vehicle In-Transport,1,Clear,1
13,Georgia,131228,GWINNETT (135),Not Reported,12,December,4,Wednesday,2024,13,1:00pm-1:59pm,2,Urban,4,Minor Arterial,33.96452778,-84.13003056,1,Daylight,39,Wall,1,Clear,1
13,Georgia,131229,DEKALB (89),DECATUR,10,October,2,Monday,2024,16,4:00pm-4:59pm,2,Urban,4,Minor Arterial,33.75079722,-84.26460278,1,Daylight,12,Motor Vehicle In-Transport,1,Clear,1
13,Georgia,131230,DEKALB (89),DECATUR,10,October,2,Monday,2024,0,0:00am-0:59am,2,Urban,1,Interstate,33.7193,-84.23800278,3,Dark - Lighted,12,Motor Vehicle In-Transport,1,Clear,1
13,Georgia,131231,CLAYTON (63),FOREST PARK,11,November,2,Monday,2024,0,0:00am-0:59am,2,Urban,4,Minor Arterial,33.63971389,-84.3613,2,Dark - Not Lighted,8,Pedestrian,1,Clear,1
13,Georgia,131232,CLAYTON (63),JONESBORO,11,November,3,Tuesday,2024,15,3:00pm-3:59pm,2,Urban,7,Local,33.56409167,-84.367575,1,Daylight,53,Mail Box,1,Clear,1
13,Georgia,131233,CHATHAM (51),SAVANNAH,11,November,7,Saturday,2024,18,6:00pm-6:59pm,2,Urban,4,Minor Arterial,32.04988056,-81.12130556,2,Dark - Not Lighted,8,Pedestrian,1,Clear,1
13,Georgia,131234,CHATHAM (51),SAVANNAH,11,November,1,Sunday,2024,20,8:00pm-8:59pm,2,Urban,3,Other Principal Arterial,32.02560278,-81.09849722,3,Dark - Lighted,8,Pedestrian,1,Clear,1
13,Georgia,131235,TROUP (285),LA GRANGE,11,November,5,Thursday,2024,17,5:00pm-5:59pm,1,Rural,4,Minor Arterial,33.04223333,-84.94250833,2,Dark - Not Lighted,12,Motor Vehicle In-Transport,1,Clear,1
13,Georgia,131236,TOOMBS (279),VIDALIA,11,November,6,Friday,2024,20,8:00pm-8:59pm,2,Urban,3,Other Principal Arterial,32.213075,-82.40293333,3,Dark - Lighted,8,Pedestrian,1,Clear,1
13,Georgia,131237,COBB (67),NOT APPLICABLE,11,November,7,Saturday,2024,4,4:00am-4:59am,2,Urban,7,Local,33.90190833,-84.53396111,2,Dark - Not Lighted,8,Pedestrian,1,Clear,1
13,Georgia,131238,WAYNE (305),JESUP,12,December,3,Tuesday,2024,17,5:00pm-5:59pm,2,Urban,3,Other Principal Arterial,31.59684722,-81.87044444,5,Dusk,8,Pedestrian,1,Clear,2
13,Georgia,131239,OCONEE (219),BOGART,12,December,4,Wednesday,2024,15,3:00pm-3:59pm,2,Urban,3,Other Principal Arterial,33.93551944,-83.54041389,1,Daylight,12,Motor Vehicle In-Transport,1,Clear,1