STATE,STATENAME,ST_CASE,COUNTYNAME,CITYNAME,MONTH,MONTHNAME,DAY_WEEK,DAY_WEEKNAME,YEAR,HOUR,HOURNAME,RUR_URB,RUR_URBNAME,FUNC_SYS,FUNC_SYSNAME,LATITUDE,LONGITUD,LGT_COND,LGT_CONDNAME,HARM_EV,HARM_EVNAME,WEATHER,WEATHERNAME,FATALS
13,Georgia,131240,RICHMOND (245),AUGUSTA,12,December,5,Thursday,2024,1,1:00am-1:59am,2,Urban,4,Minor Arterial,33.39897222,-82.059375,2,Dark - Not Lighted,8,Pedestrian,1,Clear,1
13,Georgia,131241,COBB (67),ACWORTH,12,December,5,Thursday,2024,6,6:00am-6:59am,2,Urban,3,Other Principal Arterial,34.05593889,-84.70981111,2,Dark - Not Lighted,8,Pedestrian,1,Clear,1
13,Georgia,131242,DEKALB (89),DECATUR,12,December,5,Thursday,2024,6,6:00am-6:59am,2,Urban,4,Minor Arterial,33.73159722,-84.25210278,1,Daylight,8,Pedestrian,1,Clear,1
13,Georgia,131243,ROCKDALE (247),Not Reported,12,December,5,Thursday,2024,13,1:00pm-1:59pm,2,Urban,3,Other Principal Arterial,33.71915,-83.92567222,1,Daylight,12,Motor Vehicle In-Transport,1,Clear,1
13,Georgia,131244,EMANUEL (107),SWAINSBORO,12,December,5,Thursday,2024,20,8:00pm-8:59pm,2,Urban,4,Minor Arterial,32.58705,-82.36400833,2,Dark - Not Lighted,8,Pedestrian,1,Clear,1
13,Georgia,131245,WHITE (311),CLEVELAND,12,December,6,Friday,2024,15,3:00pm-3:59pm,1,Rural,3,Other Principal Arterial,34.58735278,-83.70070833,1,Daylight,12,Motor Vehicle In-Transport,1,Clear,1
13,Georgia,131246,ROCKDALE (247),Not Reported,12,December,7,Saturday,2024,18,6:00pm-6:59pm,2,Urban,4,Minor Arterial,33.56894167,-84.05117222,2,Dark - Not Lighted,32,Culvert,1,Clear,1
13,Georgia,131247,GWINNETT (135),LOGANVILLE,12,December,7,Saturday,2024,23,11:00pm-11:59pm,2,Urban,3,Other Principal Arterial,33.84958333,-83.917325,3,Dark - Lighted,12,Motor Vehicle In-Transport,1,Clear,1
13,Georgia,131248,COLQUITT (71),MOULTRIE,10,October,4,Wednesday,2024,20,8:00pm-8:59pm,2,Urban,7,Local,31.17086944,-83.75195833,2,Dark - Not Lighted,8,Pedestrian,1,Clear,1
13,Georgia,131251,EFFINGHAM (103),GUYTON,11,November,2,Monday,2024,21,9:00pm-9:59pm,1,Rural,6,Minor Collector,32.34310556,-81.42752778,2,Dark - Not Lighted,41,Shrubbery,10,Cloudy,1
13,Georgia,131252,CHATHAM (51),NOT APPLICABLE,11,November,1,Sunday,2024,3,3:00am-3:59am,2,Urban,2,Other Freeways and Expressways,31.98261944,-81.20046944,8,Not Reported,25,Concrete Traffic Barrier,98,Not Reported,1
13,Georgia,131253,DOUGLAS (97),WINSTON,11,November,2,Monday,2024,18,6:00pm-6:59pm,1,Rural,4,Minor Arterial,33.68135833,-84.86150278,2,Dark - Not Lighted,12,Motor Vehicle In-Transport,1,Clear,1
13,Georgia,131254,COBB (67),MARIETTA,11,November,4,Wednesday,2024,6,6:00am-6:59am,2,Urban,4,Minor Arterial,33.89519444,-84.60920556,3,Dark - Lighted,12,Motor Vehicle In-Transport,1,Clear,1
13,Georgia,131255,GWINNETT (135),LAWRENCEVILLE,11,November,4,Wednesday,2024,18,6:00pm-6:59pm,2,Urban,3,Other Principal Arterial,33.97491944,-83.98671111,3,Dark - Lighted,12,Motor Vehicle In-Transport,1,Clear,1
13,Georgia,131256,OCONEE (219),WATKINSVILLE,11,November,6,Friday,2024,13,1:00pm-1:59pm,1,Rural,3,Other Principal Arterial,33.84138333,-83.426,1,Daylight,12,Motor Vehicle In-Transport,1,Clear,1
13,Georgia,131257,SEMINOLE (253),DONALSONVILLE,12,December,5,Thursday,2024,7,7:00am-7:59am,1,Rural,4,Minor Arterial,31.02439722,-84.89411111,1,Daylight,1,Rollover/Overturn,1,Clear,1
13,Georgia,131258,COBB (67),Not Reported,12,December,6,Friday,2024,5,5:00am-5:59am,2,Urban,4,Minor Arterial,33.86234444,-84.59676389,3,Dark - Lighted,8,Pedestrian,1,Clear,1
13,Georgia,131259,FULTON (121),Other,12,December,6,Friday,2024,12,12:00pm-12:59pm,2,Urban,3,Other Principal Arterial,33.62908611,-84.62186667,1,Daylight,12,Motor Vehicle In-Transport,1,Clear,1
13,Georgia,131260,BRYAN (29),RICHMOND HILL,12,December,6,Friday,2024,15,3:00pm-3:59pm,2,Urban,3,Other Principal Arterial,31.92417778,-81.33625278,1,Daylight,12,Motor Vehicle In-Transport,1,Clear,1
13,Georgia,131261,HOUSTON (153),CENTERVILLE,12,December,6,Friday,2024,19,7:00pm-7:59pm,2,Urban,4,Minor Arterial,32.63458611,-83.66088056,3,Dark - Lighted,9,Pedalcyclist,1,Clear,1
13,Georgia,131262,GWINNETT (135),PEACHTREE CORNERS,12,December,7,Saturday,2024,2,2:00am-2:59am,2,Urban,4,Minor Arterial,33.96402222,-84.18071667,2,Dark - Not Lighted,8,Pedestrian,1,Clear,1
13,Georgia,131263,COBB (67),MARIETTA,12,December,7,Saturday,2024,5,5:00am-5:59am,2,Urban,3,Other Principal Arterial,33.94150833,-84.51550278,2,Dark - Not Lighted,8,Pedestrian,1,Clear,1
13,Georgia,131264,ROCKDALE (247),CONYERS,12,December,7,Saturday,2024,17,5:00pm-5:59pm,2,Urban,1,Interstate,33.68115833,-84.06250833,3,Dark - Lighted,8,Pedestrian,1,Clear,1
13,Georgia,131265,GWINNETT (135),LAWRENCEVILLE,12,December,7,Saturday,2024,23,11:00pm-11:59pm,2,Urban,4,Minor Arterial,33.91105278,-83.96903889,6,Dark - Unknown Lighting,12,Motor Vehicle In-Transport,1,Clear,2
13,Georgia,131266,GWINNETT (135),SNELLVILLE,12,December,1,Sunday,2024,19,7:00pm-7:59pm,2,Urban,7,Local,33.77650556,-84.01208611,3,Dark - Lighted,1,Rollover/Overturn,1,Clear,1
13,Georgia,131267,COFFEE (69),Not Reported,12,December,2,Monday,2024,8,8:00am-8:59am,1,Rural,4,Minor Arterial,31.52639444,-82.61369722,1,Daylight,12,Motor Vehicle In-Transport,1,Clear,1
13,Georgia,131268,FLOYD (115),ROME,12,December,2,Monday,2024,11,11:00am-11:59am,2,Urban,3,Other Principal Arterial,34.27236944,-85.22950833,1,Daylight,12,Motor Vehicle In-Transport,2,Rain,1
13,Georgia,131269,RICHMOND (245),AUGUSTA,12,December,2,Monday,2024,17,5:00pm-5:59pm,2,Urban,4,Minor Arterial,33.44674722,-82.01979722,1,Daylight,9,Pedalcyclist,2,Rain,1
13,Georgia,131270,LIBERTY (179),MIDWAY,12,December,3,Tuesday,2024,21,9:00pm-9:59pm,1,Rural,1,Interstate,31.77820556,-81.37881111,1,Daylight,24,Guardrail Face,10,Cloudy,1
13,Georgia,131271,FULTON (121),ATLANTA,12,December,3,Tuesday,2024,23,11:00pm-11:59pm,2,Urban,5,Major Collector,33.78053333,-84.35363333,3,Dark - Lighted,12,Motor Vehicle In-Transport,2,Rain,1
13,Georgia,131272,GWINNETT (135),NORCROSS,12,December,4,Wednesday,2024,19,7:00pm-7:59pm,2,Urban,1,Interstate,33.91060278,-84.2177,3,Dark - Lighted,1,Rollover/Overturn,1,Clear,1
13,Georgia,131273,MONROE (207),Not Reported,12,December,5,Thursday,2024,7,7:00am-7:59am,1,Rural,5,Major Collector,33.08151111,-83.95278333,1,Daylight,12,Motor Vehicle In-Transport,1,Clear,2
13,Georgia,131274,COWETA (77),NEWNAN,12,December,5,Thursday,2024,14,2:00pm-2:59pm,1,Rural,4,Minor Arterial,33.34009722,-84.67774167,1,Daylight,12,Motor Vehicle In-Transport,1,Clear,1
13,Georgia,131276,CHATHAM (51),NOT APPLICABLE,12,December,6,Friday,2024,19,7:00pm-7:59pm,2,Urban,3,Other Principal Arterial,32.04693611,-81.17104167,2,Dark - Not Lighted,38,Fence,1,Clear,1
13,Georgia,131278,BIBB (21),MACON,12,December,1,Sunday,2024,0,0:00am-0:59am,2,Urban,3,Other Principal Arterial,32.81431389,-83.66280278,3,Dark - Lighted,12,Motor Vehicle In-Transport,1,Clear,1
13,Georgia,131279,DOOLY (93),Not Reported,11,November,2,Monday,2024,6,6:00am-6:59am,1,Rural,4,Minor Arterial,32.07510278,-83.79567778,1,Daylight,12,Motor Vehicle In-Transport,1,Clear,1
13,Georgia,131280,MORGAN (211),MADISON,12,December,1,Sunday,2024,20,8:00pm-8:59pm,1,Rural,3,Other Principal Arterial,33.57065556,-83.47755278,2,Dark - Not Lighted,8,Pedestrian,1,Clear,1
13,Georgia,131281,FORSYTH (117),CUMMING,12,December,5,Thursday,2024,14,2:00pm-2:59pm,2,Urban,3,Other Principal Arterial,34.28209722,-84.07618889,1,Daylight,12,Motor Vehicle In-Transport,1,Clear,1
13,Georgia,131282,COBB (67),Not Reported,12,December,5,Thursday,2024,18,6:00pm-6:59pm,2,Urban,7,Local,34.05743889,-84.53917778,2,Dark - Not Lighted,12,Motor Vehicle In-Transport,1,Clear,1
13,Georgia,131283,CLAYTON (63),RIVERDALE,12,December,5,Thursday,2024,21,9:00pm-9:59pm,2,Urban,3,Other Principal Arterial,33.60041944,-84.40599444,3,Dark - Lighted,8,Pedestrian,1,Clear,1
13,Georgia,131284,BIBB (21),MACON,12,December,6,Friday,2024,19,7:00pm-7:59pm,2,Urban,4,Minor Arterial,32.87953611,-83.74180278,2,Dark - Not Lighted,12,Motor Vehicle In-Transport,1,Clear,2
13,Georgia,131285,CLAYTON (63),FOREST PARK,12,December,1,Sunday,2024,17,5:00pm-5:59pm,2,Urban,4,Minor Arterial,33.61518333,-84.38321944,2,Dark - Not Lighted,8,Pedestrian,1,Clear,1
13,Georgia,131286,WASHINGTON (303),WARTHEN,12,December,1,Sunday,2024,20,8:00pm-8:59pm,1,Rural,6,Minor Collector,33.08324722,-82.791725,2,Dark - Not Lighted,34,Ditch,10,Cloudy,1
13,Georgia,131287,CHEROKEE (57),Other,12,December,2,Monday,2024,17,5:00pm-5:59pm,1,Rural,3,Other Principal Arterial,34.25593611,-84.331625,2,Dark - Not Lighted,12,Motor Vehicle In-Transport,1,Clear,1
13,Georgia,131288,TIFT (277),Not Reported,12,December,2,Monday,2024,18,6:00pm-6:59pm,1,Rural,3,Other Principal Arterial,31.41889167,-83.39109444,2,Dark - Not Lighted,8,Pedestrian,1,Clear,1
13,Georgia,131289,CRAWFORD (79),MUSELLA,12,December,2,Monday,2024,19,7:00pm-7:59pm,1,Rural,5,Major Collector,32.82366944,-84.020775,2,Dark - Not Lighted,8,Pedestrian,1,Clear,1
13,Georgia,131290,BERRIEN (19),NASHVILLE,12,December,3,Tuesday,2024,7,7:00am-7:59am,1,Rural,5,Major Collector,31.21574444,-83.308175,1,Daylight,12,Motor Vehicle In-Transport,5,"Fog, Smog, Smoke",1
13,Georgia,131291,CLARKE (59),ATHENS,12,December,3,Tuesday,2024,15,3:00pm-3:59pm,2,Urban,3,Other Principal Arterial,33.98041667,-83.37765556,1,Daylight,12,Motor Vehicle In-Transport,1,Clear,1
13,Georgia,131292,CLARKE (59),ATHENS,12,December,3,Tuesday,2024,20,8:00pm-8:59pm,2,Urban,4,Minor Arterial,33.92100833,-83.38258611,2,Dark - Not Lighted,12,Motor Vehicle In-Transport,1,Clear,1
13,Georgia,131293,CHATHAM (51),SAVANNAH,12,December,3,Tuesday,2024,17,5:00pm-5:59pm,2,Urban,4,Minor Arterial,32.04801111,-81.06459167,1,Daylight,8,Pedestrian,1,Clear,1
13,Georgia,131294,COBB (67),SMYRNA,12,December,7,Saturday,2024,15,3:00pm-3:59pm,2,Urban,7,Local,33.82842222,-84.50257778,1,Daylight,42,Tree (Standing Only),1,Clear,1
13,Georgia,131295,FORSYTH (117),CUMMING,12,December,1,Sunday,2024,15,3:00pm-3:59pm,2,Urban,4,Minor Arterial,34.24189444,-84.1708,1,Daylight,32,Culvert,2,Rain,1
13,Georgia,131296,WHITE (311),CLEVELAND,12,December,2,Monday,2024,12,12:00pm-12:59pm,1,Rural,4,Minor Arterial,34.63950278,-83.742075,1,Daylight,1,Rollover/Overturn,1,Clear,1
13,Georgia,131297,WALKER (295),NOT APPLICABLE,12,December,3,Tuesday,2024,11,11:00am-11:59am,1,Rural,4,Minor Arterial,34.92492778,-85.37918611,1,Daylight,24,Guardrail Face,5,"Fog, Smog, Smoke",1
13,Georgia,131298,DADE (83),TRENTON,12,December,4,Wednesday,2024,19,7:00pm-7:59pm,1,Rural,5,Major Collector,34.86539444,-85.54400556,2,Dark - Not Lighted,8,Pedestrian,10,Cloudy,1
13,Georgia,131299,BIBB (21),MACON,12,December,4,Wednesday,2024,22,10:00pm-10:59pm,2,Urban,3,Other Principal Arterial,32.79389722,-83.66799167,3,Dark - Lighted,8,Pedestrian,8,Other,1
13,Georgia,131301,JEFFERSON (163),WRENS,12,December,6,Friday,2024,16,4:00pm-4:59pm,1,Rural,3,Other Principal Arterial,33.20057222,-82.393325,1,Daylight,12,Motor Vehicle In-Transport,1,Clear,1
13,Georgia,131302,EFFINGHAM (103),RINCON,12,December,6,Friday,2024,17,5:00pm-5:59pm,2,Urban,3,Other Principal Arterial,32.27519722,-81.22861389,5,Dusk,12,Motor Vehicle In-Transport,1,Clear,1
13,Georgia,131303,PIKE (231),Not Reported,12,December,1,Sunday,2024,15,3:00pm-3:59pm,1,Rural,5,Major Collector,33.01304167,-84.42686389,1,Daylight,12,Motor Vehicle In-Transport,1,Clear,2
13,Georgia,131304,CHATHAM (51),SAVANNAH,9,September,5,Thursday,2024,6,6:00am-6:59am,2,Urban,4,Minor Arterial,31.99910833,-81.10363611,1,Daylight,12,Motor Vehicle In-Transport,1,Clear,1
13,Georgia,131305,BUTTS (35),JACKSON,12,December,1,Sunday,2024,20,8:00pm-8:59pm,1,Rural,5,Major Collector,33.40918333,-83.95344167,2,Dark - Not Lighted,12,Motor Vehicle In-Transport,1,Clear,1
13,Georgia,131306,COBB (67),Not Reported,12,December,6,Friday,2024,19,7:00pm-7:59pm,2,Urban,4,Minor Arterial,34.07025556,-84.52168611,3,Dark - Lighted,8,Pedestrian,1,Clear,1
13,Georgia,131307,GLYNN (127),BRUNSWICK,12,December,1,Sunday,2024,3,3:00am-3:59am,2,Urban,3,Other Principal Arterial,31.15623611,-81.478975,2,Dark - Not Lighted,59,Traffic Sign Support,1,Clear,1
13,Georgia,131308,TROUP (285),HOGANSVILLE,12,December,1,Sunday,2024,16,4:00pm-4:59pm,1,Rural,4,Minor Arterial,33.11539722,-84.92218889,1,Daylight,12,Motor Vehicle In-Transport,1,Clear,2
13,Georgia,131309,SPALDING (255),Not Reported,12,December,4,Wednesday,2024,6,6:00am-6:59am,2,Urban,2,Other Freeways and Expressways,33.23797222,-84.29543889,4,Dawn,8,Pedestrian,5,"Fog, Smog, Smoke",1
13,Georgia,131310,WAYNE (305),JESUP,12,December,6,Friday,2024,20,8:00pm-8:59pm,2,Urban,4,Minor Arterial,31.635475,-81.90321944,2,Dark - Not Lighted,35,Embankment,1,Clear,1
13,Georgia,131311,BERRIEN (19),NASHVILLE,12,December,1,Sunday,2024,13,1:00pm-1:59pm,1,Rural,5,Major Collector,31.09846389,-83.26755556,1,Daylight,12,Motor Vehicle In-Transport,1,Clear,1
13,Georgia,131312,BIBB (21),MACON,12,December,7,Saturday,2024,1,1:00am-1:59am,1,Rural,1,Interstate,32.79309722,-83.56454444,2,Dark - Not Lighted,14,Parked Motor Vehicle,1,Clear,1
13,Georgia,131313,DEKALB (89),DECATUR,12,December,3,Tuesday,2024,19,7:00pm-7:59pm,2,Urban,4,Minor Arterial,33.67665833,-84.23132778,2,Dark - Not Lighted,8,Pedestrian,1,Clear,1
13,Georgia,131314,JENKINS (165),MILLEN,12,December,6,Friday,2024,8,8:00am-8:59am,1,Rural,4,Minor Arterial,32.82108056,-81.92378889,1,Daylight,12,Motor Vehicle In-Transport,1,Clear,2
13,Georgia,131315,CAMDEN (39),KINGSLAND,12,December,1,Sunday,2024,20,8:00pm-8:59pm,2,Urban,3,Other Principal Arterial,30.78500833,-81.64072778,2,Dark - Not Lighted,8,Pedestrian,1,Clear,1
13,Georgia,131316,CLAYTON (63),FOREST PARK,12,December,4,Wednesday,2024,22,10:00pm-10:59pm,2,Urban,5,Major Collector,33.622775,-84.40840833,3,Dark - Lighted,14,Parked Motor Vehicle,1,Clear,1
13,Georgia,131317,GRADY (131),Not Reported,12,December,1,Sunday,2024,19,7:00pm-7:59pm,1,Rural,5,Major Collector,30.96420556,-84.19661389,2,Dark - Not Lighted,1,Rollover/Overturn,1,Clear,1
13,Georgia,131318,BRYAN (29),Not Reported,12,December,2,Monday,2024,13,1:00pm-1:59pm,1,Rural,5,Major Collector,32.18684722,-81.56419722,1,Daylight,1,Rollover/Overturn,10,Cloudy,1
13,Georgia,131319,CANDLER (43),Not Reported,12,December,6,Friday,2024,6,6:00am-6:59am,1,Rural,1,Interstate,32.37816111,-82.18461667,2,Dark - Not Lighted,1,Rollover/Overturn,10,Cloudy,1
13,Georgia,131320,FULTON (121),ROSWELL,10,October,7,Saturday,2024,3,3:00am-3:59am,2,Urban,3,Other Principal Arterial,34.06016944,-84.41538889,2,Dark - Not Lighted,42,Tree (Standing Only),1,Clear,1
13,Georgia,131321,FULTON (121),SANDY SPRINGS,12,December,6,Friday,2024,17,5:00pm-5:59pm,2,Urban,3,Other Principal Arterial,33.96116111,-84.36568889,3,Dark - Lighted,8,Pedestrian,2,Rain,1
13,Georgia,131322,LOWNDES (185),VALDOSTA,12,December,6,Friday,2024,22,10:00pm-10:59pm,2,Urban,5,Major Collector,30.79831944,-83.27296389,2,Dark - Not Lighted,8,Pedestrian,10,Cloudy,1
13,Georgia,131323,GRADY (131),CAIRO,12,December,1,Sunday,2024,1,1:00am-1:59am,2,Urban,3,Other Principal Arterial,30.85039444,-84.19304722,2,Dark - Not Lighted,35,Embankment,10,Cloudy,1
13,Georgia,131324,RANDOLPH (243),BENEVOLENCE,12,December,1,Sunday,2024,20,8:00pm-8:59pm,1,Rural,3,Other Principal Arterial,31.86436667,-84.78327778,2,Dark - Not Lighted,24,Guardrail Face,1,Clear,1
13,Georgia,131325,COBB (67),Not Reported,12,December,6,Friday,2024,18,6:00pm-6:59pm,2,Urban,4,Minor Arterial,34.03780278,-84.52811667,2,Dark - Not Lighted,8,Pedestrian,2,Rain,1
13,Georgia,131327,WARE (299),Not Reported,12,December,6,Friday,2024,18,6:00pm-6:59pm,2,Urban,3,Other Principal Arterial,31.19809167,-82.3047,2,Dark - Not Lighted,12,Motor Vehicle In-Transport,10,Cloudy,2
13,Georgia,131328,CATOOSA (47),FORT OGLETHORPE,12,December,1,Sunday,2024,0,0:00am-0:59am,2,Urban,1,Interstate,34.96280278,-85.184975,2,Dark - Not Lighted,8,Pedestrian,2,Rain,1
13,Georgia,131329,CHATHAM (51),SAVANNAH,11,November,7,Saturday,2024,16,4:00pm-4:59pm,2,Urban,4,Minor Arterial,32.00925278,-81.10003056,1,Daylight,8,Pedestrian,1,Clear,1
13,Georgia,131330,DOUGLAS (97),DOUGLASVILLE,12,December,4,Wednesday,2024,3,3:00am-3:59am,2,Urban,4,Minor Arterial,33.71965833,-84.72238056,2,Dark - Not Lighted,12,Motor Vehicle In-Transport,1,Clear,2
13,Georgia,131331,WILKINSON (319),Not Reported,12,December,2,Monday,2024,5,5:00am-5:59am,1,Rural,3,Other Principal Arterial,32.68583333,-83.08591111,2,Dark - Not Lighted,12,Motor Vehicle In-Transport,1,Clear,2
13,Georgia,131332,FULTON (121),Other,12,December,1,Sunday,2024,7,7:00am-7:59am,2,Urban,1,Interstate,33.594175,-84.49803333,4,Dawn,12,Motor Vehicle In-Transport,2,Rain,1
13,Georgia,131333,GWINNETT (135),LILBURN,12,December,2,Monday,2024,17,5:00pm-5:59pm,2,Urban,7,Local,33.84399722,-84.09709444,2,Dark - Not Lighted,8,Pedestrian,1,Clear,1
13,Georgia,131334,THOMAS (275),Not Reported,12,December,2,Monday,2024,19,7:00pm-7:59pm,1,Rural,3,Other Principal Arterial,30.93212778,-84.00247778,2,Dark - Not Lighted,8,Pedestrian,1,Clear,1
13,Georgia,131335,TALIAFERRO (265),Not Reported,12,December,3,Tuesday,2024,13,1:00pm-1:59pm,1,Rural,1,Interstate,33.50894722,-82.84038611,1,Daylight,32,Culvert,1,Clear,1
13,Georgia,131336,DEKALB (89),PANTHERSVILLE,12,December,7,Saturday,2024,18,6:00pm-6:59pm,2,Urban,4,Minor Arterial,33.69276667,-84.26053333,3,Dark - Lighted,8,Pedestrian,5,"Fog, Smog, Smoke",1
13,Georgia,131337,CLAYTON (63),MORROW,11,November,3,Tuesday,2024,10,10:00am-10:59am,2,Urban,1,Interstate,33.56616111,-84.322025,1,Daylight,25,Concrete Traffic Barrier,2,Rain,1
13,Georgia,131338,WAYNE (305),SCREVEN,12,December,7,Saturday,2024,13,1:00pm-1:59pm,1,Rural,3,Other Principal Arterial,31.474525,-82.03380278,1,Daylight,42,Tree (Standing Only),1,Clear,1
13,Georgia,131339,THOMAS (275),COOLIDGE,12,December,2,Monday,2024,8,8:00am-8:59am,1,Rural,3,Other Principal Arterial,30.95040278,-83.89799167,1,Daylight,42,Tree (Standing Only),1,Clear,2
13,Georgia,131340,PAULDING (223),DALLAS,12,December,5,Thursday,2024,21,9:00pm-9:59pm,1,Rural,5,Major Collector,33.99460556,-84.92381111,2,Dark - Not Lighted,1,Rollover/Overturn,2,Rain,1
13,Georgia,131341,GWINNETT (135),LAWRENCEVILLE,12,December,7,Saturday,2024,2,2:00am-2:59am,2,Urban,1,Interstate,33.97146111,-84.00943333,2,Dark - Not Lighted,12,Motor Vehicle In-Transport,2,Rain,1
13,Georgia,131342,HART (147),HARTWELL,12,December,1,Sunday,2024,18,6:00pm-6:59pm,1,Rural,6,Minor Collector,34.4208,-82.90069722,2,Dark - Not Lighted,1,Rollover/Overturn,1,Clear,1
13,Georgia,131343,CHATHAM (51),Not Reported,11,November,5,Thursday,2024,19,7:00pm-7:59pm,2,Urban,1,Interstate,32.007725,-81.28032778,2,Dark - Not Lighted,8,Pedestrian,10,Cloudy,1
13,Georgia,131344,FAYETTE (113),FAYETTEVILLE,12,December,5,Thursday,2024,19,7:00pm-7:59pm,2,Urban,3,Other Principal Arterial,33.45100556,-84.43501111,3,Dark - Lighted,8,Pedestrian,1,Clear,1
13,Georgia,131345,CLAYTON (63),RIVERDALE,12,December,2,Monday,2024,0,0:00am-0:59am,2,Urban,4,Minor Arterial,33.5955,-84.42896389,2,Dark - Not Lighted,8,Pedestrian,1,Clear,1
13,Georgia,131346,CHATHAM (51),Not Reported,11,November,7,Saturday,2024,18,6:00pm-6:59pm,2,Urban,3,Other Principal Arterial,32.089575,-81.12333611,3,Dark - Lighted,8,Pedestrian,1,Clear,1
13,Georgia,131347,GLYNN (127),SAINT SIMONS ISLAND,12,December,1,Sunday,2024,8,8:00am-8:59am,2,Urban,4,Minor Arterial,31.14769167,-81.39865556,1,Daylight,42,Tree (Standing Only),1,Clear,1
13,Georgia,131348,FULTON (121),ALPHARETTA,12,December,6,Friday,2024,14,2:00pm-2:59pm,2,Urban,1,Interstate,34.03751111,-84.31308333,1,Daylight,52,Guardrail End,10,Cloudy,1
13,Georgia,131349,CARROLL (45),VILLA RICA,12,December,1,Sunday,2024,21,9:00pm-9:59pm,1,Rural,3,Other Principal Arterial,33.70702222,-84.93799444,2,Dark - Not Lighted,8,Pedestrian,1,Clear,1
13,Georgia,131350,DEKALB (89),CHAMBLEE,12,December,1,Sunday,2024,1,1:00am-1:59am,2,Urban,3,Other Principal Arterial,33.88556389,-84.28828333,3,Dark - Lighted,12,Motor Vehicle In-Transport,10,Cloudy,1
13,Georgia,131351,CRISP (81),CORDELE,12,December,4,Wednesday,2024,5,5:00am-5:59am,1,Rural,1,Interstate,31.90967222,-83.73891944,2,Dark - Not Lighted,12,Motor Vehicle In-Transport,5,"Fog, Smog, Smoke",1
13,Georgia,131352,COBB (67),POWDER SPRINGS,12,December,2,Monday,2024,21,9:00pm-9:59pm,2,Urban,3,Other Principal Arterial,33.87595,-84.70663056,2,Dark - Not Lighted,8,Pedestrian,10,Cloudy,1
13,Georgia,131353,NEWTON (217),COVINGTON,11,November,5,Thursday,2024,13,1:00pm-1:59pm,2,Urban,7,Local,33.56383611,-83.83084722,1,Daylight,42,Tree (Standing Only),1,Clear,1
13,Georgia,131354,DAWSON (85),DAWSONVILLE,12,December,2,Monday,2024,12,12:00pm-12:59pm,1,Rural,3,Other Principal Arterial,34.37900278,-84.02441944,1,Daylight,12,Motor Vehicle In-Transport,10,Cloudy,1
13,Georgia,131355,TALBOT (263),Not Reported,12,December,3,Tuesday,2024,17,5:00pm-5:59pm,1,Rural,3,Other Principal Arterial,32.55370278,-84.66350278,1,Daylight,12,Motor Vehicle In-Transport,1,Clear,1
13,Georgia,131356,MILLER (201),Other,12,December,5,Thursday,2024,17,5:00pm-5:59pm,1,Rural,4,Minor Arterial,31.09410833,-84.86605278,5,Dusk,8,Pedestrian,10,Cloudy,1
13,Georgia,131357,DEKALB (89),PANTHERSVILLE,11,November,6,Friday,2024,20,8:00pm-8:59pm,2,Urban,4,Minor Arterial,33.69285556,-84.26069722,3,Dark - Lighted,12,Motor Vehicle In-Transport,1,Clear,1
13,Georgia,131358,IRWIN (155),Other,9,September,5,Thursday,2024,4,4:00am-4:59am,1,Rural,7,Local,31.66565,-83.11123056,2,Dark - Not Lighted,10,Railway Vehicle,2,Rain,1
13,Georgia,131359,COWETA (77),SENOIA,10,October,4,Wednesday,2024,12,12:00pm-12:59pm,2,Urban,7,Local,33.2965,-84.5621,1,Daylight,33,Curb,1,Clear,1
13,Georgia,131360,LEE (177),LEESBURG,12,December,2,Monday,2024,11,11:00am-11:59am,1,Rural,4,Minor Arterial,31.67408611,-84.07638611,1,Daylight,12,Motor Vehicle In-Transport,10,Cloudy,1
13,Georgia,131361,DOUGLAS (97),DOUGLASVILLE,12,December,3,Tuesday,2024,6,6:00am-6:59am,2,Urban,1,Interstate,33.72490278,-84.772,2,Dark - Not Lighted,15,Non-Motorist on Personal Conveyance,1,Clear,1
13,Georgia,131362,BIBB (21),MACON,11,November,6,Friday,2024,14,2:00pm-2:59pm,2,Urban,4,Minor Arterial,32.87508889,-83.71071667,1,Daylight,10,Railway Vehicle,1,Clear,1
13,Georgia,131363,JACKSON (157),COMMERCE,11,November,7,Saturday,2024,2,2:00am-2:59am,2,Urban,3,Other Principal Arterial,34.21170833,-83.44048333,2,Dark - Not Lighted,52,Guardrail End,1,Clear,1
13,Georgia,131364,BIBB (21),MACON,11,November,4,Wednesday,2024,17,5:00pm-5:59pm,2,Urban,5,Major Collector,32.8165,-83.5472,5,Dusk,8,Pedestrian,1,Clear,1
13,Georgia,131365,CLAYTON (63),Other,12,December,3,Tuesday,2024,7,7:00am-7:59am,2,Urban,4,Minor Arterial,33.59423889,-84.44728611,1,Daylight,12,Motor Vehicle In-Transport,1,Clear,1
13,Georgia,131366,HALL (139),GAINESVILLE,1,January,2,Monday,2024,16,4:00pm-4:59pm,2,Urban,4,Minor Arterial,34.37666667,-83.88978333,1,Daylight,12,Motor Vehicle In-Transport,10,Cloudy,1