STATE,STATENAME,ST_CASE,COUNTYNAME,CITYNAME,MONTH,MONTHNAME,DAY_WEEK,DAY_WEEKNAME,YEAR,HOUR,HOURNAME,RUR_URB,RUR_URBNAME,FUNC_SYS,FUNC_SYSNAME,LATITUDE,LONGITUD,LGT_COND,LGT_CONDNAME,HARM_EV,HARM_EVNAME,WEATHER,WEATHERNAME,FATALS
22,Louisiana,220116,VERNON (115),NOT APPLICABLE,3,March,2,Monday,2024,7,7:00am-7:59am,1,Rural,4,Minor Arterial,30.90085,-93.30045833,2,Dark - Not Lighted,12,Motor Vehicle In-Transport,1,Clear,1
22,Louisiana,220117,EAST BATON ROUGE (33),NOT APPLICABLE,3,March,6,Friday,2024,13,1:00pm-1:59pm,1,Rural,5,Major Collector,30.66013611,-90.92906944,1,Daylight,16,Thrown or Falling Object,2,Rain,1
22,Louisiana,220118,ST. CHARLES (89),NOT APPLICABLE,3,March,1,Sunday,2024,17,5:00pm-5:59pm,1,Rural,7,Local,29.80803611,-90.42321667,1,Daylight,5,Fell/Jumped from Vehicle,1,Clear,1
22,Louisiana,220119,ST. JAMES (93),NOT APPLICABLE,4,April,2,Monday,2024,2,2:00am-2:59am,1,Rural,5,Major Collector,30.00561944,-90.73413056,2,Dark - Not Lighted,42,Tree (Standing Only),1,Clear,1
22,Louisiana,220120,ST. TAMMANY (103),SLIDELL,4,April,2,Monday,2024,10,10:00am-10:59am,2,Urban,3,Other Principal Arterial,30.28633889,-89.77961389,1,Daylight,10,Railway Vehicle,1,Clear,1
22,Louisiana,220121,LAFAYETTE (55),NOT APPLICABLE,4,April,5,Thursday,2024,16,4:00pm-4:59pm,2,Urban,1,Interstate,30.24747222,-92.17003056,1,Daylight,12,Motor Vehicle In-Transport,1,Clear,1
22,Louisiana,220122,ORLEANS (71),NEW ORLEANS,4,April,7,Saturday,2024,5,5:00am-5:59am,2,Urban,4,Minor Arterial,29.99220833,-90.07685833,3,Dark - Lighted,21,Bridge Pier or Support,1,Clear,1
22,Louisiana,220123,ST. TAMMANY (103),NOT APPLICABLE,2,February,2,Monday,2024,13,1:00pm-1:59pm,2,Urban,1,Interstate,30.43260556,-90.09771667,1,Daylight,8,Pedestrian,1,Clear,1
22,Louisiana,220124,ST. HELENA (91),NOT APPLICABLE,3,March,7,Saturday,2024,13,1:00pm-1:59pm,1,Rural,4,Minor Arterial,30.71134722,-90.57815833,1,Daylight,59,Traffic Sign Support,1,Clear,1
22,Louisiana,220125,TERREBONNE (109),NOT APPLICABLE,4,April,4,Wednesday,2024,17,5:00pm-5:59pm,2,Urban,5,Major Collector,29.66176389,-90.7159,1,Daylight,12,Motor Vehicle In-Transport,1,Clear,1
22,Louisiana,220126,IBERIA (45),NOT APPLICABLE,4,April,2,Monday,2024,6,6:00am-6:59am,2,Urban,3,Other Principal Arterial,29.94416389,-91.77744167,4,Dawn,9,Pedalcyclist,10,Cloudy,1
22,Louisiana,220127,AVOYELLES (9),NOT APPLICABLE,4,April,5,Thursday,2024,22,10:00pm-10:59pm,2,Urban,4,Minor Arterial,31.13786389,-92.08990833,2,Dark - Not Lighted,8,Pedestrian,1,Clear,1
22,Louisiana,220128,CADDO (17),SHREVEPORT,4,April,7,Saturday,2024,21,9:00pm-9:59pm,2,Urban,7,Local,32.40924167,-93.74258611,2,Dark - Not Lighted,5,Fell/Jumped from Vehicle,1,Clear,1
22,Louisiana,220129,LAFAYETTE (55),LAFAYETTE,4,April,6,Friday,2024,0,0:00am-0:59am,2,Urban,3,Other Principal Arterial,30.217075,-92.00441111,2,Dark - Not Lighted,8,Pedestrian,1,Clear,1
22,Louisiana,220130,ST. JOHN THE BAPTIST (95),NOT APPLICABLE,2,February,6,Friday,2024,14,2:00pm-2:59pm,2,Urban,5,Major Collector,30.05053611,-90.53770833,1,Daylight,12,Motor Vehicle In-Transport,1,Clear,1
22,Louisiana,220131,AVOYELLES (9),NOT APPLICABLE,3,March,6,Friday,2024,17,5:00pm-5:59pm,1,Rural,4,Minor Arterial,31.03518333,-91.95035278,1,Daylight,12,Motor Vehicle In-Transport,1,Clear,1
22,Louisiana,220132,CALCASIEU (19),NOT APPLICABLE,3,March,7,Saturday,2024,21,9:00pm-9:59pm,2,Urban,5,Major Collector,30.24233333,-93.15035278,2,Dark - Not Lighted,53,Mail Box,1,Clear,1
22,Louisiana,220133,ST. LANDRY (97),NOT APPLICABLE,4,April,4,Wednesday,2024,1,1:00am-1:59am,1,Rural,1,Interstate,30.60886944,-92.04665278,2,Dark - Not Lighted,8,Pedestrian,1,Clear,2
22,Louisiana,220134,ST. MARTIN (99),NOT APPLICABLE,4,April,1,Sunday,2024,3,3:00am-3:59am,1,Rural,7,Local,30.39641944,-91.89000278,2,Dark - Not Lighted,12,Motor Vehicle In-Transport,1,Clear,1
22,Louisiana,220135,OUACHITA (73),NOT APPLICABLE,4,April,2,Monday,2024,20,8:00pm-8:59pm,1,Rural,6,Minor Collector,32.36595556,-92.07113056,2,Dark - Not Lighted,34,Ditch,1,Clear,1
22,Louisiana,220136,EAST CARROLL (35),NOT APPLICABLE,4,April,2,Monday,2024,23,11:00pm-11:59pm,1,Rural,3,Other Principal Arterial,32.60992778,-91.18275833,2,Dark - Not Lighted,11,Live Animal,1,Clear,1
22,Louisiana,220138,TANGIPAHOA (105),NOT APPLICABLE,1,January,7,Saturday,2024,0,0:00am-0:59am,2,Urban,6,Minor Collector,30.51916667,-90.553425,2,Dark - Not Lighted,34,Ditch,2,Rain,2
22,Louisiana,220139,ST. TAMMANY (103),NOT APPLICABLE,2,February,2,Monday,2024,19,7:00pm-7:59pm,1,Rural,6,Minor Collector,30.57356111,-90.24376389,2,Dark - Not Lighted,59,Traffic Sign Support,1,Clear,1
22,Louisiana,220140,LIVINGSTON (63),LIVINGSTON,3,March,5,Thursday,2024,9,9:00am-9:59am,2,Urban,1,Interstate,30.47188611,-90.74926667,1,Daylight,14,Parked Motor Vehicle,1,Clear,1
22,Louisiana,220141,AVOYELLES (9),NOT APPLICABLE,3,March,6,Friday,2024,11,11:00am-11:59am,1,Rural,5,Major Collector,31.14910278,-92.07225,1,Daylight,12,Motor Vehicle In-Transport,1,Clear,1
22,Louisiana,220142,RAPIDES (79),NOT APPLICABLE,3,March,7,Saturday,2024,9,9:00am-9:59am,1,Rural,3,Other Principal Arterial,31.27214444,-92.72605833,1,Daylight,12,Motor Vehicle In-Transport,1,Clear,1
22,Louisiana,220143,VERNON (115),NOT APPLICABLE,4,April,2,Monday,2024,6,6:00am-6:59am,1,Rural,7,Local,31.18175278,-92.88034167,4,Dawn,34,Ditch,2,Rain,1
22,Louisiana,220144,WEST BATON ROUGE (121),NOT APPLICABLE,3,March,3,Tuesday,2024,0,0:00am-0:59am,2,Urban,5,Major Collector,30.47746389,-91.23953889,2,Dark - Not Lighted,8,Pedestrian,1,Clear,1
22,Louisiana,220145,JEFFERSON DAVIS (53),NOT APPLICABLE,3,March,1,Sunday,2024,3,3:00am-3:59am,1,Rural,7,Local,30.29924722,-92.6883,2,Dark - Not Lighted,1,Rollover/Overturn,10,Cloudy,1
22,Louisiana,220146,IBERVILLE (47),NOT APPLICABLE,3,March,5,Thursday,2024,4,4:00am-4:59am,1,Rural,6,Minor Collector,30.25458889,-91.11756389,2,Dark - Not Lighted,1,Rollover/Overturn,1,Clear,1
22,Louisiana,220147,TANGIPAHOA (105),HAMMOND,4,April,7,Saturday,2024,21,9:00pm-9:59pm,2,Urban,4,Minor Arterial,30.51833611,-90.46154722,2,Dark - Not Lighted,8,Pedestrian,1,Clear,1
22,Louisiana,220148,LAFAYETTE (55),LAFAYETTE,5,May,5,Thursday,2024,10,10:00am-10:59am,2,Urban,7,Local,30.21917222,-92.00268056,1,Daylight,12,Motor Vehicle In-Transport,2,Rain,1
22,Louisiana,220149,RAPIDES (79),ALEXANDRIA,5,May,7,Saturday,2024,8,8:00am-8:59am,2,Urban,3,Other Principal Arterial,31.30338333,-92.44692778,1,Daylight,24,Guardrail Face,1,Clear,1
22,Louisiana,220150,TERREBONNE (109),HOUMA,4,April,4,Wednesday,2024,8,8:00am-8:59am,2,Urban,4,Minor Arterial,29.581975,-90.72169722,1,Daylight,12,Motor Vehicle In-Transport,2,Rain,1
22,Louisiana,220151,ORLEANS (71),NEW ORLEANS,4,April,7,Saturday,2024,20,8:00pm-8:59pm,2,Urban,5,Major Collector,30.03095,-89.99011667,2,Dark - Not Lighted,8,Pedestrian,1,Clear,1
22,Louisiana,220152,RAPIDES (79),ALEXANDRIA,4,April,1,Sunday,2024,21,9:00pm-9:59pm,2,Urban,6,Minor Collector,31.32701944,-92.4819,2,Dark - Not Lighted,8,Pedestrian,1,Clear,1
22,Louisiana,220153,CADDO (17),SHREVEPORT,4,April,3,Tuesday,2024,11,11:00am-11:59am,2,Urban,6,Minor Collector,32.44007778,-93.79727778,1,Daylight,12,Motor Vehicle In-Transport,1,Clear,1
22,Louisiana,220154,CADDO (17),SHREVEPORT,5,May,6,Friday,2024,16,4:00pm-4:59pm,2,Urban,4,Minor Arterial,32.48931111,-93.797225,1,Daylight,12,Motor Vehicle In-Transport,1,Clear,1
22,Louisiana,220155,JEFFERSON (51),NOT APPLICABLE,4,April,3,Tuesday,2024,23,11:00pm-11:59pm,1,Rural,3,Other Principal Arterial,29.925,-90.167475,3,Dark - Lighted,21,Bridge Pier or Support,1,Clear,1
22,Louisiana,220156,LAFAYETTE (55),LAFAYETTE,4,April,4,Wednesday,2024,20,8:00pm-8:59pm,2,Urban,3,Other Principal Arterial,30.25188611,-92.01400556,3,Dark - Lighted,9,Pedalcyclist,1,Clear,1
22,Louisiana,220157,WEBSTER (119),MINDEN,4,April,2,Monday,2024,22,10:00pm-10:59pm,2,Urban,5,Major Collector,32.61261944,-93.28265556,2,Dark - Not Lighted,43,Other Fixed Object,1,Clear,1
22,Louisiana,220158,EAST BATON ROUGE (33),NOT APPLICABLE,5,May,5,Thursday,2024,12,12:00pm-12:59pm,1,Rural,7,Local,30.50137222,-91.12080556,1,Daylight,12,Motor Vehicle In-Transport,10,Cloudy,1
22,Louisiana,220159,LAFAYETTE (55),LAFAYETTE,5,May,5,Thursday,2024,19,7:00pm-7:59pm,2,Urban,3,Other Principal Arterial,30.16683611,-92.060925,3,Dark - Lighted,12,Motor Vehicle In-Transport,1,Clear,1
22,Louisiana,220160,GRANT (43),NOT APPLICABLE,5,May,7,Saturday,2024,3,3:00am-3:59am,1,Rural,5,Major Collector,31.51656111,-92.40816389,2,Dark - Not Lighted,12,Motor Vehicle In-Transport,5,"Fog, Smog, Smoke",1
22,Louisiana,220161,CADDO (17),SHREVEPORT,5,May,5,Thursday,2024,20,8:00pm-8:59pm,2,Urban,2,Other Freeways and Expressways,32.41561667,-93.73606944,3,Dark - Lighted,30,Utility Pole/Light Support,2,Rain,1
22,Louisiana,220162,ST. CHARLES (89),NOT APPLICABLE,2,February,2,Monday,2024,9,9:00am-9:59am,2,Urban,3,Other Principal Arterial,29.97859722,-90.33053056,1,Daylight,12,Motor Vehicle In-Transport,1,Clear,1
22,Louisiana,220163,LIVINGSTON (63),NOT APPLICABLE,2,February,7,Saturday,2024,2,2:00am-2:59am,2,Urban,4,Minor Arterial,30.50281111,-90.92249444,2,Dark - Not Lighted,9,Pedalcyclist,1,Clear,1
22,Louisiana,220164,WEST BATON ROUGE (121),NOT APPLICABLE,2,February,7,Saturday,2024,5,5:00am-5:59am,1,Rural,3,Other Principal Arterial,30.50233056,-91.31647222,2,Dark - Not Lighted,12,Motor Vehicle In-Transport,1,Clear,2
22,Louisiana,220165,TANGIPAHOA (105),NOT APPLICABLE,3,March,2,Monday,2024,6,6:00am-6:59am,1,Rural,5,Major Collector,30.61565,-90.39836389,4,Dawn,9,Pedalcyclist,1,Clear,1
22,Louisiana,220166,JACKSON (49),NOT APPLICABLE,4,April,6,Friday,2024,13,1:00pm-1:59pm,1,Rural,5,Major Collector,32.41110833,-92.57005,1,Daylight,34,Ditch,10,Cloudy,1
22,Louisiana,220167,MOREHOUSE (67),NOT APPLICABLE,4,April,7,Saturday,2024,6,6:00am-6:59am,1,Rural,3,Other Principal Arterial,32.82290833,-91.88808889,2,Dark - Not Lighted,9,Pedalcyclist,2,Rain,1
22,Louisiana,220168,EAST BATON ROUGE (33),NOT APPLICABLE,4,April,1,Sunday,2024,0,0:00am-0:59am,2,Urban,3,Other Principal Arterial,30.37316667,-91.07140833,2,Dark - Not Lighted,12,Motor Vehicle In-Transport,10,Cloudy,1
22,Louisiana,220169,ORLEANS (71),NEW ORLEANS,5,May,5,Thursday,2024,16,4:00pm-4:59pm,2,Urban,1,Interstate,29.99286111,-90.08534722,1,Daylight,12,Motor Vehicle In-Transport,1,Clear,1
22,Louisiana,220170,ACADIA (1),NOT APPLICABLE,1,January,6,Friday,2024,0,0:00am-0:59am,1,Rural,6,Minor Collector,30.46561389,-92.41458333,2,Dark - Not Lighted,53,Mail Box,1,Clear,1
22,Louisiana,220171,CALCASIEU (19),SULPHUR,2,February,5,Thursday,2024,19,7:00pm-7:59pm,2,Urban,7,Local,30.22245278,-93.37627222,3,Dark - Lighted,8,Pedestrian,1,Clear,1
22,Louisiana,220172,OUACHITA (73),MONROE,3,March,3,Tuesday,2024,22,10:00pm-10:59pm,2,Urban,3,Other Principal Arterial,32.52254722,-92.08013333,3,Dark - Lighted,8,Pedestrian,1,Clear,1
22,Louisiana,220173,JEFFERSON (51),NOT APPLICABLE,3,March,1,Sunday,2024,23,11:00pm-11:59pm,1,Rural,5,Major Collector,29.70127222,-90.10035,2,Dark - Not Lighted,30,Utility Pole/Light Support,10,Cloudy,1
22,Louisiana,220174,BIENVILLE (13),RINGGOLD,3,March,4,Wednesday,2024,21,9:00pm-9:59pm,1,Rural,4,Minor Arterial,32.32028889,-93.27991389,2,Dark - Not Lighted,8,Pedestrian,1,Clear,1
22,Louisiana,220175,LIVINGSTON (63),NOT APPLICABLE,4,April,7,Saturday,2024,15,3:00pm-3:59pm,2,Urban,6,Minor Collector,30.41691944,-90.86845,1,Daylight,42,Tree (Standing Only),1,Clear,1
22,Louisiana,220176,ST. MARTIN (99),NOT APPLICABLE,4,April,5,Thursday,2024,21,9:00pm-9:59pm,1,Rural,7,Local,30.27923889,-91.83970833,2,Dark - Not Lighted,9,Pedalcyclist,1,Clear,1
22,Louisiana,220177,VERNON (115),NOT APPLICABLE,4,April,7,Saturday,2024,10,10:00am-10:59am,1,Rural,3,Other Principal Arterial,31.06636667,-93.27348333,1,Daylight,12,Motor Vehicle In-Transport,1,Clear,1
22,Louisiana,220178,ST. JOHN THE BAPTIST (95),NOT APPLICABLE,4,April,2,Monday,2024,19,7:00pm-7:59pm,1,Rural,5,Major Collector,30.04289167,-90.62751667,5,Dusk,12,Motor Vehicle In-Transport,1,Clear,1
22,Louisiana,220179,ORLEANS (71),NEW ORLEANS,2,February,5,Thursday,2024,20,8:00pm-8:59pm,2,Urban,7,Local,29.98443889,-90.03075278,3,Dark - Lighted,8,Pedestrian,99,Reported as Unknown,1
22,Louisiana,220180,BOSSIER (15),SHREVEPORT,3,March,5,Thursday,2024,10,10:00am-10:59am,2,Urban,7,Local,32.46885278,-93.687325,1,Daylight,12,Motor Vehicle In-Transport,1,Clear,1
22,Louisiana,220181,LIVINGSTON (63),NOT APPLICABLE,3,March,5,Thursday,2024,13,1:00pm-1:59pm,1,Rural,5,Major Collector,30.54517222,-90.96975278,1,Daylight,42,Tree (Standing Only),10,Cloudy,1
22,Louisiana,220182,ST. TAMMANY (103),SLIDELL,5,May,1,Sunday,2024,19,7:00pm-7:59pm,2,Urban,4,Minor Arterial,30.27111389,-89.78047778,3,Dark - Lighted,59,Traffic Sign Support,1,Clear,1
22,Louisiana,220183,VERMILION (113),ABBEVILLE,5,May,4,Wednesday,2024,21,9:00pm-9:59pm,2,Urban,3,Other Principal Arterial,29.969925,-92.09368889,2,Dark - Not Lighted,9,Pedalcyclist,1,Clear,1
22,Louisiana,220184,TANGIPAHOA (105),NOT APPLICABLE,4,April,4,Wednesday,2024,10,10:00am-10:59am,2,Urban,4,Minor Arterial,30.43880556,-90.46852778,1,Daylight,12,Motor Vehicle In-Transport,2,Rain,1
22,Louisiana,220185,TERREBONNE (109),NOT APPLICABLE,4,April,3,Tuesday,2024,20,8:00pm-8:59pm,2,Urban,4,Minor Arterial,29.58025278,-90.65715833,3,Dark - Lighted,12,Motor Vehicle In-Transport,1,Clear,1
22,Louisiana,220186,OUACHITA (73),STERLINGTON,5,May,2,Monday,2024,21,9:00pm-9:59pm,1,Rural,4,Minor Arterial,32.68481667,-92.05479167,2,Dark - Not Lighted,12,Motor Vehicle In-Transport,10,Cloudy,1
22,Louisiana,220187,CALCASIEU (19),LAKE CHARLES,5,May,4,Wednesday,2024,16,4:00pm-4:59pm,2,Urban,1,Interstate,30.19646667,-93.25834167,1,Daylight,12,Motor Vehicle In-Transport,1,Clear,3
22,Louisiana,220188,ACADIA (1),CROWLEY,4,April,6,Friday,2024,14,2:00pm-2:59pm,2,Urban,7,Local,30.21135,-92.38388889,1,Daylight,12,Motor Vehicle In-Transport,1,Clear,1
22,Louisiana,220189,ST. TAMMANY (103),NOT APPLICABLE,4,April,3,Tuesday,2024,6,6:00am-6:59am,1,Rural,1,Interstate,30.34185833,-89.90106667,4,Dawn,12,Motor Vehicle In-Transport,1,Clear,1
22,Louisiana,220190,RICHLAND (83),NOT APPLICABLE,5,May,3,Tuesday,2024,14,2:00pm-2:59pm,1,Rural,1,Interstate,32.48065,-91.88591667,1,Daylight,42,Tree (Standing Only),1,Clear,1
22,Louisiana,220191,UNION (111),NOT APPLICABLE,5,May,1,Sunday,2024,22,10:00pm-10:59pm,1,Rural,4,Minor Arterial,32.71041667,-92.21586667,2,Dark - Not Lighted,12,Motor Vehicle In-Transport,2,Rain,1
22,Louisiana,220192,ST. TAMMANY (103),PEARL RIVER,5,May,7,Saturday,2024,16,4:00pm-4:59pm,2,Urban,1,Interstate,30.3603,-89.74185278,1,Daylight,12,Motor Vehicle In-Transport,1,Clear,1
22,Louisiana,220193,OUACHITA (73),MONROE,3,March,1,Sunday,2024,5,5:00am-5:59am,2,Urban,3,Other Principal Arterial,32.51442222,-92.11166389,1,Daylight,12,Motor Vehicle In-Transport,1,Clear,1
22,Louisiana,220194,ST. HELENA (91),NOT APPLICABLE,3,March,7,Saturday,2024,21,9:00pm-9:59pm,1,Rural,7,Local,30.85348056,-90.72420833,2,Dark - Not Lighted,1,Rollover/Overturn,1,Clear,1
22,Louisiana,220195,ST. TAMMANY (103),NOT APPLICABLE,5,May,7,Saturday,2024,2,2:00am-2:59am,1,Rural,4,Minor Arterial,30.273275,-89.71845833,2,Dark - Not Lighted,33,Curb,1,Clear,1
22,Louisiana,220196,JACKSON (49),NOT APPLICABLE,5,May,1,Sunday,2024,19,7:00pm-7:59pm,1,Rural,6,Minor Collector,32.26766111,-92.68593333,2,Dark - Not Lighted,18,Other Object (not fixed),2,Rain,1
22,Louisiana,220197,CADDO (17),SHREVEPORT,5,May,1,Sunday,2024,20,8:00pm-8:59pm,2,Urban,3,Other Principal Arterial,32.54638333,-93.77726389,2,Dark - Not Lighted,8,Pedestrian,1,Clear,1
22,Louisiana,220198,CADDO (17),SHREVEPORT,5,May,1,Sunday,2024,14,2:00pm-2:59pm,2,Urban,7,Local,32.46615278,-93.76314167,1,Daylight,30,Utility Pole/Light Support,1,Clear,1
22,Louisiana,220199,GRANT (43),NOT APPLICABLE,3,March,7,Saturday,2024,20,8:00pm-8:59pm,1,Rural,7,Local,31.54832222,-92.44453333,2,Dark - Not Lighted,53,Mail Box,1,Clear,1
22,Louisiana,220200,TANGIPAHOA (105),NOT APPLICABLE,3,March,1,Sunday,2024,2,2:00am-2:59am,1,Rural,5,Major Collector,30.59283056,-90.44579167,2,Dark - Not Lighted,8,Pedestrian,1,Clear,1
22,Louisiana,220201,BIENVILLE (13),NOT APPLICABLE,4,April,6,Friday,2024,23,11:00pm-11:59pm,1,Rural,6,Minor Collector,32.23166944,-93.18984722,2,Dark - Not Lighted,35,Embankment,1,Clear,1
22,Louisiana,220202,LA SALLE (59),URANIA,5,May,4,Wednesday,2024,10,10:00am-10:59am,1,Rural,3,Other Principal Arterial,31.85306111,-92.28128611,1,Daylight,12,Motor Vehicle In-Transport,1,Clear,2
22,Louisiana,220203,CADDO (17),NOT APPLICABLE,5,May,6,Friday,2024,15,3:00pm-3:59pm,2,Urban,4,Minor Arterial,32.36875833,-93.64986389,1,Daylight,12,Motor Vehicle In-Transport,10,Cloudy,1
22,Louisiana,220204,LAFAYETTE (55),LAFAYETTE,6,June,6,Friday,2024,5,5:00am-5:59am,2,Urban,3,Other Principal Arterial,30.23296111,-92.01278611,3,Dark - Lighted,12,Motor Vehicle In-Transport,10,Cloudy,1
22,Louisiana,220205,BIENVILLE (13),ARCADIA,5,May,5,Thursday,2024,7,7:00am-7:59am,1,Rural,5,Major Collector,32.55905,-92.941325,1,Daylight,12,Motor Vehicle In-Transport,1,Clear,1
22,Louisiana,220208,WEST CARROLL (123),NOT APPLICABLE,6,June,4,Wednesday,2024,8,8:00am-8:59am,1,Rural,3,Other Principal Arterial,32.84345556,-91.39616944,1,Daylight,12,Motor Vehicle In-Transport,10,Cloudy,1
22,Louisiana,220209,TANGIPAHOA (105),HAMMOND,5,May,1,Sunday,2024,3,3:00am-3:59am,2,Urban,1,Interstate,30.47910833,-90.46245833,2,Dark - Not Lighted,8,Pedestrian,1,Clear,1
22,Louisiana,220210,ST. MARY (101),FRANKLIN,5,May,7,Saturday,2024,23,11:00pm-11:59pm,2,Urban,2,Other Freeways and Expressways,29.78394167,-91.52331111,2,Dark - Not Lighted,8,Pedestrian,1,Clear,1
22,Louisiana,220211,IBERVILLE (47),NOT APPLICABLE,4,April,2,Monday,2024,1,1:00am-1:59am,1,Rural,3,Other Principal Arterial,30.16650556,-91.13572778,2,Dark - Not Lighted,12,Motor Vehicle In-Transport,1,Clear,1
22,Louisiana,220212,JEFFERSON (51),GRETNA,2,February,2,Monday,2024,18,6:00pm-6:59pm,2,Urban,4,Minor Arterial,29.91990833,-90.04253611,3,Dark - Lighted,8,Pedestrian,1,Clear,1
22,Louisiana,220213,EAST FELICIANA (37),NOT APPLICABLE,3,March,6,Friday,2024,11,11:00am-11:59am,1,Rural,4,Minor Arterial,30.85846667,-91.04724167,1,Daylight,12,Motor Vehicle In-Transport,1,Clear,1
22,Louisiana,220214,ST. LANDRY (97),NOT APPLICABLE,5,May,7,Saturday,2024,1,1:00am-1:59am,1,Rural,7,Local,30.40870833,-91.89486667,3,Dark - Lighted,32,Culvert,1,Clear,1
22,Louisiana,220215,WEST BATON ROUGE (121),NOT APPLICABLE,3,March,3,Tuesday,2024,11,11:00am-11:59am,2,Urban,3,Other Principal Arterial,30.49914444,-91.24246667,1,Daylight,12,Motor Vehicle In-Transport,1,Clear,1
22,Louisiana,220216,EAST BATON ROUGE (33),BATON ROUGE,3,March,5,Thursday,2024,6,6:00am-6:59am,2,Urban,5,Major Collector,30.47631389,-91.08368333,4,Dawn,8,Pedestrian,1,Clear,1
22,Louisiana,220217,ORLEANS (71),NEW ORLEANS,4,April,2,Monday,2024,21,9:00pm-9:59pm,2,Urban,1,Interstate,29.95888611,-90.07768889,3,Dark - Lighted,8,Pedestrian,1,Clear,1
22,Louisiana,220218,BEAUREGARD (11),NOT APPLICABLE,4,April,6,Friday,2024,18,6:00pm-6:59pm,1,Rural,3,Other Principal Arterial,30.83926111,-93.5033,1,Daylight,42,Tree (Standing Only),1,Clear,1
22,Louisiana,220219,JEFFERSON (51),NOT APPLICABLE,4,April,3,Tuesday,2024,18,6:00pm-6:59pm,1,Rural,3,Other Principal Arterial,29.89999444,-90.07211667,1,Daylight,12,Motor Vehicle In-Transport,1,Clear,1
22,Louisiana,220220,LAFOURCHE (57),NOT APPLICABLE,5,May,1,Sunday,2024,1,1:00am-1:59am,1,Rural,4,Minor Arterial,29.90582778,-90.76411111,2,Dark - Not Lighted,34,Ditch,1,Clear,1
22,Louisiana,220221,VERNON (115),NOT APPLICABLE,5,May,5,Thursday,2024,15,3:00pm-3:59pm,1,Rural,6,Minor Collector,31.04608889,-93.4031,1,Daylight,42,Tree (Standing Only),1,Clear,1
22,Louisiana,220222,ST. BERNARD (87),NOT APPLICABLE,5,May,1,Sunday,2024,2,2:00am-2:59am,1,Rural,4,Minor Arterial,29.93048056,-89.94581389,2,Dark - Not Lighted,12,Motor Vehicle In-Transport,1,Clear,2
22,Louisiana,220223,ORLEANS (71),NEW ORLEANS,5,May,7,Saturday,2024,2,2:00am-2:59am,2,Urban,7,Local,29.95590278,-90.06353056,3,Dark - Lighted,33,Curb,1,Clear,1
22,Louisiana,220224,EAST BATON ROUGE (33),NOT APPLICABLE,3,March,3,Tuesday,2024,19,7:00pm-7:59pm,2,Urban,3,Other Principal Arterial,30.60386111,-91.11931111,2,Dark - Not Lighted,12,Motor Vehicle In-Transport,1,Clear,2
22,Louisiana,220225,WEST BATON ROUGE (121),NOT APPLICABLE,4,April,7,Saturday,2024,19,7:00pm-7:59pm,1,Rural,3,Other Principal Arterial,30.41433333,-91.22448056,3,Dark - Lighted,12,Motor Vehicle In-Transport,1,Clear,1
22,Louisiana,220226,TANGIPAHOA (105),NOT APPLICABLE,4,April,2,Monday,2024,17,5:00pm-5:59pm,2,Urban,4,Minor Arterial,30.50430278,-90.53341944,1,Daylight,12,Motor Vehicle In-Transport,1,Clear,1
22,Louisiana,220227,RAPIDES (79),NOT APPLICABLE,5,May,3,Tuesday,2024,23,11:00pm-11:59pm,2,Urban,4,Minor Arterial,31.30439167,-92.34566667,2,Dark - Not Lighted,12,Motor Vehicle In-Transport,10,Cloudy,1
22,Louisiana,220228,NATCHITOCHES (69),NOT APPLICABLE,6,June,7,Saturday,2024,14,2:00pm-2:59pm,1,Rural,1,Interstate,31.70091111,-93.13671389,1,Daylight,32,Culvert,1,Clear,1
22,Louisiana,220229,LIVINGSTON (63),NOT APPLICABLE,6,June,1,Sunday,2024,13,1:00pm-1:59pm,2,Urban,5,Major Collector,30.41192222,-90.77222222,1,Daylight,12,Motor Vehicle In-Transport,1,Clear,1
22,Louisiana,220231,CALCASIEU (19),LAKE CHARLES,5,May,4,Wednesday,2024,3,3:00am-3:59am,2,Urban,1,Interstate,30.23671389,-93.19064722,3,Dark - Lighted,24,Guardrail Face,10,Cloudy,1
22,Louisiana,220232,ORLEANS (71),NEW ORLEANS,5,May,6,Friday,2024,5,5:00am-5:59am,2,Urban,3,Other Principal Arterial,30.00244167,-90.05533889,2,Dark - Not Lighted,8,Pedestrian,1,Clear,1
22,Louisiana,220233,LINCOLN (61),NOT APPLICABLE,5,May,3,Tuesday,2024,7,7:00am-7:59am,1,Rural,1,Interstate,32.54335833,-92.72956667,9,Reported as Unknown,42,Tree (Standing Only),1,Clear,1
22,Louisiana,220234,OTHER (997),NOT APPLICABLE,4,April,7,Saturday,2024,10,10:00am-10:59am,1,Rural,1,Interstate,88.8888,888.8888,1,Daylight,12,Motor Vehicle In-Transport,1,Clear,1
22,Louisiana,220235,LINCOLN (61),DUBACH,4,April,7,Saturday,2024,12,12:00pm-12:59pm,2,Urban,3,Other Principal Arterial,32.70472222,-92.65653333,1,Daylight,12,Motor Vehicle In-Transport,10,Cloudy,1
22,Louisiana,220236,EVANGELINE (39),NOT APPLICABLE,6,June,7,Saturday,2024,22,10:00pm-10:59pm,1,Rural,7,Local,30.74991944,-92.31113333,2,Dark - Not Lighted,42,Tree (Standing Only),1,Clear,1
22,Louisiana,220237,ST. TAMMANY (103),NOT APPLICABLE,4,April,2,Monday,2024,18,6:00pm-6:59pm,2,Urban,1,Interstate,30.40695833,-90.02883333,5,Dusk,42,Tree (Standing Only),1,Clear,1
22,Louisiana,220238,LAFAYETTE (55),SCOTT,1,January,7,Saturday,2024,13,1:00pm-1:59pm,2,Urban,7,Local,30.24299444,-92.07196111,1,Daylight,5,Fell/Jumped from Vehicle,1,Clear,1