STATE,STATENAME,ST_CASE,COUNTYNAME,CITYNAME,MONTH,MONTHNAME,DAY_WEEK,DAY_WEEKNAME,YEAR,HOUR,HOURNAME,RUR_URB,RUR_URBNAME,FUNC_SYS,FUNC_SYSNAME,LATITUDE,LONGITUD,LGT_COND,LGT_CONDNAME,HARM_EV,HARM_EVNAME,WEATHER,WEATHERNAME,FATALS
22,Louisiana,220362,ORLEANS (71),NEW ORLEANS,8,August,1,Sunday,2024,5,5:00am-5:59am,2,Urban,1,Interstate,30.00016389,-90.041875,3,Dark - Lighted,42,Tree (Standing Only),1,Clear,2
22,Louisiana,220363,ST. MARTIN (99),NOT APPLICABLE,8,August,7,Saturday,2024,6,6:00am-6:59am,1,Rural,5,Major Collector,30.237075,-91.85418611,1,Daylight,35,Embankment,1,Clear,1
22,Louisiana,220364,ST. TAMMANY (103),NOT APPLICABLE,1,January,4,Wednesday,2024,7,7:00am-7:59am,1,Rural,4,Minor Arterial,30.52250278,-90.0748,1,Daylight,12,Motor Vehicle In-Transport,1,Clear,1
22,Louisiana,220365,IBERIA (45),JEANERETTE,3,March,7,Saturday,2024,9,9:00am-9:59am,2,Urban,7,Local,29.91285556,-91.67493611,1,Daylight,8,Pedestrian,1,Clear,1
22,Louisiana,220366,RAPIDES (79),ALEXANDRIA,3,March,6,Friday,2024,20,8:00pm-8:59pm,2,Urban,7,Local,31.31827222,-92.48923056,2,Dark - Not Lighted,8,Pedestrian,1,Clear,1
22,Louisiana,220367,ORLEANS (71),NEW ORLEANS,4,April,3,Tuesday,2024,7,7:00am-7:59am,2,Urban,7,Local,29.99807778,-90.07376389,1,Daylight,12,Motor Vehicle In-Transport,1,Clear,1
22,Louisiana,220368,BOSSIER (15),BOSSIER CITY,4,April,4,Wednesday,2024,12,12:00pm-12:59pm,2,Urban,3,Other Principal Arterial,32.53634722,-93.66383611,1,Daylight,12,Motor Vehicle In-Transport,1,Clear,1
22,Louisiana,220369,ASCENSION (5),DONALDSONVILLE,4,April,1,Sunday,2024,6,6:00am-6:59am,2,Urban,3,Other Principal Arterial,30.10356389,-91.00236667,1,Daylight,32,Culvert,1,Clear,1
22,Louisiana,220370,RAPIDES (79),ALEXANDRIA,5,May,1,Sunday,2024,20,8:00pm-8:59pm,2,Urban,5,Major Collector,31.27828333,-92.43977222,2,Dark - Not Lighted,8,Pedestrian,1,Clear,1
22,Louisiana,220371,EAST BATON ROUGE (33),BATON ROUGE,5,May,1,Sunday,2024,21,9:00pm-9:59pm,2,Urban,4,Minor Arterial,30.46990833,-91.16367778,3,Dark - Lighted,8,Pedestrian,10,Cloudy,1
22,Louisiana,220372,OUACHITA (73),WEST MONROE,5,May,2,Monday,2024,20,8:00pm-8:59pm,2,Urban,4,Minor Arterial,32.52854722,-92.14741667,2,Dark - Not Lighted,8,Pedestrian,1,Clear,1
22,Louisiana,220373,CADDO (17),SHREVEPORT,5,May,5,Thursday,2024,17,5:00pm-5:59pm,2,Urban,3,Other Principal Arterial,32.419875,-93.72171944,1,Daylight,33,Curb,2,Rain,1
22,Louisiana,220375,TANGIPAHOA (105),NOT APPLICABLE,5,May,1,Sunday,2024,23,11:00pm-11:59pm,1,Rural,7,Local,30.49928889,-90.54203889,2,Dark - Not Lighted,38,Fence,1,Clear,1
22,Louisiana,220376,ALLEN (3),NOT APPLICABLE,6,June,5,Thursday,2024,18,6:00pm-6:59pm,1,Rural,3,Other Principal Arterial,30.53044167,-92.82048889,1,Daylight,9,Pedalcyclist,1,Clear,1
22,Louisiana,220377,BEAUREGARD (11),NOT APPLICABLE,7,July,6,Friday,2024,17,5:00pm-5:59pm,1,Rural,3,Other Principal Arterial,30.76648889,-93.24037222,1,Daylight,34,Ditch,1,Clear,2
22,Louisiana,220378,WEST BATON ROUGE (121),NOT APPLICABLE,7,July,1,Sunday,2024,16,4:00pm-4:59pm,1,Rural,6,Minor Collector,30.54636944,-91.40723333,1,Daylight,12,Motor Vehicle In-Transport,10,Cloudy,1
22,Louisiana,220379,CALCASIEU (19),NOT APPLICABLE,7,July,7,Saturday,2024,21,9:00pm-9:59pm,2,Urban,1,Interstate,30.21588611,-93.40138889,2,Dark - Not Lighted,8,Pedestrian,1,Clear,1
22,Louisiana,220380,EAST BATON ROUGE (33),NOT APPLICABLE,7,July,4,Wednesday,2024,9,9:00am-9:59am,2,Urban,4,Minor Arterial,30.60366111,-91.20356111,1,Daylight,12,Motor Vehicle In-Transport,1,Clear,1
22,Louisiana,220381,JEFFERSON (51),NOT APPLICABLE,8,August,1,Sunday,2024,4,4:00am-4:59am,1,Rural,7,Local,29.91564722,-90.16733056,2,Dark - Not Lighted,12,Motor Vehicle In-Transport,1,Clear,1
22,Louisiana,220382,LINCOLN (61),NOT APPLICABLE,8,August,1,Sunday,2024,7,7:00am-7:59am,2,Urban,3,Other Principal Arterial,32.467425,-92.64602222,1,Daylight,42,Tree (Standing Only),1,Clear,1
22,Louisiana,220383,IBERVILLE (47),SAINT GABRIEL,8,August,2,Monday,2024,15,3:00pm-3:59pm,2,Urban,3,Other Principal Arterial,30.28762778,-91.11258056,1,Daylight,32,Culvert,1,Clear,2
22,Louisiana,220384,OUACHITA (73),MONROE,8,August,7,Saturday,2024,21,9:00pm-9:59pm,2,Urban,3,Other Principal Arterial,32.52893611,-92.08089167,2,Dark - Not Lighted,8,Pedestrian,2,Rain,1
22,Louisiana,220385,LAFAYETTE (55),LAFAYETTE,9,September,1,Sunday,2024,10,10:00am-10:59am,2,Urban,7,Local,30.22680833,-92.00258333,1,Daylight,12,Motor Vehicle In-Transport,1,Clear,1
22,Louisiana,220386,LAFAYETTE (55),LAFAYETTE,9,September,2,Monday,2024,3,3:00am-3:59am,2,Urban,7,Local,30.23575278,-92.03513056,3,Dark - Lighted,38,Fence,1,Clear,1
22,Louisiana,220387,NATCHITOCHES (69),NATCHITOCHES,9,September,2,Monday,2024,4,4:00am-4:59am,2,Urban,3,Other Principal Arterial,31.74101944,-93.08193333,2,Dark - Not Lighted,8,Pedestrian,1,Clear,1
22,Louisiana,220388,FRANKLIN (41),NOT APPLICABLE,9,September,3,Tuesday,2024,17,5:00pm-5:59pm,1,Rural,5,Major Collector,32.15743611,-91.77635,1,Daylight,12,Motor Vehicle In-Transport,1,Clear,1
22,Louisiana,220389,ASCENSION (5),NOT APPLICABLE,7,July,2,Monday,2024,16,4:00pm-4:59pm,2,Urban,5,Major Collector,30.23077222,-90.89080833,1,Daylight,9,Pedalcyclist,1,Clear,1
22,Louisiana,220390,BOSSIER (15),NOT APPLICABLE,7,July,5,Thursday,2024,10,10:00am-10:59am,2,Urban,3,Other Principal Arterial,32.63256389,-93.74460556,1,Daylight,53,Mail Box,1,Clear,1
22,Louisiana,220391,ST. BERNARD (87),NOT APPLICABLE,7,July,3,Tuesday,2024,4,4:00am-4:59am,2,Urban,3,Other Principal Arterial,29.9409,-89.95921667,3,Dark - Lighted,8,Pedestrian,1,Clear,1
22,Louisiana,220392,ST. TAMMANY (103),NOT APPLICABLE,7,July,6,Friday,2024,10,10:00am-10:59am,1,Rural,4,Minor Arterial,30.55862778,-90.00856944,1,Daylight,12,Motor Vehicle In-Transport,1,Clear,1
22,Louisiana,220394,LAFAYETTE (55),NOT APPLICABLE,8,August,3,Tuesday,2024,20,8:00pm-8:59pm,2,Urban,5,Major Collector,30.20969167,-92.17589167,2,Dark - Not Lighted,9,Pedalcyclist,1,Clear,1
22,Louisiana,220395,ACADIA (1),NOT APPLICABLE,8,August,5,Thursday,2024,23,11:00pm-11:59pm,1,Rural,6,Minor Collector,30.23543889,-92.42430278,2,Dark - Not Lighted,8,Pedestrian,1,Clear,1
22,Louisiana,220396,IBERIA (45),NOT APPLICABLE,8,August,6,Friday,2024,19,7:00pm-7:59pm,2,Urban,6,Minor Collector,29.94368056,-91.69576111,2,Dark - Not Lighted,34,Ditch,1,Clear,1
22,Louisiana,220397,WEST BATON ROUGE (121),NOT APPLICABLE,8,August,7,Saturday,2024,2,2:00am-2:59am,2,Urban,1,Interstate,30.43879167,-91.20976389,2,Dark - Not Lighted,33,Curb,1,Clear,1
22,Louisiana,220398,BEAUREGARD (11),NOT APPLICABLE,7,July,2,Monday,2024,12,12:00pm-12:59pm,1,Rural,4,Minor Arterial,30.85672222,-93.35340833,1,Daylight,12,Motor Vehicle In-Transport,1,Clear,1
22,Louisiana,220399,JEFFERSON (51),NOT APPLICABLE,8,August,1,Sunday,2024,5,5:00am-5:59am,2,Urban,1,Interstate,29.89550278,-90.09208333,3,Dark - Lighted,12,Motor Vehicle In-Transport,1,Clear,1
22,Louisiana,220400,CALCASIEU (19),NOT APPLICABLE,8,August,4,Wednesday,2024,15,3:00pm-3:59pm,1,Rural,4,Minor Arterial,30.42193889,-93.48454167,1,Daylight,42,Tree (Standing Only),1,Clear,1
22,Louisiana,220401,ASSUMPTION (7),NOT APPLICABLE,8,August,2,Monday,2024,5,5:00am-5:59am,1,Rural,5,Major Collector,29.76786111,-91.00258611,2,Dark - Not Lighted,12,Motor Vehicle In-Transport,1,Clear,1
22,Louisiana,220402,ST. JOHN THE BAPTIST (95),NOT APPLICABLE,8,August,2,Monday,2024,10,10:00am-10:59am,1,Rural,1,Interstate,30.15841944,-90.44700833,1,Daylight,14,Parked Motor Vehicle,1,Clear,1
22,Louisiana,220403,JEFFERSON (51),NOT APPLICABLE,8,August,3,Tuesday,2024,14,2:00pm-2:59pm,2,Urban,3,Other Principal Arterial,29.90692222,-90.16025,1,Daylight,12,Motor Vehicle In-Transport,1,Clear,1
22,Louisiana,220404,ACADIA (1),NOT APPLICABLE,8,August,4,Wednesday,2024,5,5:00am-5:59am,1,Rural,1,Interstate,30.23619722,-92.56899722,2,Dark - Not Lighted,24,Guardrail Face,1,Clear,1
22,Louisiana,220405,RAPIDES (79),NOT APPLICABLE,8,August,4,Wednesday,2024,12,12:00pm-12:59pm,1,Rural,1,Interstate,31.39435278,-92.69582778,1,Daylight,12,Motor Vehicle In-Transport,1,Clear,1
22,Louisiana,220406,ST. LANDRY (97),NOT APPLICABLE,8,August,6,Friday,2024,18,6:00pm-6:59pm,1,Rural,4,Minor Arterial,30.40442222,-92.00580278,1,Daylight,53,Mail Box,1,Clear,1
22,Louisiana,220408,MADISON (65),NOT APPLICABLE,9,September,1,Sunday,2024,5,5:00am-5:59am,1,Rural,3,Other Principal Arterial,32.37459444,-91.1129,2,Dark - Not Lighted,42,Tree (Standing Only),1,Clear,2
22,Louisiana,220409,JACKSON (49),NOT APPLICABLE,9,September,1,Sunday,2024,10,10:00am-10:59am,1,Rural,6,Minor Collector,32.45479167,-92.55649444,1,Daylight,42,Tree (Standing Only),1,Clear,1
22,Louisiana,220410,CADDO (17),SHREVEPORT,9,September,1,Sunday,2024,16,4:00pm-4:59pm,1,Rural,3,Other Principal Arterial,32.45165556,-93.69530833,1,Daylight,12,Motor Vehicle In-Transport,1,Clear,1
22,Louisiana,220411,ASCENSION (5),NOT APPLICABLE,9,September,1,Sunday,2024,22,10:00pm-10:59pm,2,Urban,6,Minor Collector,30.24016111,-90.88789722,3,Dark - Lighted,32,Culvert,1,Clear,1
22,Louisiana,220412,UNION (111),NOT APPLICABLE,9,September,6,Friday,2024,18,6:00pm-6:59pm,1,Rural,4,Minor Arterial,32.82024722,-92.35164722,1,Daylight,42,Tree (Standing Only),2,Rain,1
22,Louisiana,220413,JEFFERSON (51),NOT APPLICABLE,9,September,3,Tuesday,2024,18,6:00pm-6:59pm,2,Urban,7,Local,30.00930556,-90.20786389,1,Daylight,12,Motor Vehicle In-Transport,2,Rain,1
22,Louisiana,220414,ST. CHARLES (89),NOT APPLICABLE,7,July,2,Monday,2024,5,5:00am-5:59am,1,Rural,3,Other Principal Arterial,29.97724722,-90.32597778,2,Dark - Not Lighted,12,Motor Vehicle In-Transport,10,Cloudy,4
22,Louisiana,220415,ASCENSION (5),NOT APPLICABLE,7,July,2,Monday,2024,6,6:00am-6:59am,1,Rural,3,Other Principal Arterial,30.15387778,-90.87533333,1,Daylight,12,Motor Vehicle In-Transport,1,Clear,1
22,Louisiana,220416,JEFFERSON (51),NOT APPLICABLE,7,July,1,Sunday,2024,11,11:00am-11:59am,2,Urban,3,Other Principal Arterial,29.89153889,-90.01931944,1,Daylight,12,Motor Vehicle In-Transport,10,Cloudy,1
22,Louisiana,220417,ST. TAMMANY (103),NOT APPLICABLE,8,August,4,Wednesday,2024,2,2:00am-2:59am,2,Urban,1,Interstate,30.30615833,-89.74014722,2,Dark - Not Lighted,35,Embankment,1,Clear,1
22,Louisiana,220418,JEFFERSON (51),NOT APPLICABLE,8,August,5,Thursday,2024,23,11:00pm-11:59pm,2,Urban,3,Other Principal Arterial,29.96319167,-90.15953056,3,Dark - Lighted,8,Pedestrian,1,Clear,1
22,Louisiana,220419,JEFFERSON (51),GRETNA,8,August,6,Friday,2024,7,7:00am-7:59am,2,Urban,3,Other Principal Arterial,29.93773611,-90.05682222,1,Daylight,12,Motor Vehicle In-Transport,1,Clear,1
22,Louisiana,220420,JEFFERSON DAVIS (53),NOT APPLICABLE,8,August,1,Sunday,2024,20,8:00pm-8:59pm,1,Rural,4,Minor Arterial,30.19179444,-92.59790278,2,Dark - Not Lighted,9,Pedalcyclist,10,Cloudy,1
22,Louisiana,220421,PLAQUEMINES (75),NOT APPLICABLE,8,August,4,Wednesday,2024,4,4:00am-4:59am,2,Urban,3,Other Principal Arterial,29.83753611,-90.00056389,2,Dark - Not Lighted,8,Pedestrian,1,Clear,1
22,Louisiana,220422,CADDO (17),SHREVEPORT,9,September,7,Saturday,2024,15,3:00pm-3:59pm,2,Urban,5,Major Collector,32.45675,-93.84045556,1,Daylight,59,Traffic Sign Support,1,Clear,1
22,Louisiana,220423,ORLEANS (71),NEW ORLEANS,6,June,1,Sunday,2024,18,6:00pm-6:59pm,2,Urban,3,Other Principal Arterial,30.00778333,-90.03003333,3,Dark - Lighted,24,Guardrail Face,1,Clear,1
22,Louisiana,220424,POINTE COUPEE (77),NOT APPLICABLE,6,June,1,Sunday,2024,18,6:00pm-6:59pm,1,Rural,4,Minor Arterial,30.95664722,-91.76148611,1,Daylight,12,Motor Vehicle In-Transport,1,Clear,1
22,Louisiana,220425,LIVINGSTON (63),NOT APPLICABLE,7,July,4,Wednesday,2024,21,9:00pm-9:59pm,2,Urban,4,Minor Arterial,30.380625,-90.85426944,2,Dark - Not Lighted,8,Pedestrian,1,Clear,1
22,Louisiana,220426,OUACHITA (73),MONROE,7,July,4,Wednesday,2024,21,9:00pm-9:59pm,2,Urban,3,Other Principal Arterial,32.57252778,-92.07344722,3,Dark - Lighted,8,Pedestrian,2,Rain,1
22,Louisiana,220427,JEFFERSON (51),NOT APPLICABLE,8,August,6,Friday,2024,13,1:00pm-1:59pm,2,Urban,2,Other Freeways and Expressways,30.00760278,-90.154925,1,Daylight,12,Motor Vehicle In-Transport,10,Cloudy,1
22,Louisiana,220428,LAFOURCHE (57),NOT APPLICABLE,8,August,5,Thursday,2024,15,3:00pm-3:59pm,2,Urban,4,Minor Arterial,29.79602222,-90.79733889,1,Daylight,12,Motor Vehicle In-Transport,1,Clear,1
22,Louisiana,220429,CADDO (17),SHREVEPORT,3,March,5,Thursday,2024,21,9:00pm-9:59pm,2,Urban,5,Major Collector,32.45926667,-93.80580556,3,Dark - Lighted,12,Motor Vehicle In-Transport,1,Clear,1
22,Louisiana,220430,TERREBONNE (109),NOT APPLICABLE,8,August,4,Wednesday,2024,16,4:00pm-4:59pm,2,Urban,4,Minor Arterial,29.60596667,-90.770625,1,Daylight,12,Motor Vehicle In-Transport,1,Clear,1
22,Louisiana,220431,ST. LANDRY (97),NOT APPLICABLE,9,September,1,Sunday,2024,20,8:00pm-8:59pm,1,Rural,5,Major Collector,30.43039722,-91.92101111,2,Dark - Not Lighted,8,Pedestrian,1,Clear,1
22,Louisiana,220432,EAST BATON ROUGE (33),NOT APPLICABLE,3,March,3,Tuesday,2024,20,8:00pm-8:59pm,2,Urban,3,Other Principal Arterial,30.39438333,-91.16561667,2,Dark - Not Lighted,33,Curb,1,Clear,1
22,Louisiana,220433,RAPIDES (79),PINEVILLE,9,September,4,Wednesday,2024,19,7:00pm-7:59pm,2,Urban,3,Other Principal Arterial,31.35572222,-92.41977778,2,Dark - Not Lighted,8,Pedestrian,2,Rain,1
22,Louisiana,220434,ORLEANS (71),NEW ORLEANS,9,September,1,Sunday,2024,21,9:00pm-9:59pm,2,Urban,4,Minor Arterial,30.00496667,-90.02229167,2,Dark - Not Lighted,25,Concrete Traffic Barrier,1,Clear,1
22,Louisiana,220435,ASCENSION (5),NOT APPLICABLE,9,September,7,Saturday,2024,2,2:00am-2:59am,1,Rural,7,Local,30.29908889,-90.90021389,3,Dark - Lighted,32,Culvert,2,Rain,1
22,Louisiana,220436,RAPIDES (79),ALEXANDRIA,9,September,5,Thursday,2024,99,Unknown Hours,2,Urban,3,Other Principal Arterial,31.28968056,-92.476175,9,Reported as Unknown,8,Pedestrian,99,Reported as Unknown,1
22,Louisiana,220437,LAFAYETTE (55),LAFAYETTE,9,September,5,Thursday,2024,9,9:00am-9:59am,2,Urban,3,Other Principal Arterial,30.22931111,-92.03043889,1,Daylight,12,Motor Vehicle In-Transport,1,Clear,1
22,Louisiana,220438,EAST BATON ROUGE (33),BATON ROUGE,5,May,4,Wednesday,2024,20,8:00pm-8:59pm,2,Urban,3,Other Principal Arterial,30.42122222,-91.18761111,3,Dark - Lighted,8,Pedestrian,1,Clear,1
22,Louisiana,220439,TERREBONNE (109),MONTEGUT,8,August,5,Thursday,2024,15,3:00pm-3:59pm,2,Urban,6,Minor Collector,29.50451389,-90.53995,1,Daylight,8,Pedestrian,1,Clear,1
22,Louisiana,220441,ORLEANS (71),NEW ORLEANS,4,April,4,Wednesday,2024,1,1:00am-1:59am,2,Urban,1,Interstate,29.95359722,-90.08260833,3,Dark - Lighted,8,Pedestrian,1,Clear,1
22,Louisiana,220442,EAST BATON ROUGE (33),BATON ROUGE,7,July,7,Saturday,2024,0,0:00am-0:59am,2,Urban,3,Other Principal Arterial,30.55708056,-91.17407222,3,Dark - Lighted,12,Motor Vehicle In-Transport,2,Rain,1
22,Louisiana,220443,ASCENSION (5),NOT APPLICABLE,7,July,4,Wednesday,2024,12,12:00pm-12:59pm,2,Urban,5,Major Collector,30.25461111,-90.96761111,1,Daylight,12,Motor Vehicle In-Transport,1,Clear,2
22,Louisiana,220444,LIVINGSTON (63),NOT APPLICABLE,7,July,2,Monday,2024,13,1:00pm-1:59pm,1,Rural,5,Major Collector,30.528525,-90.66473889,1,Daylight,34,Ditch,1,Clear,1
22,Louisiana,220445,TANGIPAHOA (105),NOT APPLICABLE,8,August,6,Friday,2024,2,2:00am-2:59am,2,Urban,6,Minor Collector,30.452075,-90.47389167,2,Dark - Not Lighted,32,Culvert,1,Clear,1
22,Louisiana,220446,CLAIBORNE (27),NOT APPLICABLE,8,August,1,Sunday,2024,23,11:00pm-11:59pm,1,Rural,4,Minor Arterial,32.931275,-92.7724,2,Dark - Not Lighted,42,Tree (Standing Only),1,Clear,1
22,Louisiana,220447,TANGIPAHOA (105),NOT APPLICABLE,8,August,3,Tuesday,2024,7,7:00am-7:59am,1,Rural,7,Local,30.66489444,-90.28746667,1,Daylight,8,Pedestrian,1,Clear,1
22,Louisiana,220448,ST. LANDRY (97),EUNICE,9,September,5,Thursday,2024,11,11:00am-11:59am,2,Urban,5,Major Collector,30.49593333,-92.40621389,1,Daylight,9,Pedalcyclist,1,Clear,1
22,Louisiana,220449,CADDO (17),NOT APPLICABLE,9,September,6,Friday,2024,14,2:00pm-2:59pm,2,Urban,4,Minor Arterial,32.44223611,-93.88273333,1,Daylight,12,Motor Vehicle In-Transport,1,Clear,1
22,Louisiana,220450,ST. LANDRY (97),NOT APPLICABLE,10,October,3,Tuesday,2024,3,3:00am-3:59am,2,Urban,3,Other Principal Arterial,30.53132778,-92.06836667,3,Dark - Lighted,98,"Harmful Event, Details Not Reported",1,Clear,1
22,Louisiana,220451,LAFAYETTE (55),BROUSSARD,10,October,4,Wednesday,2024,11,11:00am-11:59am,2,Urban,7,Local,30.13497222,-91.96515,1,Daylight,38,Fence,1,Clear,1
22,Louisiana,220452,JEFFERSON (51),NOT APPLICABLE,10,October,1,Sunday,2024,3,3:00am-3:59am,2,Urban,3,Other Principal Arterial,29.97221667,-90.17871111,3,Dark - Lighted,25,Concrete Traffic Barrier,1,Clear,1
22,Louisiana,220453,WEST BATON ROUGE (121),PORT ALLEN,10,October,7,Saturday,2024,0,0:00am-0:59am,2,Urban,1,Interstate,30.43978611,-91.20730833,2,Dark - Not Lighted,23,Bridge Rail (Includes parapet),1,Clear,1
22,Louisiana,220454,CADDO (17),SHREVEPORT,10,October,2,Monday,2024,19,7:00pm-7:59pm,2,Urban,3,Other Principal Arterial,32.43456389,-93.71336667,2,Dark - Not Lighted,12,Motor Vehicle In-Transport,1,Clear,1
22,Louisiana,220455,ALLEN (3),NOT APPLICABLE,8,August,6,Friday,2024,3,3:00am-3:59am,1,Rural,7,Local,30.78521944,-92.63499722,2,Dark - Not Lighted,8,Pedestrian,10,Cloudy,1
22,Louisiana,220456,IBERIA (45),NOT APPLICABLE,9,September,4,Wednesday,2024,2,2:00am-2:59am,2,Urban,5,Major Collector,30.00126667,-91.779425,2,Dark - Not Lighted,34,Ditch,1,Clear,1
22,Louisiana,220457,OUACHITA (73),NOT APPLICABLE,9,September,1,Sunday,2024,1,1:00am-1:59am,1,Rural,5,Major Collector,32.49238889,-92.36056111,2,Dark - Not Lighted,18,Other Object (not fixed),1,Clear,1
22,Louisiana,220458,CADDO (17),SHREVEPORT,9,September,1,Sunday,2024,15,3:00pm-3:59pm,2,Urban,7,Local,32.48458611,-93.79315,1,Daylight,8,Pedestrian,1,Clear,1
22,Louisiana,220459,ASCENSION (5),SORRENTO,9,September,1,Sunday,2024,21,9:00pm-9:59pm,2,Urban,3,Other Principal Arterial,30.16683889,-90.88100556,3,Dark - Lighted,33,Curb,1,Clear,1
22,Louisiana,220460,CALCASIEU (19),NOT APPLICABLE,9,September,4,Wednesday,2024,21,9:00pm-9:59pm,2,Urban,7,Local,30.19398333,-93.38457778,2,Dark - Not Lighted,9,Pedalcyclist,1,Clear,1
22,Louisiana,220461,EAST BATON ROUGE (33),Other,6,June,3,Tuesday,2024,16,4:00pm-4:59pm,2,Urban,4,Minor Arterial,30.53893333,-91.00252222,1,Daylight,12,Motor Vehicle In-Transport,10,Cloudy,3
22,Louisiana,220462,WINN (127),NOT APPLICABLE,9,September,7,Saturday,2024,15,3:00pm-3:59pm,1,Rural,5,Major Collector,31.96168889,-92.553575,1,Daylight,53,Mail Box,1,Clear,1
22,Louisiana,220463,WASHINGTON (117),NOT APPLICABLE,9,September,7,Saturday,2024,16,4:00pm-4:59pm,1,Rural,4,Minor Arterial,30.84764167,-90.192,1,Daylight,12,Motor Vehicle In-Transport,2,Rain,1
22,Louisiana,220464,RAPIDES (79),NOT APPLICABLE,9,September,5,Thursday,2024,18,6:00pm-6:59pm,1,Rural,1,Interstate,31.16458056,-92.459575,1,Daylight,12,Motor Vehicle In-Transport,1,Clear,1
22,Louisiana,220465,PLAQUEMINES (75),NOT APPLICABLE,9,September,5,Thursday,2024,22,10:00pm-10:59pm,2,Urban,4,Minor Arterial,29.72873611,-90.00325278,2,Dark - Not Lighted,53,Mail Box,1,Clear,1
22,Louisiana,220466,GRANT (43),NOT APPLICABLE,9,September,1,Sunday,2024,11,11:00am-11:59am,1,Rural,7,Local,31.5548,-92.71253333,1,Daylight,42,Tree (Standing Only),1,Clear,1
22,Louisiana,220468,CALCASIEU (19),NOT APPLICABLE,9,September,3,Tuesday,2024,19,7:00pm-7:59pm,1,Rural,1,Interstate,30.15724722,-93.63820833,2,Dark - Not Lighted,12,Motor Vehicle In-Transport,10,Cloudy,1
22,Louisiana,220469,EAST BATON ROUGE (33),BATON ROUGE,8,August,1,Sunday,2024,1,1:00am-1:59am,2,Urban,1,Interstate,30.43110278,-91.052325,3,Dark - Lighted,12,Motor Vehicle In-Transport,1,Clear,1
22,Louisiana,220470,PLAQUEMINES (75),NOT APPLICABLE,9,September,6,Friday,2024,10,10:00am-10:59am,1,Rural,4,Minor Arterial,29.513525,-89.72626667,1,Daylight,12,Motor Vehicle In-Transport,2,Rain,1
22,Louisiana,220471,JEFFERSON DAVIS (53),NOT APPLICABLE,9,September,6,Friday,2024,15,3:00pm-3:59pm,1,Rural,4,Minor Arterial,30.19576111,-92.62548056,1,Daylight,9,Pedalcyclist,1,Clear,1
22,Louisiana,220472,CADDO (17),NOT APPLICABLE,9,September,6,Friday,2024,6,6:00am-6:59am,1,Rural,3,Other Principal Arterial,32.84591389,-93.85996389,4,Dawn,12,Motor Vehicle In-Transport,1,Clear,2
22,Louisiana,220473,OUACHITA (73),NOT APPLICABLE,10,October,3,Tuesday,2024,21,9:00pm-9:59pm,2,Urban,4,Minor Arterial,32.538075,-92.02296389,2,Dark - Not Lighted,8,Pedestrian,1,Clear,1
22,Louisiana,220474,BOSSIER (15),BOSSIER CITY,10,October,1,Sunday,2024,18,6:00pm-6:59pm,2,Urban,1,Interstate,32.55812778,-93.67835556,2,Dark - Not Lighted,12,Motor Vehicle In-Transport,1,Clear,1
22,Louisiana,220475,OUACHITA (73),NOT APPLICABLE,10,October,6,Friday,2024,15,3:00pm-3:59pm,1,Rural,3,Other Principal Arterial,32.52681111,-92.05909167,1,Daylight,8,Pedestrian,1,Clear,1
22,Louisiana,220476,CADDO (17),NOT APPLICABLE,7,July,4,Wednesday,2024,23,11:00pm-11:59pm,1,Rural,5,Major Collector,32.28959444,-93.93967222,2,Dark - Not Lighted,9,Pedalcyclist,1,Clear,1
22,Louisiana,220477,WASHINGTON (117),NOT APPLICABLE,9,September,5,Thursday,2024,20,8:00pm-8:59pm,1,Rural,4,Minor Arterial,30.84291389,-90.16375833,2,Dark - Not Lighted,12,Motor Vehicle In-Transport,2,Rain,1
22,Louisiana,220478,OUACHITA (73),WEST MONROE,10,October,3,Tuesday,2024,13,1:00pm-1:59pm,2,Urban,1,Interstate,32.49759722,-92.13818056,1,Daylight,35,Embankment,1,Clear,1
22,Louisiana,220479,CADDO (17),SHREVEPORT,10,October,7,Saturday,2024,5,5:00am-5:59am,2,Urban,3,Other Principal Arterial,32.50486667,-93.73794722,3,Dark - Lighted,39,Wall,1,Clear,1
22,Louisiana,220480,LIVINGSTON (63),NOT APPLICABLE,8,August,5,Thursday,2024,5,5:00am-5:59am,1,Rural,6,Minor Collector,30.339425,-90.73485556,2,Dark - Not Lighted,12,Motor Vehicle In-Transport,1,Clear,1
22,Louisiana,220481,LIVINGSTON (63),NOT APPLICABLE,8,August,6,Friday,2024,9,9:00am-9:59am,2,Urban,3,Other Principal Arterial,30.506325,-90.95623611,1,Daylight,12,Motor Vehicle In-Transport,1,Clear,1
22,Louisiana,220482,ORLEANS (71),NEW ORLEANS,9,September,1,Sunday,2024,8,8:00am-8:59am,2,Urban,1,Interstate,29.93466389,-90.03736111,1,Daylight,12,Motor Vehicle In-Transport,10,Cloudy,1
22,Louisiana,220484,ST. TAMMANY (103),NOT APPLICABLE,9,September,5,Thursday,2024,15,3:00pm-3:59pm,1,Rural,4,Minor Arterial,30.40890833,-89.775175,1,Daylight,12,Motor Vehicle In-Transport,1,Clear,1
22,Louisiana,220485,LINCOLN (61),NOT APPLICABLE,10,October,5,Thursday,2024,12,12:00pm-12:59pm,1,Rural,4,Minor Arterial,32.59479722,-92.59824722,1,Daylight,42,Tree (Standing Only),1,Clear,1
22,Louisiana,220486,ORLEANS (71),NEW ORLEANS,1,January,3,Tuesday,2024,16,4:00pm-4:59pm,2,Urban,4,Minor Arterial,29.95908611,-90.07750278,9,Reported as Unknown,12,Motor Vehicle In-Transport,1,Clear,1