STATE,STATENAME,ST_CASE,COUNTYNAME,CITYNAME,MONTH,MONTHNAME,DAY_WEEK,DAY_WEEKNAME,YEAR,HOUR,HOURNAME,RUR_URB,RUR_URBNAME,FUNC_SYS,FUNC_SYSNAME,LATITUDE,LONGITUD,LGT_COND,LGT_CONDNAME,HARM_EV,HARM_EVNAME,WEATHER,WEATHERNAME,FATALS
28,Mississippi,280002,CLAIBORNE (21),NOT APPLICABLE,1,January,3,Tuesday,2024,5,5:00am-5:59am,1,Rural,3,Other Principal Arterial,31.93984167,-90.990675,2,Dark - Not Lighted,11,Live Animal,1,Clear,1
28,Mississippi,280003,GREENE (41),NOT APPLICABLE,1,January,3,Tuesday,2024,6,6:00am-6:59am,1,Rural,5,Major Collector,31.00333333,-88.53898889,1,Daylight,42,Tree (Standing Only),1,Clear,1
28,Mississippi,280004,WINSTON (159),NOT APPLICABLE,1,January,5,Thursday,2024,14,2:00pm-2:59pm,1,Rural,5,Major Collector,33.14814167,-89.02302222,1,Daylight,12,Motor Vehicle In-Transport,1,Clear,2
28,Mississippi,280005,JACKSON (59),NOT APPLICABLE,1,January,5,Thursday,2024,17,5:00pm-5:59pm,1,Rural,7,Local,30.59897222,-88.47391667,2,Dark - Not Lighted,42,Tree (Standing Only),1,Clear,1
28,Mississippi,280006,LINCOLN (85),NOT APPLICABLE,1,January,6,Friday,2024,1,1:00am-1:59am,1,Rural,1,Interstate,31.48875,-90.47877778,2,Dark - Not Lighted,12,Motor Vehicle In-Transport,1,Clear,2
28,Mississippi,280007,HINDS (49),CLINTON,1,January,6,Friday,2024,14,2:00pm-2:59pm,2,Urban,3,Other Principal Arterial,32.33018056,-90.30744444,1,Daylight,35,Embankment,10,Cloudy,1
28,Mississippi,280008,HARRISON (47),NOT APPLICABLE,1,January,6,Friday,2024,18,6:00pm-6:59pm,1,Rural,4,Minor Arterial,30.594225,-89.30481111,2,Dark - Not Lighted,38,Fence,2,Rain,1
28,Mississippi,280009,BOLIVAR (11),NOT APPLICABLE,1,January,7,Saturday,2024,13,1:00pm-1:59pm,1,Rural,5,Major Collector,33.93650556,-90.77793611,1,Daylight,12,Motor Vehicle In-Transport,10,Cloudy,1
28,Mississippi,280010,LAMAR (73),NOT APPLICABLE,1,January,2,Monday,2024,16,4:00pm-4:59pm,1,Rural,5,Major Collector,31.21494444,-89.35988056,2,Dark - Not Lighted,12,Motor Vehicle In-Transport,2,Rain,1
28,Mississippi,280011,KEMPER (69),NOT APPLICABLE,1,January,3,Tuesday,2024,7,7:00am-7:59am,1,Rural,4,Minor Arterial,32.58593611,-88.67837222,1,Daylight,35,Embankment,10,Cloudy,1
28,Mississippi,280012,HINDS (49),JACKSON,1,January,3,Tuesday,2024,18,6:00pm-6:59pm,2,Urban,1,Interstate,32.39154167,-90.18915278,3,Dark - Lighted,12,Motor Vehicle In-Transport,1,Clear,1
28,Mississippi,280013,GEORGE (39),NOT APPLICABLE,1,January,4,Wednesday,2024,0,0:00am-0:59am,1,Rural,5,Major Collector,30.74941389,-88.50497778,2,Dark - Not Lighted,34,Ditch,1,Clear,1
28,Mississippi,280014,PERRY (111),NOT APPLICABLE,1,January,4,Wednesday,2024,12,12:00pm-12:59pm,1,Rural,3,Other Principal Arterial,31.12677222,-88.85024167,1,Daylight,12,Motor Vehicle In-Transport,1,Clear,1
28,Mississippi,280015,SUNFLOWER (133),INDIANOLA,1,January,4,Wednesday,2024,19,7:00pm-7:59pm,2,Urban,3,Other Principal Arterial,33.46576667,-90.62480278,2,Dark - Not Lighted,34,Ditch,1,Clear,1
28,Mississippi,280016,SMITH (129),NOT APPLICABLE,1,January,6,Friday,2024,12,12:00pm-12:59pm,2,Urban,4,Minor Arterial,32.04778056,-89.56225278,1,Daylight,12,Motor Vehicle In-Transport,10,Cloudy,1
28,Mississippi,280017,MARSHALL (93),NOT APPLICABLE,1,January,6,Friday,2024,20,8:00pm-8:59pm,8,Not Reported,7,Local,34.81948333,-89.64166389,2,Dark - Not Lighted,40,Fire Hydrant,10,Cloudy,1
28,Mississippi,280018,HARRISON (47),BILOXI,1,January,7,Saturday,2024,17,5:00pm-5:59pm,8,Not Reported,7,Local,30.39921111,-88.88623611,2,Dark - Not Lighted,8,Pedestrian,1,Clear,1
28,Mississippi,280019,LAMAR (73),NOT APPLICABLE,1,January,7,Saturday,2024,18,6:00pm-6:59pm,1,Rural,3,Other Principal Arterial,31.29542222,-89.54543611,2,Dark - Not Lighted,12,Motor Vehicle In-Transport,1,Clear,1
28,Mississippi,280020,UNION (145),NOT APPLICABLE,1,January,7,Saturday,2024,21,9:00pm-9:59pm,1,Rural,3,Other Principal Arterial,34.55476667,-88.99008889,2,Dark - Not Lighted,8,Pedestrian,1,Clear,1
28,Mississippi,280021,YALOBUSHA (161),NOT APPLICABLE,1,January,1,Sunday,2024,4,4:00am-4:59am,1,Rural,5,Major Collector,34.06871389,-89.55757222,2,Dark - Not Lighted,42,Tree (Standing Only),1,Clear,1
28,Mississippi,280022,HUMPHREYS (53),NOT APPLICABLE,1,January,1,Sunday,2024,19,7:00pm-7:59pm,1,Rural,3,Other Principal Arterial,33.05441111,-90.46883611,2,Dark - Not Lighted,8,Pedestrian,3,Sleet or Hail,1
28,Mississippi,280023,JACKSON (59),OCEAN SPRINGS,1,January,3,Tuesday,2024,20,8:00pm-8:59pm,2,Urban,3,Other Principal Arterial,30.40707222,-88.74751111,2,Dark - Not Lighted,8,Pedestrian,1,Clear,1
28,Mississippi,280024,HINDS (49),Other,1,January,4,Wednesday,2024,0,0:00am-0:59am,2,Urban,5,Major Collector,32.29928333,-90.18954722,3,Dark - Lighted,19,Building,1,Clear,1
28,Mississippi,280025,CHICKASAW (17),NOT APPLICABLE,1,January,4,Wednesday,2024,16,4:00pm-4:59pm,1,Rural,4,Minor Arterial,33.84890278,-89.01661111,1,Daylight,42,Tree (Standing Only),12,Freezing Rain or Drizzle,1
28,Mississippi,280026,RANKIN (121),NOT APPLICABLE,1,January,6,Friday,2024,7,7:00am-7:59am,1,Rural,7,Local,32.37390556,-90.04967222,1,Daylight,33,Curb,1,Clear,1
28,Mississippi,280027,LEFLORE (83),NOT APPLICABLE,1,January,7,Saturday,2024,1,1:00am-1:59am,1,Rural,3,Other Principal Arterial,33.52735833,-90.26321944,2,Dark - Not Lighted,42,Tree (Standing Only),12,Freezing Rain or Drizzle,2
28,Mississippi,280028,PANOLA (107),NOT APPLICABLE,1,January,7,Saturday,2024,23,11:00pm-11:59pm,1,Rural,5,Major Collector,34.48180278,-89.939,2,Dark - Not Lighted,35,Embankment,10,Cloudy,1
28,Mississippi,280029,WASHINGTON (151),NOT APPLICABLE,1,January,1,Sunday,2024,0,0:00am-0:59am,2,Urban,3,Other Principal Arterial,33.40077222,-90.98477222,2,Dark - Not Lighted,12,Motor Vehicle In-Transport,1,Clear,3
28,Mississippi,280030,LAMAR (73),NOT APPLICABLE,1,January,1,Sunday,2024,10,10:00am-10:59am,8,Not Reported,7,Local,31.43227778,-89.63781667,1,Daylight,42,Tree (Standing Only),1,Clear,1
28,Mississippi,280031,PIKE (113),NOT APPLICABLE,1,January,1,Sunday,2024,20,8:00pm-8:59pm,1,Rural,1,Interstate,31.31975556,-90.47798056,2,Dark - Not Lighted,1,Rollover/Overturn,1,Clear,2
28,Mississippi,280032,MONROE (95),NOT APPLICABLE,1,January,2,Monday,2024,15,3:00pm-3:59pm,8,Not Reported,7,Local,33.89723333,-88.51704167,1,Daylight,42,Tree (Standing Only),1,Clear,1
28,Mississippi,280033,JACKSON (59),NOT APPLICABLE,1,January,2,Monday,2024,19,7:00pm-7:59pm,2,Urban,3,Other Principal Arterial,30.44300556,-88.54322778,2,Dark - Not Lighted,9,Pedalcyclist,1,Clear,1
28,Mississippi,280034,PANOLA (107),BATESVILLE,1,January,3,Tuesday,2024,10,10:00am-10:59am,2,Urban,1,Interstate,34.309875,-89.91738889,1,Daylight,12,Motor Vehicle In-Transport,2,Rain,1
28,Mississippi,280035,PEARL RIVER (109),NOT APPLICABLE,1,January,4,Wednesday,2024,15,3:00pm-3:59pm,1,Rural,1,Interstate,30.71731667,-89.55469722,1,Daylight,42,Tree (Standing Only),2,Rain,1
28,Mississippi,280036,JONES (67),NOT APPLICABLE,1,January,4,Wednesday,2024,15,3:00pm-3:59pm,1,Rural,3,Other Principal Arterial,31.70644444,-88.94426111,1,Daylight,35,Embankment,2,Rain,1
28,Mississippi,280037,WALTHALL (147),NOT APPLICABLE,1,January,5,Thursday,2024,5,5:00am-5:59am,1,Rural,5,Major Collector,31.16319167,-90.17093056,2,Dark - Not Lighted,12,Motor Vehicle In-Transport,2,Rain,1
28,Mississippi,280038,HANCOCK (45),NOT APPLICABLE,1,January,7,Saturday,2024,1,1:00am-1:59am,1,Rural,5,Major Collector,30.393575,-89.50840556,2,Dark - Not Lighted,8,Pedestrian,2,Rain,1
28,Mississippi,280039,LAMAR (73),Other,1,January,7,Saturday,2024,12,12:00pm-12:59pm,2,Urban,1,Interstate,31.28544444,-89.35286111,1,Daylight,12,Motor Vehicle In-Transport,10,Cloudy,1
28,Mississippi,280040,HINDS (49),Other,1,January,3,Tuesday,2024,17,5:00pm-5:59pm,2,Urban,4,Minor Arterial,32.29889722,-90.18427222,3,Dark - Lighted,33,Curb,1,Clear,1
28,Mississippi,280041,RANKIN (121),PEARL,1,January,3,Tuesday,2024,18,6:00pm-6:59pm,8,Not Reported,7,Local,32.28393056,-90.06306111,3,Dark - Lighted,42,Tree (Standing Only),1,Clear,1
28,Mississippi,280042,LEE (81),TUPELO,1,January,7,Saturday,2024,20,8:00pm-8:59pm,2,Urban,2,Other Freeways and Expressways,34.241375,-88.69734167,2,Dark - Not Lighted,8,Pedestrian,1,Clear,1
28,Mississippi,280043,MARSHALL (93),NOT APPLICABLE,1,January,7,Saturday,2024,22,10:00pm-10:59pm,8,Not Reported,98,Not Reported,34.93379444,-89.37108611,6,Dark - Unknown Lighting,42,Tree (Standing Only),10,Cloudy,1
28,Mississippi,280044,JACKSON (59),GAUTIER,1,January,1,Sunday,2024,2,2:00am-2:59am,2,Urban,3,Other Principal Arterial,30.39351944,-88.66319167,3,Dark - Lighted,8,Pedestrian,1,Clear,1
28,Mississippi,280045,UNION (145),NOT APPLICABLE,1,January,1,Sunday,2024,2,2:00am-2:59am,8,Not Reported,7,Local,34.59655833,-88.995575,2,Dark - Not Lighted,34,Ditch,10,Cloudy,1
28,Mississippi,280046,TALLAHATCHIE (135),NOT APPLICABLE,1,January,1,Sunday,2024,2,2:00am-2:59am,1,Rural,4,Minor Arterial,33.985075,-90.070725,2,Dark - Not Lighted,34,Ditch,10,Cloudy,1
28,Mississippi,280047,HINDS (49),NOT APPLICABLE,1,January,1,Sunday,2024,2,2:00am-2:59am,2,Urban,1,Interstate,32.16886667,-90.266625,2,Dark - Not Lighted,12,Motor Vehicle In-Transport,1,Clear,1
28,Mississippi,280048,FORREST (35),HATTIESBURG,1,January,2,Monday,2024,7,7:00am-7:59am,2,Urban,3,Other Principal Arterial,31.24517222,-89.25022222,1,Daylight,12,Motor Vehicle In-Transport,1,Clear,1
28,Mississippi,280049,PIKE (113),NOT APPLICABLE,1,January,2,Monday,2024,8,8:00am-8:59am,8,Not Reported,7,Local,31.19737222,-90.405775,9,Reported as Unknown,42,Tree (Standing Only),1,Clear,1
28,Mississippi,280050,HARRISON (47),GULFPORT,1,January,2,Monday,2024,12,12:00pm-12:59pm,2,Urban,3,Other Principal Arterial,30.36992778,-89.079325,1,Daylight,33,Curb,1,Clear,1
28,Mississippi,280051,PIKE (113),NOT APPLICABLE,1,January,2,Monday,2024,18,6:00pm-6:59pm,1,Rural,7,Local,31.14593333,-90.37515,2,Dark - Not Lighted,42,Tree (Standing Only),1,Clear,1
28,Mississippi,280052,AMITE (5),NOT APPLICABLE,1,January,3,Tuesday,2024,11,11:00am-11:59am,1,Rural,4,Minor Arterial,31.20079167,-90.58526111,1,Daylight,34,Ditch,1,Clear,1
28,Mississippi,280053,LINCOLN (85),NOT APPLICABLE,1,January,3,Tuesday,2024,18,6:00pm-6:59pm,1,Rural,3,Other Principal Arterial,31.37932222,-90.47923889,2,Dark - Not Lighted,35,Embankment,1,Clear,1
28,Mississippi,280054,LAMAR (73),NOT APPLICABLE,1,January,4,Wednesday,2024,17,5:00pm-5:59pm,1,Rural,5,Major Collector,31.09933889,-89.41349722,1,Daylight,12,Motor Vehicle In-Transport,1,Clear,2
28,Mississippi,280055,PEARL RIVER (109),NOT APPLICABLE,2,February,5,Thursday,2024,10,10:00am-10:59am,2,Urban,5,Major Collector,30.60384722,-89.65845,1,Daylight,12,Motor Vehicle In-Transport,1,Clear,1
28,Mississippi,280056,LAUDERDALE (75),NOT APPLICABLE,2,February,6,Friday,2024,12,12:00pm-12:59pm,1,Rural,5,Major Collector,32.52951389,-88.81890278,1,Daylight,53,Mail Box,1,Clear,1
28,Mississippi,280057,HANCOCK (45),NOT APPLICABLE,2,February,7,Saturday,2024,6,6:00am-6:59am,1,Rural,4,Minor Arterial,30.40853333,-89.43548056,4,Dawn,8,Pedestrian,1,Clear,1
28,Mississippi,280058,TISHOMINGO (141),NOT APPLICABLE,2,February,7,Saturday,2024,8,8:00am-8:59am,1,Rural,4,Minor Arterial,34.60866667,-88.22175,9,Reported as Unknown,42,Tree (Standing Only),1,Clear,1
28,Mississippi,280059,JACKSON (59),GAUTIER,2,February,7,Saturday,2024,11,11:00am-11:59am,2,Urban,3,Other Principal Arterial,30.39836667,-88.65300278,1,Daylight,46,Traffic Signal Support,2,Rain,1
28,Mississippi,280060,MARSHALL (93),NOT APPLICABLE,1,January,7,Saturday,2024,14,2:00pm-2:59pm,1,Rural,5,Major Collector,34.94793056,-89.61813056,1,Daylight,34,Ditch,10,Cloudy,1
28,Mississippi,280061,JASPER (61),BAY SPRINGS,2,February,6,Friday,2024,5,5:00am-5:59am,1,Rural,4,Minor Arterial,31.96418889,-89.28865,3,Dark - Lighted,12,Motor Vehicle In-Transport,1,Clear,1
28,Mississippi,280062,PONTOTOC (115),PONTOTOC,2,February,7,Saturday,2024,14,2:00pm-2:59pm,1,Rural,4,Minor Arterial,34.23376389,-89.01039167,1,Daylight,42,Tree (Standing Only),1,Clear,1
28,Mississippi,280063,LAUDERDALE (75),MERIDIAN,2,February,1,Sunday,2024,5,5:00am-5:59am,8,Not Reported,7,Local,32.39810833,-88.71265833,2,Dark - Not Lighted,14,Parked Motor Vehicle,1,Clear,2
28,Mississippi,280064,HINDS (49),NOT APPLICABLE,2,February,1,Sunday,2024,9,9:00am-9:59am,2,Urban,3,Other Principal Arterial,32.41728056,-90.29293056,1,Daylight,42,Tree (Standing Only),2,Rain,1
28,Mississippi,280065,ATTALA (7),KOSCIUSKO,2,February,2,Monday,2024,14,2:00pm-2:59pm,2,Urban,3,Other Principal Arterial,33.065925,-89.58570556,1,Daylight,12,Motor Vehicle In-Transport,1,Clear,6
28,Mississippi,280066,CHOCTAW (19),NOT APPLICABLE,2,February,3,Tuesday,2024,16,4:00pm-4:59pm,1,Rural,4,Minor Arterial,33.33683611,-89.18747222,1,Daylight,12,Motor Vehicle In-Transport,1,Clear,1
28,Mississippi,280067,GEORGE (39),NOT APPLICABLE,2,February,5,Thursday,2024,6,6:00am-6:59am,1,Rural,3,Other Principal Arterial,30.77225,-88.59831944,1,Daylight,12,Motor Vehicle In-Transport,1,Clear,1
28,Mississippi,280068,OKTIBBEHA (105),NOT APPLICABLE,2,February,5,Thursday,2024,7,7:00am-7:59am,1,Rural,5,Major Collector,33.49802778,-88.95896389,1,Daylight,1,Rollover/Overturn,1,Clear,1
28,Mississippi,280069,HARRISON (47),NOT APPLICABLE,2,February,6,Friday,2024,11,11:00am-11:59am,8,Not Reported,7,Local,30.58806944,-89.06114722,1,Daylight,59,Traffic Sign Support,1,Clear,1
28,Mississippi,280070,BENTON (9),NOT APPLICABLE,2,February,6,Friday,2024,16,4:00pm-4:59pm,1,Rural,3,Other Principal Arterial,34.94616944,-89.21774167,1,Daylight,12,Motor Vehicle In-Transport,10,Cloudy,1
28,Mississippi,280071,PEARL RIVER (109),NOT APPLICABLE,2,February,6,Friday,2024,22,10:00pm-10:59pm,1,Rural,4,Minor Arterial,30.83316111,-89.56553889,3,Dark - Lighted,12,Motor Vehicle In-Transport,1,Clear,2
28,Mississippi,280072,DE SOTO (33),NOT APPLICABLE,2,February,7,Saturday,2024,1,1:00am-1:59am,8,Not Reported,7,Local,34.94816111,-90.202575,9,Reported as Unknown,34,Ditch,10,Cloudy,1
28,Mississippi,280073,LOWNDES (87),NOT APPLICABLE,2,February,7,Saturday,2024,6,6:00am-6:59am,8,Not Reported,7,Local,33.565325,-88.42163056,2,Dark - Not Lighted,42,Tree (Standing Only),10,Cloudy,1
28,Mississippi,280074,HARRISON (47),NOT APPLICABLE,2,February,7,Saturday,2024,23,11:00pm-11:59pm,1,Rural,5,Major Collector,30.66677222,-89.0574,2,Dark - Not Lighted,42,Tree (Standing Only),1,Clear,1
28,Mississippi,280075,RANKIN (121),BRANDON,2,February,7,Saturday,2024,23,11:00pm-11:59pm,2,Urban,1,Interstate,32.27278333,-89.94201111,2,Dark - Not Lighted,34,Ditch,2,Rain,1
28,Mississippi,280076,LAUDERDALE (75),NOT APPLICABLE,2,February,1,Sunday,2024,20,8:00pm-8:59pm,2,Urban,1,Interstate,32.3413,-88.77049722,2,Dark - Not Lighted,42,Tree (Standing Only),2,Rain,1
28,Mississippi,280077,HINDS (49),JACKSON,2,February,2,Monday,2024,19,7:00pm-7:59pm,2,Urban,3,Other Principal Arterial,32.28439444,-90.19441389,3,Dark - Lighted,8,Pedestrian,1,Clear,1
28,Mississippi,280078,MARSHALL (93),BYHALIA,2,February,2,Monday,2024,20,8:00pm-8:59pm,1,Rural,1,Interstate,34.85806667,-89.70201667,3,Dark - Lighted,42,Tree (Standing Only),1,Clear,1
28,Mississippi,280079,JONES (67),NOT APPLICABLE,2,February,3,Tuesday,2024,16,4:00pm-4:59pm,1,Rural,7,Local,31.44663889,-89.38216389,1,Daylight,42,Tree (Standing Only),1,Clear,1
28,Mississippi,280080,GRENADA (43),NOT APPLICABLE,2,February,4,Wednesday,2024,15,3:00pm-3:59pm,1,Rural,7,Local,33.77881389,-89.73118611,1,Daylight,42,Tree (Standing Only),1,Clear,1
28,Mississippi,280081,WAYNE (153),NOT APPLICABLE,2,February,4,Wednesday,2024,19,7:00pm-7:59pm,1,Rural,5,Major Collector,31.67436389,-88.66328889,2,Dark - Not Lighted,12,Motor Vehicle In-Transport,1,Clear,1
28,Mississippi,280082,WALTHALL (147),NOT APPLICABLE,2,February,6,Friday,2024,13,1:00pm-1:59pm,1,Rural,7,Local,31.24820833,-90.15797222,1,Daylight,42,Tree (Standing Only),2,Rain,1
28,Mississippi,280083,TATE (137),NOT APPLICABLE,2,February,6,Friday,2024,18,6:00pm-6:59pm,1,Rural,4,Minor Arterial,34.61920833,-89.81138611,2,Dark - Not Lighted,12,Motor Vehicle In-Transport,2,Rain,1
28,Mississippi,280084,HINDS (49),NOT APPLICABLE,2,February,6,Friday,2024,22,10:00pm-10:59pm,1,Rural,5,Major Collector,32.10698333,-90.49896111,2,Dark - Not Lighted,42,Tree (Standing Only),1,Clear,1
28,Mississippi,280085,WASHINGTON (151),GREENVILLE,2,February,7,Saturday,2024,2,2:00am-2:59am,2,Urban,4,Minor Arterial,33.40699722,-91.04845,3,Dark - Lighted,12,Motor Vehicle In-Transport,1,Clear,1
28,Mississippi,280086,ALCORN (3),NOT APPLICABLE,2,February,7,Saturday,2024,17,5:00pm-5:59pm,1,Rural,3,Other Principal Arterial,34.82875556,-88.55951667,2,Dark - Not Lighted,12,Motor Vehicle In-Transport,1,Clear,1
28,Mississippi,280087,FORREST (35),HATTIESBURG,2,February,7,Saturday,2024,18,6:00pm-6:59pm,1,Rural,7,Local,31.31986667,-89.27708611,1,Daylight,42,Tree (Standing Only),1,Clear,1
28,Mississippi,280088,LINCOLN (85),NOT APPLICABLE,2,February,1,Sunday,2024,2,2:00am-2:59am,1,Rural,7,Local,31.38658333,-90.44403889,2,Dark - Not Lighted,42,Tree (Standing Only),1,Clear,1
28,Mississippi,280089,YALOBUSHA (161),NOT APPLICABLE,1,January,1,Sunday,2024,0,0:00am-0:59am,1,Rural,1,Interstate,34.09299167,-89.89807778,2,Dark - Not Lighted,35,Embankment,1,Clear,1
28,Mississippi,280090,JACKSON (59),MOSS POINT,2,February,5,Thursday,2024,7,7:00am-7:59am,2,Urban,3,Other Principal Arterial,30.41415833,-88.51671667,1,Daylight,8,Pedestrian,1,Clear,1
28,Mississippi,280091,PEARL RIVER (109),NOT APPLICABLE,2,February,2,Monday,2024,16,4:00pm-4:59pm,1,Rural,4,Minor Arterial,30.65020278,-89.42867222,1,Daylight,42,Tree (Standing Only),1,Clear,1
28,Mississippi,280092,TATE (137),NOT APPLICABLE,2,February,3,Tuesday,2024,7,7:00am-7:59am,1,Rural,4,Minor Arterial,34.61162778,-89.88044167,1,Daylight,12,Motor Vehicle In-Transport,1,Clear,1
28,Mississippi,280093,HINDS (49),Other,2,February,3,Tuesday,2024,20,8:00pm-8:59pm,2,Urban,1,Interstate,32.33023333,-90.16168889,2,Dark - Not Lighted,8,Pedestrian,1,Clear,1
28,Mississippi,280094,UNION (145),NOT APPLICABLE,2,February,5,Thursday,2024,15,3:00pm-3:59pm,2,Urban,4,Minor Arterial,34.52221667,-89.05869444,1,Daylight,35,Embankment,10,Cloudy,1
28,Mississippi,280095,HINDS (49),NOT APPLICABLE,2,February,5,Thursday,2024,21,9:00pm-9:59pm,2,Urban,3,Other Principal Arterial,32.25474167,-90.37476667,2,Dark - Not Lighted,35,Embankment,10,Cloudy,1
28,Mississippi,280096,JONES (67),LAUREL,2,February,6,Friday,2024,11,11:00am-11:59am,1,Rural,3,Other Principal Arterial,31.69421111,-89.18502222,1,Daylight,12,Motor Vehicle In-Transport,1,Clear,1
28,Mississippi,280097,FORREST (35),NOT APPLICABLE,2,February,7,Saturday,2024,2,2:00am-2:59am,1,Rural,3,Other Principal Arterial,31.41567222,-89.405875,2,Dark - Not Lighted,8,Pedestrian,1,Clear,1
28,Mississippi,280098,HARRISON (47),D'IBERVILLE,2,February,7,Saturday,2024,5,5:00am-5:59am,2,Urban,1,Interstate,30.45417222,-88.88874722,4,Dawn,1,Rollover/Overturn,1,Clear,1
28,Mississippi,280099,LEE (81),TUPELO,2,February,7,Saturday,2024,21,9:00pm-9:59pm,2,Urban,3,Other Principal Arterial,34.24815556,-88.77758611,3,Dark - Lighted,18,Other Object (not fixed),1,Clear,1
28,Mississippi,280100,WALTHALL (147),NOT APPLICABLE,2,February,1,Sunday,2024,3,3:00am-3:59am,1,Rural,5,Major Collector,31.11746111,-90.24958333,2,Dark - Not Lighted,24,Guardrail Face,1,Clear,1
28,Mississippi,280101,MADISON (89),NOT APPLICABLE,2,February,1,Sunday,2024,15,3:00pm-3:59pm,1,Rural,4,Minor Arterial,32.50563611,-90.346125,1,Daylight,35,Embankment,1,Clear,1
28,Mississippi,280102,CHICKASAW (17),NOT APPLICABLE,2,February,1,Sunday,2024,17,5:00pm-5:59pm,1,Rural,4,Minor Arterial,33.98777778,-88.90071111,1,Daylight,12,Motor Vehicle In-Transport,1,Clear,1
28,Mississippi,280103,PERRY (111),NOT APPLICABLE,2,February,1,Sunday,2024,21,9:00pm-9:59pm,1,Rural,4,Minor Arterial,31.364175,-88.93563611,2,Dark - Not Lighted,12,Motor Vehicle In-Transport,1,Clear,2
28,Mississippi,280104,LINCOLN (85),NOT APPLICABLE,2,February,2,Monday,2024,0,0:00am-0:59am,1,Rural,5,Major Collector,31.494825,-90.45756389,2,Dark - Not Lighted,35,Embankment,1,Clear,1
28,Mississippi,280105,COPIAH (29),NOT APPLICABLE,2,February,2,Monday,2024,1,1:00am-1:59am,1,Rural,1,Interstate,31.700425,-90.45084722,2,Dark - Not Lighted,8,Pedestrian,1,Clear,1
28,Mississippi,280106,QUITMAN (119),NOT APPLICABLE,2,February,2,Monday,2024,10,10:00am-10:59am,1,Rural,3,Other Principal Arterial,34.22674444,-90.44021111,1,Daylight,12,Motor Vehicle In-Transport,10,Cloudy,1
28,Mississippi,280107,WALTHALL (147),NOT APPLICABLE,2,February,2,Monday,2024,17,5:00pm-5:59pm,1,Rural,3,Other Principal Arterial,31.12997778,-90.10766667,1,Daylight,12,Motor Vehicle In-Transport,1,Clear,1
28,Mississippi,280108,OKTIBBEHA (105),NOT APPLICABLE,2,February,7,Saturday,2024,1,1:00am-1:59am,2,Urban,5,Major Collector,33.43742222,-88.77639722,2,Dark - Not Lighted,38,Fence,1,Clear,1
28,Mississippi,280109,LAMAR (73),NOT APPLICABLE,3,March,6,Friday,2024,7,7:00am-7:59am,1,Rural,3,Other Principal Arterial,31.29424167,-89.55005833,1,Daylight,42,Tree (Standing Only),2,Rain,1
28,Mississippi,280110,FORREST (35),NOT APPLICABLE,3,March,6,Friday,2024,17,5:00pm-5:59pm,1,Rural,4,Minor Arterial,31.00123889,-89.34858333,5,Dusk,12,Motor Vehicle In-Transport,2,Rain,1
28,Mississippi,280111,ATTALA (7),NOT APPLICABLE,3,March,7,Saturday,2024,11,11:00am-11:59am,1,Rural,4,Minor Arterial,33.15615556,-89.65045,1,Daylight,12,Motor Vehicle In-Transport,1,Clear,1
28,Mississippi,280112,WARREN (149),NOT APPLICABLE,3,March,7,Saturday,2024,18,6:00pm-6:59pm,2,Urban,5,Major Collector,32.32407778,-90.83964167,5,Dusk,8,Pedestrian,1,Clear,1
28,Mississippi,280113,HINDS (49),NOT APPLICABLE,3,March,1,Sunday,2024,22,10:00pm-10:59pm,2,Urban,4,Minor Arterial,32.40014167,-90.25043889,2,Dark - Not Lighted,42,Tree (Standing Only),1,Clear,1
28,Mississippi,280114,JACKSON (59),NOT APPLICABLE,3,March,2,Monday,2024,17,5:00pm-5:59pm,1,Rural,5,Major Collector,30.64232778,-88.58260833,5,Dusk,12,Motor Vehicle In-Transport,2,Rain,1
28,Mississippi,280115,LAUDERDALE (75),NOT APPLICABLE,3,March,4,Wednesday,2024,7,7:00am-7:59am,1,Rural,4,Minor Arterial,32.34782778,-88.60242222,1,Daylight,12,Motor Vehicle In-Transport,10,Cloudy,1
28,Mississippi,280116,WINSTON (159),NOT APPLICABLE,3,March,5,Thursday,2024,13,1:00pm-1:59pm,1,Rural,5,Major Collector,33.15888056,-89.02384167,1,Daylight,1,Rollover/Overturn,1,Clear,1
28,Mississippi,280117,HARRISON (47),BILOXI,3,March,5,Thursday,2024,15,3:00pm-3:59pm,2,Urban,3,Other Principal Arterial,30.40076389,-88.98853889,1,Daylight,12,Motor Vehicle In-Transport,1,Clear,1
28,Mississippi,280118,MARSHALL (93),NOT APPLICABLE,3,March,6,Friday,2024,9,9:00am-9:59am,1,Rural,7,Local,34.84896389,-89.42743333,1,Daylight,35,Embankment,1,Clear,1
28,Mississippi,280119,JASPER (61),NOT APPLICABLE,3,March,7,Saturday,2024,13,1:00pm-1:59pm,1,Rural,7,Local,31.83952222,-89.04594167,1,Daylight,42,Tree (Standing Only),1,Clear,1