STATE,STATENAME,ST_CASE,COUNTYNAME,CITYNAME,MONTH,MONTHNAME,DAY_WEEK,DAY_WEEKNAME,YEAR,HOUR,HOURNAME,RUR_URB,RUR_URBNAME,FUNC_SYS,FUNC_SYSNAME,LATITUDE,LONGITUD,LGT_COND,LGT_CONDNAME,HARM_EV,HARM_EVNAME,WEATHER,WEATHERNAME,FATALS
28,Mississippi,280120,JONES (67),NOT APPLICABLE,3,March,2,Monday,2024,17,5:00pm-5:59pm,1,Rural,7,Local,31.44866944,-89.25207778,1,Daylight,12,Motor Vehicle In-Transport,1,Clear,1
28,Mississippi,280121,UNION (145),NOT APPLICABLE,3,March,2,Monday,2024,19,7:00pm-7:59pm,1,Rural,5,Major Collector,34.44461667,-88.84145556,2,Dark - Not Lighted,12,Motor Vehicle In-Transport,1,Clear,1
28,Mississippi,280122,HINDS (49),NOT APPLICABLE,3,March,3,Tuesday,2024,21,9:00pm-9:59pm,2,Urban,3,Other Principal Arterial,32.24806944,-90.41782222,2,Dark - Not Lighted,8,Pedestrian,1,Clear,1
28,Mississippi,280123,JACKSON (59),GAUTIER,3,March,4,Wednesday,2024,11,11:00am-11:59am,2,Urban,3,Other Principal Arterial,30.43725278,-88.65696389,1,Daylight,12,Motor Vehicle In-Transport,1,Clear,1
28,Mississippi,280124,HARRISON (47),NOT APPLICABLE,3,March,4,Wednesday,2024,18,6:00pm-6:59pm,8,Not Reported,98,Not Reported,30.43745,-89.27504167,1,Daylight,12,Motor Vehicle In-Transport,1,Clear,1
28,Mississippi,280125,HARRISON (47),NOT APPLICABLE,3,March,5,Thursday,2024,8,8:00am-8:59am,1,Rural,3,Other Principal Arterial,30.60334167,-89.12781667,1,Daylight,12,Motor Vehicle In-Transport,1,Clear,2
28,Mississippi,280126,LAFAYETTE (71),NOT APPLICABLE,3,March,5,Thursday,2024,9,9:00am-9:59am,1,Rural,4,Minor Arterial,34.40239167,-89.42223333,1,Daylight,42,Tree (Standing Only),1,Clear,1
28,Mississippi,280127,LEAKE (79),NOT APPLICABLE,3,March,6,Friday,2024,6,6:00am-6:59am,1,Rural,4,Minor Arterial,32.74108056,-89.537625,2,Dark - Not Lighted,8,Pedestrian,2,Rain,1
28,Mississippi,280128,HANCOCK (45),NOT APPLICABLE,3,March,6,Friday,2024,18,6:00pm-6:59pm,1,Rural,3,Other Principal Arterial,30.30082778,-89.47335278,1,Daylight,12,Motor Vehicle In-Transport,1,Clear,1
28,Mississippi,280129,WASHINGTON (151),GREENVILLE,3,March,7,Saturday,2024,2,2:00am-2:59am,8,Not Reported,98,Not Reported,33.40013056,-91.01083333,3,Dark - Lighted,8,Pedestrian,1,Clear,1
28,Mississippi,280130,CLAIBORNE (21),NOT APPLICABLE,3,March,4,Wednesday,2024,17,5:00pm-5:59pm,1,Rural,5,Major Collector,32.05368611,-90.85816111,1,Daylight,34,Ditch,1,Clear,1
28,Mississippi,280131,HANCOCK (45),BAY ST LOUIS,3,March,7,Saturday,2024,22,10:00pm-10:59pm,2,Urban,3,Other Principal Arterial,30.31972778,-89.33718056,3,Dark - Lighted,8,Pedestrian,1,Clear,1
28,Mississippi,280132,PANOLA (107),NOT APPLICABLE,3,March,1,Sunday,2024,4,4:00am-4:59am,1,Rural,1,Interstate,34.42366111,-89.90004722,2,Dark - Not Lighted,1,Rollover/Overturn,1,Clear,2
28,Mississippi,280133,LEAKE (79),CARTHAGE,3,March,7,Saturday,2024,20,8:00pm-8:59pm,1,Rural,4,Minor Arterial,32.72923333,-89.54315833,6,Dark - Unknown Lighting,15,Non-Motorist on Personal Conveyance,1,Clear,1
28,Mississippi,280134,SCOTT (123),FOREST,3,March,2,Monday,2024,14,2:00pm-2:59pm,1,Rural,1,Interstate,32.33695,-89.49023333,1,Daylight,42,Tree (Standing Only),1,Clear,1
28,Mississippi,280135,PERRY (111),NOT APPLICABLE,3,March,4,Wednesday,2024,10,10:00am-10:59am,1,Rural,4,Minor Arterial,31.38949722,-88.93833333,1,Daylight,12,Motor Vehicle In-Transport,1,Clear,3
28,Mississippi,280136,MARSHALL (93),NOT APPLICABLE,3,March,4,Wednesday,2024,10,10:00am-10:59am,1,Rural,3,Other Principal Arterial,34.96368889,-89.61791111,1,Daylight,12,Motor Vehicle In-Transport,1,Clear,1
28,Mississippi,280137,WASHINGTON (151),LELAND,3,March,5,Thursday,2024,1,1:00am-1:59am,8,Not Reported,7,Local,33.40646389,-90.89050833,2,Dark - Not Lighted,8,Pedestrian,1,Clear,1
28,Mississippi,280138,DE SOTO (33),SOUTHAVEN,3,March,5,Thursday,2024,12,12:00pm-12:59pm,2,Urban,4,Minor Arterial,34.97722222,-89.98990556,1,Daylight,12,Motor Vehicle In-Transport,1,Clear,1
28,Mississippi,280139,GRENADA (43),GRENADA,3,March,6,Friday,2024,2,2:00am-2:59am,2,Urban,1,Interstate,33.80436667,-89.83918056,2,Dark - Not Lighted,23,Bridge Rail (Includes parapet),1,Clear,1
28,Mississippi,280140,JACKSON (59),NOT APPLICABLE,3,March,7,Saturday,2024,13,1:00pm-1:59pm,2,Urban,4,Minor Arterial,30.47199722,-88.54658333,1,Daylight,9,Pedalcyclist,1,Clear,1
28,Mississippi,280141,LEE (81),NOT APPLICABLE,3,March,1,Sunday,2024,0,0:00am-0:59am,1,Rural,3,Other Principal Arterial,34.12991389,-88.70191389,2,Dark - Not Lighted,23,Bridge Rail (Includes parapet),1,Clear,2
28,Mississippi,280142,HINDS (49),JACKSON,3,March,1,Sunday,2024,20,8:00pm-8:59pm,2,Urban,3,Other Principal Arterial,32.28793333,-90.2187,3,Dark - Lighted,8,Pedestrian,1,Clear,1
28,Mississippi,280143,STONE (131),NOT APPLICABLE,3,March,1,Sunday,2024,23,11:00pm-11:59pm,1,Rural,5,Major Collector,30.88461667,-89.23478056,2,Dark - Not Lighted,11,Live Animal,1,Clear,1
28,Mississippi,280144,LAWRENCE (77),NOT APPLICABLE,3,March,2,Monday,2024,12,12:00pm-12:59pm,1,Rural,5,Major Collector,31.61086389,-90.24395,1,Daylight,42,Tree (Standing Only),1,Clear,1
28,Mississippi,280145,WARREN (149),VICKSBURG,3,March,2,Monday,2024,21,9:00pm-9:59pm,2,Urban,4,Minor Arterial,32.34347222,-90.88386389,3,Dark - Lighted,33,Curb,2,Rain,1
28,Mississippi,280146,HINDS (49),JACKSON,3,March,4,Wednesday,2024,7,7:00am-7:59am,2,Urban,4,Minor Arterial,32.26848889,-90.22978611,3,Dark - Lighted,12,Motor Vehicle In-Transport,1,Clear,1
28,Mississippi,280147,FORREST (35),HATTIESBURG,3,March,4,Wednesday,2024,8,8:00am-8:59am,2,Urban,5,Major Collector,31.29919167,-89.29866389,9,Reported as Unknown,35,Embankment,99,Reported as Unknown,1
28,Mississippi,280148,GREENE (41),NOT APPLICABLE,3,March,3,Tuesday,2024,18,6:00pm-6:59pm,1,Rural,5,Major Collector,31.43025833,-88.73893611,1,Daylight,12,Motor Vehicle In-Transport,1,Clear,1
28,Mississippi,280149,GRENADA (43),NOT APPLICABLE,3,March,5,Thursday,2024,7,7:00am-7:59am,1,Rural,7,Local,33.76345,-89.97561944,1,Daylight,8,Pedestrian,1,Clear,1
28,Mississippi,280150,RANKIN (121),BRANDON,3,March,5,Thursday,2024,21,9:00pm-9:59pm,1,Rural,98,Not Reported,32.30506389,-89.99275278,2,Dark - Not Lighted,8,Pedestrian,1,Clear,1
28,Mississippi,280151,PIKE (113),NOT APPLICABLE,3,March,6,Friday,2024,19,7:00pm-7:59pm,1,Rural,3,Other Principal Arterial,31.21623333,-90.40380833,2,Dark - Not Lighted,12,Motor Vehicle In-Transport,1,Clear,1
28,Mississippi,280152,LEAKE (79),NOT APPLICABLE,3,March,1,Sunday,2024,16,4:00pm-4:59pm,1,Rural,5,Major Collector,32.62090833,-89.5278,1,Daylight,12,Motor Vehicle In-Transport,1,Clear,1
28,Mississippi,280153,PERRY (111),NOT APPLICABLE,4,April,4,Wednesday,2024,13,1:00pm-1:59pm,1,Rural,7,Local,31.41352778,-88.9251,1,Daylight,42,Tree (Standing Only),1,Clear,1
28,Mississippi,280154,WASHINGTON (151),LELAND,4,April,4,Wednesday,2024,16,4:00pm-4:59pm,1,Rural,4,Minor Arterial,33.39821389,-90.90432222,1,Daylight,12,Motor Vehicle In-Transport,1,Clear,1
28,Mississippi,280155,CALHOUN (13),NOT APPLICABLE,4,April,6,Friday,2024,15,3:00pm-3:59pm,1,Rural,4,Minor Arterial,33.99900278,-89.32628889,1,Daylight,38,Fence,1,Clear,1
28,Mississippi,280156,JONES (67),NOT APPLICABLE,3,March,5,Thursday,2024,11,11:00am-11:59am,1,Rural,1,Interstate,31.81087778,-89.05271944,1,Daylight,34,Ditch,1,Clear,1
28,Mississippi,280157,DE SOTO (33),NOT APPLICABLE,3,March,7,Saturday,2024,20,8:00pm-8:59pm,1,Rural,7,Local,34.83858056,-90.00966944,2,Dark - Not Lighted,32,Culvert,1,Clear,1
28,Mississippi,280158,LAFAYETTE (71),OXFORD,4,April,7,Saturday,2024,14,2:00pm-2:59pm,2,Urban,3,Other Principal Arterial,34.35695833,-89.54416111,1,Daylight,21,Bridge Pier or Support,1,Clear,1
28,Mississippi,280159,WASHINGTON (151),NOT APPLICABLE,4,April,1,Sunday,2024,3,3:00am-3:59am,8,Not Reported,98,Not Reported,33.18381389,-90.84204722,2,Dark - Not Lighted,8,Pedestrian,1,Clear,1
28,Mississippi,280160,OKTIBBEHA (105),NOT APPLICABLE,4,April,1,Sunday,2024,14,2:00pm-2:59pm,1,Rural,3,Other Principal Arterial,33.31999167,-88.90557778,1,Daylight,12,Motor Vehicle In-Transport,1,Clear,1
28,Mississippi,280161,WASHINGTON (151),GREENVILLE,4,April,2,Monday,2024,5,5:00am-5:59am,2,Urban,3,Other Principal Arterial,33.40006389,-91.01470556,2,Dark - Not Lighted,15,Non-Motorist on Personal Conveyance,10,Cloudy,1
28,Mississippi,280162,SIMPSON (127),MENDENHALL,4,April,2,Monday,2024,5,5:00am-5:59am,1,Rural,3,Other Principal Arterial,31.92529722,-89.81731667,2,Dark - Not Lighted,12,Motor Vehicle In-Transport,1,Clear,1
28,Mississippi,280163,JACKSON (59),MOSS POINT,4,April,2,Monday,2024,12,12:00pm-12:59pm,2,Urban,3,Other Principal Arterial,30.40223889,-88.53823889,1,Daylight,12,Motor Vehicle In-Transport,1,Clear,1
28,Mississippi,280164,PEARL RIVER (109),NOT APPLICABLE,4,April,3,Tuesday,2024,3,3:00am-3:59am,8,Not Reported,7,Local,30.71303889,-89.65710278,2,Dark - Not Lighted,34,Ditch,1,Clear,1
28,Mississippi,280165,LEE (81),TUPELO,4,April,3,Tuesday,2024,17,5:00pm-5:59pm,2,Urban,4,Minor Arterial,34.27614444,-88.77274722,1,Daylight,12,Motor Vehicle In-Transport,2,Rain,1
28,Mississippi,280166,LEFLORE (83),NOT APPLICABLE,4,April,4,Wednesday,2024,23,11:00pm-11:59pm,1,Rural,4,Minor Arterial,33.34912222,-90.22941667,2,Dark - Not Lighted,34,Ditch,2,Rain,1
28,Mississippi,280167,QUITMAN (119),NOT APPLICABLE,4,April,5,Thursday,2024,7,7:00am-7:59am,1,Rural,4,Minor Arterial,34.31154444,-90.27609444,4,Dawn,12,Motor Vehicle In-Transport,2,Rain,1
28,Mississippi,280168,LEAKE (79),NOT APPLICABLE,4,April,7,Saturday,2024,0,0:00am-0:59am,1,Rural,4,Minor Arterial,32.70501667,-89.65595833,2,Dark - Not Lighted,34,Ditch,1,Clear,1
28,Mississippi,280169,SUNFLOWER (133),NOT APPLICABLE,4,April,7,Saturday,2024,16,4:00pm-4:59pm,1,Rural,5,Major Collector,33.48798333,-90.6469,1,Daylight,1,Rollover/Overturn,1,Clear,1
28,Mississippi,280170,HUMPHREYS (53),NOT APPLICABLE,4,April,1,Sunday,2024,2,2:00am-2:59am,1,Rural,3,Other Principal Arterial,33.09947222,-90.49755278,2,Dark - Not Lighted,12,Motor Vehicle In-Transport,10,Cloudy,1
28,Mississippi,280171,WASHINGTON (151),GREENVILLE,4,April,3,Tuesday,2024,2,2:00am-2:59am,2,Urban,5,Major Collector,33.41040278,-91.04526389,3,Dark - Lighted,19,Building,1,Clear,1
28,Mississippi,280172,JONES (67),NOT APPLICABLE,4,April,3,Tuesday,2024,20,8:00pm-8:59pm,1,Rural,4,Minor Arterial,31.47532222,-89.00421667,2,Dark - Not Lighted,42,Tree (Standing Only),1,Clear,1
28,Mississippi,280173,MADISON (89),NOT APPLICABLE,4,April,4,Wednesday,2024,18,6:00pm-6:59pm,1,Rural,4,Minor Arterial,32.52694167,-89.97739167,1,Daylight,1,Rollover/Overturn,2,Rain,1
28,Mississippi,280174,MADISON (89),Other,4,April,5,Thursday,2024,5,5:00am-5:59am,1,Rural,7,Local,32.418825,-90.08500278,2,Dark - Not Lighted,3,Immersion or Partial Immersion,1,Clear,1
28,Mississippi,280175,PONTOTOC (115),NOT APPLICABLE,4,April,5,Thursday,2024,7,7:00am-7:59am,1,Rural,4,Minor Arterial,34.23818333,-89.07956389,1,Daylight,12,Motor Vehicle In-Transport,10,Cloudy,1
28,Mississippi,280176,FORREST (35),HATTIESBURG,4,April,5,Thursday,2024,18,6:00pm-6:59pm,2,Urban,3,Other Principal Arterial,31.25505,-89.27990833,1,Daylight,12,Motor Vehicle In-Transport,1,Clear,1
28,Mississippi,280177,NESHOBA (99),NOT APPLICABLE,4,April,5,Thursday,2024,23,11:00pm-11:59pm,2,Urban,4,Minor Arterial,32.777225,-89.22582778,2,Dark - Not Lighted,8,Pedestrian,2,Rain,1
28,Mississippi,280178,LAFAYETTE (71),NOT APPLICABLE,4,April,6,Friday,2024,7,7:00am-7:59am,1,Rural,3,Other Principal Arterial,34.30255,-89.26425833,1,Daylight,12,Motor Vehicle In-Transport,10,Cloudy,1
28,Mississippi,280179,JACKSON (59),NOT APPLICABLE,4,April,7,Saturday,2024,2,2:00am-2:59am,1,Rural,5,Major Collector,30.60727778,-88.48758889,2,Dark - Not Lighted,32,Culvert,1,Clear,1
28,Mississippi,280180,CLAY (25),NOT APPLICABLE,4,April,3,Tuesday,2024,7,7:00am-7:59am,1,Rural,4,Minor Arterial,33.60731667,-88.61281389,1,Daylight,12,Motor Vehicle In-Transport,1,Clear,1
28,Mississippi,280181,RANKIN (121),RICHLAND,4,April,3,Tuesday,2024,0,0:00am-0:59am,2,Urban,3,Other Principal Arterial,32.23980556,-90.16554167,3,Dark - Lighted,30,Utility Pole/Light Support,1,Clear,1
28,Mississippi,280182,WINSTON (159),NOT APPLICABLE,4,April,3,Tuesday,2024,15,3:00pm-3:59pm,1,Rural,4,Minor Arterial,32.9462,-89.09649722,1,Daylight,12,Motor Vehicle In-Transport,1,Clear,1
28,Mississippi,280183,ALCORN (3),NOT APPLICABLE,4,April,3,Tuesday,2024,5,5:00am-5:59am,2,Urban,7,Local,34.9138,-88.76226389,2,Dark - Not Lighted,8,Pedestrian,1,Clear,1
28,Mississippi,280184,HARRISON (47),D'IBERVILLE,4,April,3,Tuesday,2024,23,11:00pm-11:59pm,2,Urban,1,Interstate,30.45197778,-88.90078333,3,Dark - Lighted,1,Rollover/Overturn,1,Clear,1
28,Mississippi,280185,NESHOBA (99),NOT APPLICABLE,4,April,4,Wednesday,2024,6,6:00am-6:59am,1,Rural,5,Major Collector,32.77047778,-89.04370556,2,Dark - Not Lighted,8,Pedestrian,1,Clear,1
28,Mississippi,280186,WARREN (149),NOT APPLICABLE,4,April,4,Wednesday,2024,19,7:00pm-7:59pm,1,Rural,4,Minor Arterial,32.26142778,-90.77278333,1,Daylight,53,Mail Box,1,Clear,1
28,Mississippi,280187,FORREST (35),NOT APPLICABLE,1,January,1,Sunday,2024,18,6:00pm-6:59pm,1,Rural,3,Other Principal Arterial,31.43074722,-89.41841111,2,Dark - Not Lighted,8,Pedestrian,1,Clear,1
28,Mississippi,280188,LAWRENCE (77),NOT APPLICABLE,3,March,4,Wednesday,2024,11,11:00am-11:59am,1,Rural,98,Not Reported,31.686825,-90.19884444,1,Daylight,42,Tree (Standing Only),1,Clear,1
28,Mississippi,280189,RANKIN (121),BRANDON,3,March,1,Sunday,2024,21,9:00pm-9:59pm,2,Urban,3,Other Principal Arterial,32.28366389,-90.03363056,3,Dark - Lighted,42,Tree (Standing Only),1,Clear,1
28,Mississippi,280190,HARRISON (47),GULFPORT,4,April,5,Thursday,2024,17,5:00pm-5:59pm,2,Urban,3,Other Principal Arterial,30.38662222,-89.09323056,1,Daylight,12,Motor Vehicle In-Transport,1,Clear,1
28,Mississippi,280191,JACKSON (59),NOT APPLICABLE,4,April,1,Sunday,2024,22,10:00pm-10:59pm,2,Urban,3,Other Principal Arterial,30.39135278,-88.50593333,2,Dark - Not Lighted,8,Pedestrian,1,Clear,1
28,Mississippi,280192,PEARL RIVER (109),NOT APPLICABLE,4,April,4,Wednesday,2024,12,12:00pm-12:59pm,2,Urban,5,Major Collector,30.58803889,-89.66208056,1,Daylight,12,Motor Vehicle In-Transport,1,Clear,2
28,Mississippi,280193,OKTIBBEHA (105),NOT APPLICABLE,4,April,7,Saturday,2024,13,1:00pm-1:59pm,1,Rural,3,Other Principal Arterial,31.69678333,-89.01308611,1,Daylight,12,Motor Vehicle In-Transport,10,Cloudy,1
28,Mississippi,280194,WARREN (149),NOT APPLICABLE,4,April,2,Monday,2024,6,6:00am-6:59am,1,Rural,4,Minor Arterial,32.25261389,-90.75905,1,Daylight,12,Motor Vehicle In-Transport,1,Clear,1
28,Mississippi,280195,ALCORN (3),CORINTH,4,April,5,Thursday,2024,9,9:00am-9:59am,2,Urban,3,Other Principal Arterial,34.93090833,-88.54096389,1,Daylight,12,Motor Vehicle In-Transport,1,Clear,1
28,Mississippi,280196,ALCORN (3),NOT APPLICABLE,4,April,6,Friday,2024,12,12:00pm-12:59pm,1,Rural,4,Minor Arterial,34.92693611,-88.57654167,1,Daylight,30,Utility Pole/Light Support,1,Clear,1
28,Mississippi,280197,NEWTON (101),NOT APPLICABLE,4,April,6,Friday,2024,17,5:00pm-5:59pm,1,Rural,4,Minor Arterial,32.25167222,-89.15134444,1,Daylight,38,Fence,1,Clear,1
28,Mississippi,280198,WALTHALL (147),NOT APPLICABLE,4,April,7,Saturday,2024,13,1:00pm-1:59pm,1,Rural,4,Minor Arterial,31.28688333,-90.11224444,1,Daylight,12,Motor Vehicle In-Transport,1,Clear,1
28,Mississippi,280199,MONROE (95),ABERDEEN,4,April,7,Saturday,2024,18,6:00pm-6:59pm,1,Rural,3,Other Principal Arterial,33.81490833,-88.56079167,1,Daylight,5,Fell/Jumped from Vehicle,1,Clear,1
28,Mississippi,280200,HINDS (49),NOT APPLICABLE,4,April,1,Sunday,2024,16,4:00pm-4:59pm,1,Rural,5,Major Collector,32.33807222,-90.63793889,1,Daylight,35,Embankment,10,Cloudy,1
28,Mississippi,280201,JACKSON (59),PASCAGOULA,4,April,2,Monday,2024,18,6:00pm-6:59pm,2,Urban,3,Other Principal Arterial,30.37577778,-88.57710556,1,Daylight,42,Tree (Standing Only),2,Rain,1
28,Mississippi,280202,OKTIBBEHA (105),STARKVILLE,4,April,3,Tuesday,2024,2,2:00am-2:59am,2,Urban,3,Other Principal Arterial,33.4969,-88.84889444,6,Dark - Unknown Lighting,42,Tree (Standing Only),1,Clear,1
28,Mississippi,280203,SUNFLOWER (133),NOT APPLICABLE,4,April,3,Tuesday,2024,18,6:00pm-6:59pm,1,Rural,3,Other Principal Arterial,33.45430833,-90.67725278,1,Daylight,12,Motor Vehicle In-Transport,1,Clear,1
28,Mississippi,280204,SIMPSON (127),MAGEE,5,May,4,Wednesday,2024,14,2:00pm-2:59pm,1,Rural,3,Other Principal Arterial,31.86497222,-89.73250556,1,Daylight,12,Motor Vehicle In-Transport,1,Clear,1
28,Mississippi,280205,DE SOTO (33),NOT APPLICABLE,5,May,4,Wednesday,2024,13,1:00pm-1:59pm,1,Rural,5,Major Collector,34.77251111,-89.98925556,1,Daylight,12,Motor Vehicle In-Transport,1,Clear,1
28,Mississippi,280206,FORREST (35),NOT APPLICABLE,5,May,5,Thursday,2024,7,7:00am-7:59am,2,Urban,3,Other Principal Arterial,31.40095,-89.31931389,1,Daylight,59,Traffic Sign Support,1,Clear,1
28,Mississippi,280207,HINDS (49),JACKSON,5,May,7,Saturday,2024,11,11:00am-11:59am,8,Not Reported,7,Local,32.27167222,-90.24636944,1,Daylight,42,Tree (Standing Only),1,Clear,2
28,Mississippi,280208,MARION (91),COLUMBIA,5,May,7,Saturday,2024,16,4:00pm-4:59pm,8,Not Reported,7,Local,31.27550278,-89.84281111,1,Daylight,12,Motor Vehicle In-Transport,1,Clear,1
28,Mississippi,280209,HINDS (49),JACKSON,5,May,7,Saturday,2024,21,9:00pm-9:59pm,2,Urban,5,Major Collector,32.30360556,-90.28303611,1,Daylight,12,Motor Vehicle In-Transport,1,Clear,1
28,Mississippi,280210,RANKIN (121),BRANDON,5,May,7,Saturday,2024,23,11:00pm-11:59pm,2,Urban,4,Minor Arterial,32.31441389,-90.02079167,6,Dark - Unknown Lighting,53,Mail Box,1,Clear,1
28,Mississippi,280211,CHICKASAW (17),NOT APPLICABLE,5,May,2,Monday,2024,18,6:00pm-6:59pm,1,Rural,4,Minor Arterial,34.05360278,-89.09988333,1,Daylight,12,Motor Vehicle In-Transport,1,Clear,1
28,Mississippi,280212,COVINGTON (31),NOT APPLICABLE,5,May,2,Monday,2024,21,9:00pm-9:59pm,1,Rural,3,Other Principal Arterial,31.74760833,-89.64954167,2,Dark - Not Lighted,12,Motor Vehicle In-Transport,1,Clear,1
28,Mississippi,280213,LAFAYETTE (71),NOT APPLICABLE,5,May,3,Tuesday,2024,10,10:00am-10:59am,1,Rural,4,Minor Arterial,34.44259444,-89.28692778,1,Daylight,42,Tree (Standing Only),1,Clear,1
28,Mississippi,280214,LOWNDES (87),NOT APPLICABLE,5,May,3,Tuesday,2024,20,8:00pm-8:59pm,1,Rural,3,Other Principal Arterial,33.48636389,-88.66365278,2,Dark - Not Lighted,57,Cable Barrier,1,Clear,1
28,Mississippi,280215,SCOTT (123),NOT APPLICABLE,5,May,3,Tuesday,2024,22,10:00pm-10:59pm,1,Rural,1,Interstate,32.32339444,-89.42721389,2,Dark - Not Lighted,8,Pedestrian,1,Clear,1
28,Mississippi,280216,NEWTON (101),NOT APPLICABLE,5,May,4,Wednesday,2024,12,12:00pm-12:59pm,1,Rural,5,Major Collector,32.38189167,-89.07410556,1,Daylight,12,Motor Vehicle In-Transport,1,Clear,1
28,Mississippi,280217,DE SOTO (33),OLIVE BRANCH,5,May,4,Wednesday,2024,20,8:00pm-8:59pm,2,Urban,3,Other Principal Arterial,34.9616,-89.85189722,3,Dark - Lighted,25,Concrete Traffic Barrier,1,Clear,1
28,Mississippi,280218,TATE (137),NOT APPLICABLE,5,May,5,Thursday,2024,6,6:00am-6:59am,1,Rural,5,Major Collector,34.70718333,-89.79763611,9,Reported as Unknown,42,Tree (Standing Only),99,Reported as Unknown,1
28,Mississippi,280219,JONES (67),NOT APPLICABLE,5,May,6,Friday,2024,22,10:00pm-10:59pm,1,Rural,5,Major Collector,31.6946,-89.25871111,2,Dark - Not Lighted,12,Motor Vehicle In-Transport,1,Clear,1
28,Mississippi,280220,LEE (81),NOT APPLICABLE,5,May,6,Friday,2024,22,10:00pm-10:59pm,1,Rural,3,Other Principal Arterial,34.13507222,-88.70212222,2,Dark - Not Lighted,12,Motor Vehicle In-Transport,1,Clear,1
28,Mississippi,280221,BOLIVAR (11),CLEVELAND,5,May,7,Saturday,2024,22,10:00pm-10:59pm,2,Urban,3,Other Principal Arterial,33.73402222,-90.71615833,2,Dark - Not Lighted,8,Pedestrian,1,Clear,1
28,Mississippi,280222,LAFAYETTE (71),OXFORD,5,May,1,Sunday,2024,1,1:00am-1:59am,2,Urban,3,Other Principal Arterial,34.35454722,-89.50050278,2,Dark - Not Lighted,42,Tree (Standing Only),1,Clear,1
28,Mississippi,280223,CLAY (25),WEST POINT,5,May,1,Sunday,2024,1,1:00am-1:59am,2,Urban,5,Major Collector,33.62668333,-88.64093333,3,Dark - Lighted,35,Embankment,1,Clear,1
28,Mississippi,280224,HANCOCK (45),NOT APPLICABLE,5,May,1,Sunday,2024,16,4:00pm-4:59pm,1,Rural,5,Major Collector,30.42181944,-89.57330833,1,Daylight,12,Motor Vehicle In-Transport,10,Cloudy,1
28,Mississippi,280225,WILKINSON (157),NOT APPLICABLE,5,May,1,Sunday,2024,18,6:00pm-6:59pm,1,Rural,3,Other Principal Arterial,31.08495556,-91.303125,1,Daylight,42,Tree (Standing Only),2,Rain,1
28,Mississippi,280226,TISHOMINGO (141),NOT APPLICABLE,5,May,2,Monday,2024,8,8:00am-8:59am,8,Not Reported,98,Not Reported,34.65253056,-88.29959444,1,Daylight,42,Tree (Standing Only),10,Cloudy,1
28,Mississippi,280227,LAUDERDALE (75),NOT APPLICABLE,5,May,3,Tuesday,2024,6,6:00am-6:59am,1,Rural,7,Local,32.46343056,-88.74824167,1,Daylight,8,Pedestrian,1,Clear,1
28,Mississippi,280228,MARSHALL (93),NOT APPLICABLE,5,May,4,Wednesday,2024,15,3:00pm-3:59pm,1,Rural,7,Local,34.72797222,-89.59179444,1,Daylight,12,Motor Vehicle In-Transport,1,Clear,3
28,Mississippi,280229,LEE (81),NOT APPLICABLE,5,May,4,Wednesday,2024,23,11:00pm-11:59pm,1,Rural,5,Major Collector,34.26546389,-88.63542778,2,Dark - Not Lighted,8,Pedestrian,1,Clear,1
28,Mississippi,280230,LOWNDES (87),NOT APPLICABLE,5,May,5,Thursday,2024,17,5:00pm-5:59pm,1,Rural,3,Other Principal Arterial,88.8888,888.8888,1,Daylight,12,Motor Vehicle In-Transport,1,Clear,1
28,Mississippi,280231,ITAWAMBA (57),NOT APPLICABLE,5,May,3,Tuesday,2024,19,7:00pm-7:59pm,1,Rural,4,Minor Arterial,34.42262222,-88.48013611,1,Daylight,1,Rollover/Overturn,1,Clear,1
28,Mississippi,280232,JEFFERSON DAVIS (65),NOT APPLICABLE,5,May,5,Thursday,2024,5,5:00am-5:59am,1,Rural,4,Minor Arterial,31.73725833,-89.87205556,4,Dawn,12,Motor Vehicle In-Transport,1,Clear,1
28,Mississippi,280233,HINDS (49),JACKSON,5,May,6,Friday,2024,15,3:00pm-3:59pm,2,Urban,3,Other Principal Arterial,32.35574167,-90.15155,1,Daylight,12,Motor Vehicle In-Transport,1,Clear,1
28,Mississippi,280234,ADAMS (1),NATCHEZ,5,May,6,Friday,2024,21,9:00pm-9:59pm,2,Urban,3,Other Principal Arterial,31.545075,-91.40513889,3,Dark - Lighted,12,Motor Vehicle In-Transport,10,Cloudy,1
28,Mississippi,280235,JACKSON (59),NOT APPLICABLE,5,May,2,Monday,2024,17,5:00pm-5:59pm,1,Rural,1,Interstate,30.45519167,-88.49754444,1,Daylight,12,Motor Vehicle In-Transport,1,Clear,1
28,Mississippi,280236,KEMPER (69),NOT APPLICABLE,4,April,7,Saturday,2024,18,6:00pm-6:59pm,1,Rural,7,Local,32.78774167,-88.76250278,1,Daylight,12,Motor Vehicle In-Transport,1,Clear,1
28,Mississippi,280237,CHICKASAW (17),NOT APPLICABLE,4,April,6,Friday,2024,9,9:00am-9:59am,1,Rural,4,Minor Arterial,34.040175,-89.06541667,1,Daylight,34,Ditch,1,Clear,1