STATE,STATENAME,ST_CASE,COUNTYNAME,CITYNAME,MONTH,MONTHNAME,DAY_WEEK,DAY_WEEKNAME,YEAR,HOUR,HOURNAME,RUR_URB,RUR_URBNAME,FUNC_SYS,FUNC_SYSNAME,LATITUDE,LONGITUD,LGT_COND,LGT_CONDNAME,HARM_EV,HARM_EVNAME,WEATHER,WEATHERNAME,FATALS
28,Mississippi,280238,AMITE (5),NOT APPLICABLE,5,May,2,Monday,2024,21,9:00pm-9:59pm,1,Rural,3,Other Principal Arterial,31.33271667,-90.558825,2,Dark - Not Lighted,12,Motor Vehicle In-Transport,1,Clear,1
28,Mississippi,280239,HINDS (49),JACKSON,5,May,3,Tuesday,2024,1,1:00am-1:59am,2,Urban,3,Other Principal Arterial,32.39225833,-90.11201944,3,Dark - Lighted,42,Tree (Standing Only),1,Clear,1
28,Mississippi,280240,WINSTON (159),NOT APPLICABLE,5,May,6,Friday,2024,20,8:00pm-8:59pm,1,Rural,5,Major Collector,33.15226944,-89.03046389,2,Dark - Not Lighted,35,Embankment,1,Clear,1
28,Mississippi,280241,LAUDERDALE (75),NOT APPLICABLE,5,May,3,Tuesday,2024,12,12:00pm-12:59pm,1,Rural,1,Interstate,32.26888056,-88.80951944,1,Daylight,12,Motor Vehicle In-Transport,1,Clear,1
28,Mississippi,280242,PEARL RIVER (109),NOT APPLICABLE,5,May,3,Tuesday,2024,15,3:00pm-3:59pm,1,Rural,4,Minor Arterial,30.51864444,-89.59492778,1,Daylight,32,Culvert,1,Clear,1
28,Mississippi,280243,RANKIN (121),NOT APPLICABLE,5,May,7,Saturday,2024,23,11:00pm-11:59pm,2,Urban,4,Minor Arterial,32.241825,-90.07775,3,Dark - Lighted,8,Pedestrian,1,Clear,1
28,Mississippi,280244,JACKSON (59),NOT APPLICABLE,5,May,7,Saturday,2024,20,8:00pm-8:59pm,1,Rural,7,Local,30.47940556,-88.87569167,1,Daylight,8,Pedestrian,1,Clear,1
28,Mississippi,280245,STONE (131),WIGGINS,5,May,5,Thursday,2024,15,3:00pm-3:59pm,1,Rural,3,Other Principal Arterial,30.82424444,-89.13666111,1,Daylight,42,Tree (Standing Only),2,Rain,1
28,Mississippi,280246,PEARL RIVER (109),NOT APPLICABLE,5,May,5,Thursday,2024,20,8:00pm-8:59pm,1,Rural,7,Local,30.55537222,-89.59056389,2,Dark - Not Lighted,8,Pedestrian,1,Clear,1
28,Mississippi,280247,PIKE (113),NOT APPLICABLE,5,May,5,Thursday,2024,21,9:00pm-9:59pm,1,Rural,3,Other Principal Arterial,31.22017778,-90.41556944,2,Dark - Not Lighted,8,Pedestrian,1,Clear,1
28,Mississippi,280248,HARRISON (47),NOT APPLICABLE,5,May,1,Sunday,2024,15,3:00pm-3:59pm,2,Urban,1,Interstate,30.39876111,-89.30599167,1,Daylight,5,Fell/Jumped from Vehicle,1,Clear,1
28,Mississippi,280249,LOWNDES (87),NOT APPLICABLE,4,April,3,Tuesday,2024,20,8:00pm-8:59pm,1,Rural,5,Major Collector,33.36861389,-88.55728611,2,Dark - Not Lighted,42,Tree (Standing Only),1,Clear,1
28,Mississippi,280250,PRENTISS (117),NOT APPLICABLE,6,June,7,Saturday,2024,2,2:00am-2:59am,1,Rural,3,Other Principal Arterial,34.54418889,-88.64474167,2,Dark - Not Lighted,8,Pedestrian,2,Rain,1
28,Mississippi,280251,CLARKE (23),NOT APPLICABLE,6,June,7,Saturday,2024,11,11:00am-11:59am,1,Rural,3,Other Principal Arterial,32.10135556,-88.70709722,1,Daylight,12,Motor Vehicle In-Transport,1,Clear,2
28,Mississippi,280252,JACKSON (59),MOSS POINT,6,June,7,Saturday,2024,18,6:00pm-6:59pm,2,Urban,5,Major Collector,30.40198611,-88.55363056,1,Daylight,30,Utility Pole/Light Support,1,Clear,1
28,Mississippi,280253,HOLMES (51),NOT APPLICABLE,6,June,1,Sunday,2024,15,3:00pm-3:59pm,1,Rural,4,Minor Arterial,33.11301389,-90.29748333,1,Daylight,12,Motor Vehicle In-Transport,1,Clear,1
28,Mississippi,280254,MONROE (95),NOT APPLICABLE,6,June,2,Monday,2024,6,6:00am-6:59am,1,Rural,3,Other Principal Arterial,33.69580556,-88.66785,4,Dawn,12,Motor Vehicle In-Transport,5,"Fog, Smog, Smoke",1
28,Mississippi,280255,JACKSON (59),NOT APPLICABLE,6,June,3,Tuesday,2024,16,4:00pm-4:59pm,1,Rural,5,Major Collector,30.65273056,-88.52241389,1,Daylight,12,Motor Vehicle In-Transport,1,Clear,2
28,Mississippi,280256,JACKSON (59),PASCAGOULA,6,June,4,Wednesday,2024,14,2:00pm-2:59pm,2,Urban,4,Minor Arterial,30.36553056,-88.54847222,1,Daylight,8,Pedestrian,1,Clear,1
28,Mississippi,280257,HARRISON (47),D'IBERVILLE,6,June,5,Thursday,2024,11,11:00am-11:59am,2,Urban,1,Interstate,30.45402222,-88.89000556,1,Daylight,12,Motor Vehicle In-Transport,10,Cloudy,1
28,Mississippi,280258,WAYNE (153),NOT APPLICABLE,6,June,5,Thursday,2024,13,1:00pm-1:59pm,1,Rural,3,Other Principal Arterial,31.46949722,-88.47607222,1,Daylight,35,Embankment,1,Clear,1
28,Mississippi,280259,HOLMES (51),NOT APPLICABLE,6,June,5,Thursday,2024,18,6:00pm-6:59pm,1,Rural,5,Major Collector,33.19569722,-89.77836944,1,Daylight,12,Motor Vehicle In-Transport,1,Clear,1
28,Mississippi,280260,GRENADA (43),GRENADA,6,June,7,Saturday,2024,0,0:00am-0:59am,2,Urban,1,Interstate,33.72917222,-89.83186667,2,Dark - Not Lighted,8,Pedestrian,1,Clear,1
28,Mississippi,280261,HUMPHREYS (53),NOT APPLICABLE,6,June,7,Saturday,2024,6,6:00am-6:59am,1,Rural,3,Other Principal Arterial,33.24910833,-90.580975,2,Dark - Not Lighted,34,Ditch,1,Clear,1
28,Mississippi,280262,JONES (67),LAUREL,6,June,7,Saturday,2024,9,9:00am-9:59am,2,Urban,3,Other Principal Arterial,31.663625,-89.16056944,1,Daylight,12,Motor Vehicle In-Transport,1,Clear,1
28,Mississippi,280263,MARSHALL (93),NOT APPLICABLE,6,June,7,Saturday,2024,13,1:00pm-1:59pm,1,Rural,4,Minor Arterial,34.82405,-89.30831667,1,Daylight,12,Motor Vehicle In-Transport,1,Clear,1
28,Mississippi,280264,DE SOTO (33),SOUTHAVEN,6,June,1,Sunday,2024,3,3:00am-3:59am,2,Urban,1,Interstate,34.99425278,-90.00256111,3,Dark - Lighted,20,Impact Attenuator/Crash Cushion,1,Clear,1
28,Mississippi,280265,HINDS (49),JACKSON,6,June,1,Sunday,2024,5,5:00am-5:59am,1,Rural,7,Local,32.27412778,-90.19420556,1,Daylight,9,Pedalcyclist,1,Clear,1
28,Mississippi,280266,JONES (67),NOT APPLICABLE,6,June,1,Sunday,2024,19,7:00pm-7:59pm,1,Rural,7,Local,31.77798056,-89.36253056,5,Dusk,42,Tree (Standing Only),1,Clear,1
28,Mississippi,280267,NOXUBEE (103),NOT APPLICABLE,6,June,2,Monday,2024,8,8:00am-8:59am,1,Rural,3,Other Principal Arterial,33.27750278,-88.59776389,1,Daylight,12,Motor Vehicle In-Transport,1,Clear,1
28,Mississippi,280268,ATTALA (7),NOT APPLICABLE,6,June,5,Thursday,2024,12,12:00pm-12:59pm,1,Rural,4,Minor Arterial,33.04321111,-89.62674444,1,Daylight,12,Motor Vehicle In-Transport,1,Clear,1
28,Mississippi,280269,MADISON (89),MADISON,6,June,2,Monday,2024,22,10:00pm-10:59pm,2,Urban,1,Interstate,32.480625,-90.130375,3,Dark - Lighted,25,Concrete Traffic Barrier,1,Clear,1
28,Mississippi,280270,BENTON (9),NOT APPLICABLE,5,May,6,Friday,2024,6,6:00am-6:59am,1,Rural,4,Minor Arterial,34.813275,-89.28195556,4,Dawn,30,Utility Pole/Light Support,2,Rain,1
28,Mississippi,280271,TUNICA (143),NOT APPLICABLE,5,May,1,Sunday,2024,7,7:00am-7:59am,1,Rural,4,Minor Arterial,34.62767778,-90.24571944,1,Daylight,59,Traffic Sign Support,1,Clear,1
28,Mississippi,280272,ITAWAMBA (57),NOT APPLICABLE,5,May,1,Sunday,2024,22,10:00pm-10:59pm,1,Rural,5,Major Collector,34.11755,-88.38213611,2,Dark - Not Lighted,1,Rollover/Overturn,1,Clear,1
28,Mississippi,280273,HINDS (49),JACKSON,5,May,2,Monday,2024,20,8:00pm-8:59pm,2,Urban,5,Major Collector,32.28833611,-90.24031111,2,Dark - Not Lighted,8,Pedestrian,1,Clear,1
28,Mississippi,280274,WILKINSON (157),CENTREVILLE,6,June,2,Monday,2024,17,5:00pm-5:59pm,1,Rural,4,Minor Arterial,31.07678611,-91.07172222,1,Daylight,12,Motor Vehicle In-Transport,1,Clear,2
28,Mississippi,280275,LEAKE (79),NOT APPLICABLE,6,June,4,Wednesday,2024,10,10:00am-10:59am,1,Rural,5,Major Collector,32.71651667,-89.421025,1,Daylight,53,Mail Box,1,Clear,1
28,Mississippi,280276,LINCOLN (85),NOT APPLICABLE,6,June,5,Thursday,2024,8,8:00am-8:59am,2,Urban,1,Interstate,31.54696667,-90.4797,1,Daylight,23,Bridge Rail (Includes parapet),1,Clear,1
28,Mississippi,280277,RANKIN (121),NOT APPLICABLE,6,June,2,Monday,2024,7,7:00am-7:59am,1,Rural,3,Other Principal Arterial,32.08167222,-90.02710833,1,Daylight,12,Motor Vehicle In-Transport,1,Clear,1
28,Mississippi,280278,HINDS (49),Other,3,March,1,Sunday,2024,14,2:00pm-2:59pm,2,Urban,1,Interstate,32.315375,-90.15884722,1,Daylight,14,Parked Motor Vehicle,2,Rain,1
28,Mississippi,280279,BOLIVAR (11),NOT APPLICABLE,6,June,3,Tuesday,2024,20,8:00pm-8:59pm,1,Rural,5,Major Collector,33.62084167,-90.9891,2,Dark - Not Lighted,34,Ditch,1,Clear,1
28,Mississippi,280280,GEORGE (39),NOT APPLICABLE,6,June,4,Wednesday,2024,5,5:00am-5:59am,1,Rural,3,Other Principal Arterial,30.83300278,-88.59806667,2,Dark - Not Lighted,9,Pedalcyclist,1,Clear,1
28,Mississippi,280281,MARSHALL (93),NOT APPLICABLE,6,June,6,Friday,2024,0,0:00am-0:59am,1,Rural,3,Other Principal Arterial,34.96233889,-89.63888056,3,Dark - Lighted,12,Motor Vehicle In-Transport,1,Clear,1
28,Mississippi,280282,PIKE (113),NOT APPLICABLE,5,May,2,Monday,2024,19,7:00pm-7:59pm,1,Rural,5,Major Collector,31.28364722,-90.31765278,2,Dark - Not Lighted,12,Motor Vehicle In-Transport,2,Rain,1
28,Mississippi,280283,PRENTISS (117),NOT APPLICABLE,6,June,6,Friday,2024,11,11:00am-11:59am,1,Rural,5,Major Collector,34.71235556,-88.56057778,1,Daylight,12,Motor Vehicle In-Transport,1,Clear,2
28,Mississippi,280284,MARSHALL (93),NOT APPLICABLE,6,June,6,Friday,2024,15,3:00pm-3:59pm,1,Rural,4,Minor Arterial,34.91910278,-89.50376944,1,Daylight,35,Embankment,1,Clear,1
28,Mississippi,280285,NESHOBA (99),NOT APPLICABLE,6,June,6,Friday,2024,21,9:00pm-9:59pm,1,Rural,7,Local,32.62312778,-89.21690833,2,Dark - Not Lighted,35,Embankment,1,Clear,1
28,Mississippi,280286,HARRISON (47),GULFPORT,6,June,7,Saturday,2024,2,2:00am-2:59am,2,Urban,1,Interstate,30.43347222,-89.09148056,3,Dark - Lighted,8,Pedestrian,1,Clear,1
28,Mississippi,280287,HINDS (49),NOT APPLICABLE,6,June,7,Saturday,2024,19,7:00pm-7:59pm,1,Rural,1,Interstate,32.34843333,-90.57058611,5,Dusk,12,Motor Vehicle In-Transport,1,Clear,1
28,Mississippi,280288,HINDS (49),JACKSON,6,June,1,Sunday,2024,1,1:00am-1:59am,2,Urban,4,Minor Arterial,32.34953056,-90.15746667,3,Dark - Lighted,35,Embankment,1,Clear,1
28,Mississippi,280289,FORREST (35),NOT APPLICABLE,6,June,2,Monday,2024,23,11:00pm-11:59pm,1,Rural,7,Local,31.36421111,-89.31748611,3,Dark - Lighted,12,Motor Vehicle In-Transport,1,Clear,3
28,Mississippi,280290,HARRISON (47),GULFPORT,6,June,5,Thursday,2024,3,3:00am-3:59am,2,Urban,3,Other Principal Arterial,30.36768333,-89.08658611,3,Dark - Lighted,8,Pedestrian,1,Clear,1
28,Mississippi,280291,ITAWAMBA (57),NOT APPLICABLE,6,June,5,Thursday,2024,16,4:00pm-4:59pm,1,Rural,4,Minor Arterial,34.09351944,-88.50883889,1,Daylight,12,Motor Vehicle In-Transport,1,Clear,2
28,Mississippi,280292,OKTIBBEHA (105),NOT APPLICABLE,6,June,5,Thursday,2024,20,8:00pm-8:59pm,1,Rural,5,Major Collector,33.539675,-89.07481111,2,Dark - Not Lighted,12,Motor Vehicle In-Transport,1,Clear,2
28,Mississippi,280293,TIPPAH (139),NOT APPLICABLE,6,June,7,Saturday,2024,4,4:00am-4:59am,1,Rural,7,Local,34.82415278,-88.79476111,2,Dark - Not Lighted,34,Ditch,1,Clear,1
28,Mississippi,280294,LOWNDES (87),NOT APPLICABLE,6,June,2,Monday,2024,16,4:00pm-4:59pm,1,Rural,3,Other Principal Arterial,33.64437222,-88.41886667,1,Daylight,12,Motor Vehicle In-Transport,1,Clear,1
28,Mississippi,280295,MARSHALL (93),NOT APPLICABLE,6,June,3,Tuesday,2024,6,6:00am-6:59am,1,Rural,5,Major Collector,34.71336667,-89.65194722,1,Daylight,35,Embankment,1,Clear,1
28,Mississippi,280296,HINDS (49),JACKSON,6,June,3,Tuesday,2024,18,6:00pm-6:59pm,2,Urban,5,Major Collector,32.34734167,-90.15396111,1,Daylight,30,Utility Pole/Light Support,1,Clear,1
28,Mississippi,280297,HINDS (49),JACKSON,1,January,3,Tuesday,2024,23,11:00pm-11:59pm,2,Urban,1,Interstate,32.38722778,-90.19594167,3,Dark - Lighted,42,Tree (Standing Only),1,Clear,1
28,Mississippi,280299,RANKIN (121),NOT APPLICABLE,5,May,6,Friday,2024,11,11:00am-11:59am,2,Urban,4,Minor Arterial,32.23549167,-90.07091111,1,Daylight,12,Motor Vehicle In-Transport,2,Rain,1
28,Mississippi,280301,ATTALA (7),NOT APPLICABLE,6,June,2,Monday,2024,18,6:00pm-6:59pm,1,Rural,7,Local,33.02699722,-89.56422778,1,Daylight,32,Culvert,1,Clear,1
28,Mississippi,280302,PONTOTOC (115),NOT APPLICABLE,6,June,2,Monday,2024,21,9:00pm-9:59pm,1,Rural,98,Not Reported,34.271375,-89.05043611,2,Dark - Not Lighted,1,Rollover/Overturn,1,Clear,1
28,Mississippi,280303,RANKIN (121),FLOWOOD,6,June,4,Wednesday,2024,2,2:00am-2:59am,2,Urban,3,Other Principal Arterial,32.33768611,-90.09336111,3,Dark - Lighted,33,Curb,1,Clear,1
28,Mississippi,280304,RANKIN (121),BRANDON,6,June,4,Wednesday,2024,9,9:00am-9:59am,2,Urban,3,Other Principal Arterial,32.28363333,-90.02866389,1,Daylight,12,Motor Vehicle In-Transport,1,Clear,1
28,Mississippi,280305,MADISON (89),NOT APPLICABLE,6,June,5,Thursday,2024,20,8:00pm-8:59pm,2,Urban,3,Other Principal Arterial,32.56773333,-90.32818056,2,Dark - Not Lighted,32,Culvert,1,Clear,1
28,Mississippi,280306,HOLMES (51),NOT APPLICABLE,6,June,7,Saturday,2024,0,0:00am-0:59am,1,Rural,4,Minor Arterial,32.97093611,-89.98624722,2,Dark - Not Lighted,12,Motor Vehicle In-Transport,1,Clear,1
28,Mississippi,280307,LAFAYETTE (71),NOT APPLICABLE,6,June,7,Saturday,2024,13,1:00pm-1:59pm,1,Rural,4,Minor Arterial,34.20760556,-89.68359167,1,Daylight,42,Tree (Standing Only),1,Clear,1
28,Mississippi,280308,NESHOBA (99),PHILADELPHIA,6,June,2,Monday,2024,15,3:00pm-3:59pm,2,Urban,4,Minor Arterial,32.785425,-89.099125,1,Daylight,34,Ditch,1,Clear,1
28,Mississippi,280309,WARREN (149),NOT APPLICABLE,6,June,3,Tuesday,2024,3,3:00am-3:59am,1,Rural,4,Minor Arterial,32.27009167,-90.77463889,2,Dark - Not Lighted,42,Tree (Standing Only),10,Cloudy,2
28,Mississippi,280310,MONTGOMERY (97),WINONA,6,June,3,Tuesday,2024,20,8:00pm-8:59pm,1,Rural,3,Other Principal Arterial,77.7777,777.7777,2,Dark - Not Lighted,12,Motor Vehicle In-Transport,1,Clear,1
28,Mississippi,280311,HARRISON (47),NOT APPLICABLE,6,June,4,Wednesday,2024,7,7:00am-7:59am,2,Urban,4,Minor Arterial,30.42733889,-89.13668611,1,Daylight,12,Motor Vehicle In-Transport,1,Clear,1
28,Mississippi,280312,FORREST (35),NOT APPLICABLE,6,June,5,Thursday,2024,12,12:00pm-12:59pm,1,Rural,3,Other Principal Arterial,31.03785,-89.20248333,1,Daylight,1,Rollover/Overturn,1,Clear,1
28,Mississippi,280313,FORREST (35),NOT APPLICABLE,6,June,6,Friday,2024,2,2:00am-2:59am,1,Rural,1,Interstate,31.22916667,-89.32312778,6,Dark - Unknown Lighting,42,Tree (Standing Only),1,Clear,1
28,Mississippi,280314,LEE (81),NETTLETON,6,June,6,Friday,2024,8,8:00am-8:59am,1,Rural,3,Other Principal Arterial,34.09358889,-88.64111944,1,Daylight,12,Motor Vehicle In-Transport,1,Clear,1
28,Mississippi,280315,LINCOLN (85),NOT APPLICABLE,6,June,6,Friday,2024,13,1:00pm-1:59pm,1,Rural,5,Major Collector,31.46508611,-90.57096111,1,Daylight,42,Tree (Standing Only),1,Clear,1
28,Mississippi,280316,NEWTON (101),NOT APPLICABLE,6,June,7,Saturday,2024,0,0:00am-0:59am,1,Rural,1,Interstate,32.34296667,-88.94311389,2,Dark - Not Lighted,8,Pedestrian,1,Clear,1
28,Mississippi,280317,MADISON (89),Other,6,June,7,Saturday,2024,15,3:00pm-3:59pm,2,Urban,1,Interstate,32.51953611,-90.09975278,1,Daylight,12,Motor Vehicle In-Transport,1,Clear,1
28,Mississippi,280318,LAFAYETTE (71),NOT APPLICABLE,6,June,5,Thursday,2024,15,3:00pm-3:59pm,1,Rural,5,Major Collector,34.24396667,-89.40464444,1,Daylight,35,Embankment,1,Clear,1
28,Mississippi,280319,COVINGTON (31),NOT APPLICABLE,7,July,3,Tuesday,2024,15,3:00pm-3:59pm,1,Rural,5,Major Collector,31.70103611,-89.46038333,1,Daylight,12,Motor Vehicle In-Transport,1,Clear,1
28,Mississippi,280320,LOWNDES (87),COLUMBUS,7,July,4,Wednesday,2024,20,8:00pm-8:59pm,2,Urban,5,Major Collector,33.49162778,-88.41556944,3,Dark - Lighted,43,Other Fixed Object,1,Clear,1
28,Mississippi,280321,LAMAR (73),NOT APPLICABLE,7,July,5,Thursday,2024,14,2:00pm-2:59pm,1,Rural,5,Major Collector,31.12715,-89.456275,1,Daylight,35,Embankment,2,Rain,1
28,Mississippi,280322,PEARL RIVER (109),NOT APPLICABLE,7,July,5,Thursday,2024,23,11:00pm-11:59pm,1,Rural,4,Minor Arterial,30.99934722,-89.40424722,2,Dark - Not Lighted,12,Motor Vehicle In-Transport,1,Clear,1
28,Mississippi,280323,SUNFLOWER (133),NOT APPLICABLE,7,July,6,Friday,2024,19,7:00pm-7:59pm,1,Rural,5,Major Collector,33.44035,-90.50570278,1,Daylight,34,Ditch,1,Clear,1
28,Mississippi,280324,PIKE (113),NOT APPLICABLE,7,July,7,Saturday,2024,17,5:00pm-5:59pm,1,Rural,5,Major Collector,31.328675,-90.46886389,1,Daylight,34,Ditch,2,Rain,1
28,Mississippi,280325,WASHINGTON (151),NOT APPLICABLE,7,July,2,Monday,2024,11,11:00am-11:59am,1,Rural,3,Other Principal Arterial,33.46726667,-90.84816667,1,Daylight,12,Motor Vehicle In-Transport,10,Cloudy,1
28,Mississippi,280326,GEORGE (39),NOT APPLICABLE,7,July,4,Wednesday,2024,14,2:00pm-2:59pm,1,Rural,3,Other Principal Arterial,30.90348333,-88.46755556,1,Daylight,12,Motor Vehicle In-Transport,1,Clear,1
28,Mississippi,280327,RANKIN (121),NOT APPLICABLE,7,July,4,Wednesday,2024,5,5:00am-5:59am,2,Urban,3,Other Principal Arterial,32.35581389,-90.06135,3,Dark - Lighted,30,Utility Pole/Light Support,1,Clear,1
28,Mississippi,280328,SCOTT (123),NOT APPLICABLE,7,July,6,Friday,2024,17,5:00pm-5:59pm,1,Rural,1,Interstate,32.32557222,-89.40913889,1,Daylight,42,Tree (Standing Only),10,Cloudy,1
28,Mississippi,280329,LOWNDES (87),NOT APPLICABLE,7,July,3,Tuesday,2024,15,3:00pm-3:59pm,1,Rural,4,Minor Arterial,33.62270833,-88.31334722,1,Daylight,12,Motor Vehicle In-Transport,1,Clear,1
28,Mississippi,280330,DE SOTO (33),TOWN OF WALLS,6,June,6,Friday,2024,21,9:00pm-9:59pm,1,Rural,3,Other Principal Arterial,34.9448,-90.15241944,2,Dark - Not Lighted,43,Other Fixed Object,1,Clear,1
28,Mississippi,280331,OKTIBBEHA (105),NOT APPLICABLE,6,June,5,Thursday,2024,19,7:00pm-7:59pm,2,Urban,3,Other Principal Arterial,33.433525,-88.86743611,1,Daylight,12,Motor Vehicle In-Transport,2,Rain,1
28,Mississippi,280332,HARRISON (47),GULFPORT,7,July,2,Monday,2024,22,10:00pm-10:59pm,2,Urban,3,Other Principal Arterial,30.45935,-89.10078889,3,Dark - Lighted,8,Pedestrian,1,Clear,1
28,Mississippi,280333,PANOLA (107),NOT APPLICABLE,7,July,5,Thursday,2024,0,0:00am-0:59am,1,Rural,4,Minor Arterial,34.37480278,-89.86036111,2,Dark - Not Lighted,8,Pedestrian,1,Clear,2
28,Mississippi,280334,HINDS (49),JACKSON,7,July,6,Friday,2024,15,3:00pm-3:59pm,2,Urban,3,Other Principal Arterial,32.36184444,-90.17200556,1,Daylight,12,Motor Vehicle In-Transport,1,Clear,1
28,Mississippi,280335,CALHOUN (13),NOT APPLICABLE,7,July,1,Sunday,2024,15,3:00pm-3:59pm,1,Rural,4,Minor Arterial,33.91589167,-89.32545278,1,Daylight,12,Motor Vehicle In-Transport,1,Clear,1
28,Mississippi,280336,LAFAYETTE (71),NOT APPLICABLE,7,July,3,Tuesday,2024,6,6:00am-6:59am,1,Rural,4,Minor Arterial,34.40592778,-89.387675,1,Daylight,12,Motor Vehicle In-Transport,1,Clear,1
28,Mississippi,280337,JONES (67),NOT APPLICABLE,7,July,5,Thursday,2024,15,3:00pm-3:59pm,1,Rural,5,Major Collector,31.62640556,-89.09441944,1,Daylight,12,Motor Vehicle In-Transport,2,Rain,1
28,Mississippi,280338,SCOTT (123),FOREST,7,July,5,Thursday,2024,20,8:00pm-8:59pm,1,Rural,5,Major Collector,32.33726667,-89.46563056,2,Dark - Not Lighted,8,Pedestrian,2,Rain,1
28,Mississippi,280339,CHICKASAW (17),NOT APPLICABLE,7,July,5,Thursday,2024,23,11:00pm-11:59pm,1,Rural,7,Local,33.98225833,-88.75511944,2,Dark - Not Lighted,30,Utility Pole/Light Support,2,Rain,1
28,Mississippi,280340,WASHINGTON (151),NOT APPLICABLE,7,July,6,Friday,2024,5,5:00am-5:59am,1,Rural,3,Other Principal Arterial,33.42729167,-90.87676667,1,Daylight,12,Motor Vehicle In-Transport,10,Cloudy,1
28,Mississippi,280341,LEE (81),NOT APPLICABLE,7,July,7,Saturday,2024,21,9:00pm-9:59pm,8,Not Reported,7,Local,34.0996,-88.77560833,2,Dark - Not Lighted,8,Pedestrian,1,Clear,1
28,Mississippi,280342,PRENTISS (117),NOT APPLICABLE,7,July,1,Sunday,2024,0,0:00am-0:59am,1,Rural,3,Other Principal Arterial,34.73016111,-88.56279167,2,Dark - Not Lighted,12,Motor Vehicle In-Transport,1,Clear,1
28,Mississippi,280343,BENTON (9),NOT APPLICABLE,7,July,2,Monday,2024,9,9:00am-9:59am,1,Rural,4,Minor Arterial,34.64448333,-89.17765833,1,Daylight,42,Tree (Standing Only),1,Clear,1
28,Mississippi,280344,RANKIN (121),NOT APPLICABLE,7,July,7,Saturday,2024,22,10:00pm-10:59pm,2,Urban,3,Other Principal Arterial,32.50560278,-89.93071944,2,Dark - Not Lighted,8,Pedestrian,1,Clear,1
28,Mississippi,280345,HINDS (49),Other,7,July,7,Saturday,2024,22,10:00pm-10:59pm,2,Urban,3,Other Principal Arterial,32.28712778,-90.21502778,3,Dark - Lighted,8,Pedestrian,1,Clear,1
28,Mississippi,280346,OKTIBBEHA (105),NOT APPLICABLE,7,July,2,Monday,2024,12,12:00pm-12:59pm,1,Rural,3,Other Principal Arterial,33.49920833,-88.95859722,1,Daylight,12,Motor Vehicle In-Transport,1,Clear,1
28,Mississippi,280347,YALOBUSHA (161),NOT APPLICABLE,7,July,2,Monday,2024,16,4:00pm-4:59pm,1,Rural,1,Interstate,88.8888,888.8888,1,Daylight,1,Rollover/Overturn,1,Clear,1
28,Mississippi,280348,GRENADA (43),GRENADA,7,July,3,Tuesday,2024,9,9:00am-9:59am,2,Urban,1,Interstate,33.80796667,-89.839175,1,Daylight,23,Bridge Rail (Includes parapet),1,Clear,1
28,Mississippi,280349,TALLAHATCHIE (135),NOT APPLICABLE,7,July,4,Wednesday,2024,9,9:00am-9:59am,1,Rural,5,Major Collector,33.86561944,-89.92651111,1,Daylight,42,Tree (Standing Only),2,Rain,1
28,Mississippi,280350,ATTALA (7),NOT APPLICABLE,7,July,5,Thursday,2024,12,12:00pm-12:59pm,1,Rural,4,Minor Arterial,33.04698611,-89.43235833,1,Daylight,42,Tree (Standing Only),10,Cloudy,1
28,Mississippi,280351,HINDS (49),JACKSON,7,July,6,Friday,2024,0,0:00am-0:59am,2,Urban,5,Major Collector,32.25174167,-90.25343056,2,Dark - Not Lighted,8,Pedestrian,10,Cloudy,1
28,Mississippi,280352,GEORGE (39),NOT APPLICABLE,7,July,6,Friday,2024,20,8:00pm-8:59pm,8,Not Reported,7,Local,30.811775,-88.56749444,2,Dark - Not Lighted,30,Utility Pole/Light Support,10,Cloudy,1
28,Mississippi,280353,HANCOCK (45),NOT APPLICABLE,7,July,7,Saturday,2024,22,10:00pm-10:59pm,1,Rural,3,Other Principal Arterial,30.30259167,-89.52362778,2,Dark - Not Lighted,12,Motor Vehicle In-Transport,1,Clear,1
28,Mississippi,280354,CHICKASAW (17),HOUSTON,7,July,1,Sunday,2024,5,5:00am-5:59am,1,Rural,4,Minor Arterial,33.89462778,-89.02321667,2,Dark - Not Lighted,32,Culvert,2,Rain,1
28,Mississippi,280355,WAYNE (153),NOT APPLICABLE,7,July,3,Tuesday,2024,0,0:00am-0:59am,1,Rural,5,Major Collector,31.65446944,-88.52551111,2,Dark - Not Lighted,42,Tree (Standing Only),1,Clear,1
28,Mississippi,280356,WINSTON (159),NOT APPLICABLE,8,August,5,Thursday,2024,22,10:00pm-10:59pm,1,Rural,4,Minor Arterial,33.10427778,-88.92666389,2,Dark - Not Lighted,12,Motor Vehicle In-Transport,1,Clear,6
28,Mississippi,280357,PANOLA (107),BATESVILLE,8,August,6,Friday,2024,6,6:00am-6:59am,2,Urban,3,Other Principal Arterial,34.31000833,-89.91686389,4,Dawn,12,Motor Vehicle In-Transport,1,Clear,2
28,Mississippi,280358,LOWNDES (87),NOT APPLICABLE,7,July,3,Tuesday,2024,15,3:00pm-3:59pm,1,Rural,3,Other Principal Arterial,33.47883056,-88.53867222,1,Daylight,12,Motor Vehicle In-Transport,1,Clear,1
28,Mississippi,280359,WASHINGTON (151),NOT APPLICABLE,7,July,1,Sunday,2024,5,5:00am-5:59am,1,Rural,4,Minor Arterial,33.32727222,-91.04349722,2,Dark - Not Lighted,8,Pedestrian,1,Clear,1