STATE,STATENAME,ST_CASE,COUNTYNAME,CITYNAME,MONTH,MONTHNAME,DAY_WEEK,DAY_WEEKNAME,YEAR,HOUR,HOURNAME,RUR_URB,RUR_URBNAME,FUNC_SYS,FUNC_SYSNAME,LATITUDE,LONGITUD,LGT_COND,LGT_CONDNAME,HARM_EV,HARM_EVNAME,WEATHER,WEATHERNAME,FATALS
28,Mississippi,280478,TUNICA (143),NOT APPLICABLE,9,September,2,Monday,2024,15,3:00pm-3:59pm,1,Rural,3,Other Principal Arterial,34.81719444,-90.2728,1,Daylight,12,Motor Vehicle In-Transport,1,Clear,2
28,Mississippi,280479,JASPER (61),NOT APPLICABLE,9,September,2,Monday,2024,8,8:00am-8:59am,1,Rural,4,Minor Arterial,32.07511667,-89.26034167,1,Daylight,35,Embankment,1,Clear,1
28,Mississippi,280480,PIKE (113),NOT APPLICABLE,10,October,4,Wednesday,2024,7,7:00am-7:59am,2,Urban,1,Interstate,31.29158333,-90.47843333,2,Dark - Not Lighted,57,Cable Barrier,1,Clear,1
28,Mississippi,280481,GEORGE (39),NOT APPLICABLE,10,October,6,Friday,2024,21,9:00pm-9:59pm,1,Rural,3,Other Principal Arterial,30.91649722,-88.62776389,2,Dark - Not Lighted,12,Motor Vehicle In-Transport,1,Clear,1
28,Mississippi,280482,TATE (137),NOT APPLICABLE,10,October,1,Sunday,2024,4,4:00am-4:59am,1,Rural,5,Major Collector,34.61826389,-90.09390278,2,Dark - Not Lighted,42,Tree (Standing Only),99,Reported as Unknown,2
28,Mississippi,280483,MARION (91),NOT APPLICABLE,10,October,1,Sunday,2024,13,1:00pm-1:59pm,1,Rural,5,Major Collector,31.3307,-90.03822778,1,Daylight,12,Motor Vehicle In-Transport,1,Clear,1
28,Mississippi,280484,DE SOTO (33),OLIVE BRANCH,10,October,1,Sunday,2024,13,1:00pm-1:59pm,2,Urban,2,Other Freeways and Expressways,34.97054167,-89.85948056,1,Daylight,42,Tree (Standing Only),1,Clear,1
28,Mississippi,280485,LAWRENCE (77),NOT APPLICABLE,10,October,7,Saturday,2024,18,6:00pm-6:59pm,1,Rural,5,Major Collector,31.60046111,-90.16020833,1,Daylight,32,Culvert,1,Clear,1
28,Mississippi,280486,RANKIN (121),FLOWOOD,10,October,2,Monday,2024,6,6:00am-6:59am,2,Urban,3,Other Principal Arterial,32.32106111,-90.12026667,3,Dark - Lighted,12,Motor Vehicle In-Transport,1,Clear,1
28,Mississippi,280487,RANKIN (121),PEARL,10,October,5,Thursday,2024,23,11:00pm-11:59pm,2,Urban,4,Minor Arterial,32.24834722,-90.127025,3,Dark - Lighted,30,Utility Pole/Light Support,1,Clear,1
28,Mississippi,280488,ALCORN (3),NOT APPLICABLE,10,October,6,Friday,2024,16,4:00pm-4:59pm,1,Rural,3,Other Principal Arterial,34.85787778,-88.559275,1,Daylight,12,Motor Vehicle In-Transport,1,Clear,1
28,Mississippi,280489,YAZOO (163),NOT APPLICABLE,10,October,7,Saturday,2024,2,2:00am-2:59am,1,Rural,3,Other Principal Arterial,32.80719444,-90.37195,2,Dark - Not Lighted,12,Motor Vehicle In-Transport,1,Clear,1
28,Mississippi,280490,LEFLORE (83),NOT APPLICABLE,10,October,7,Saturday,2024,20,8:00pm-8:59pm,1,Rural,3,Other Principal Arterial,33.52566389,-90.27111667,2,Dark - Not Lighted,34,Ditch,1,Clear,1
28,Mississippi,280491,LAUDERDALE (75),NOT APPLICABLE,10,October,1,Sunday,2024,7,7:00am-7:59am,1,Rural,7,Local,32.33570556,-88.72538889,4,Dawn,32,Culvert,1,Clear,1
28,Mississippi,280492,LAUDERDALE (75),MERIDIAN,8,August,5,Thursday,2024,3,3:00am-3:59am,2,Urban,3,Other Principal Arterial,32.380325,-88.68159167,3,Dark - Lighted,8,Pedestrian,1,Clear,1
28,Mississippi,280493,PIKE (113),NOT APPLICABLE,9,September,6,Friday,2024,11,11:00am-11:59am,1,Rural,5,Major Collector,31.249325,-90.42043333,1,Daylight,38,Fence,1,Clear,1
28,Mississippi,280494,PIKE (113),NOT APPLICABLE,10,October,6,Friday,2024,0,0:00am-0:59am,1,Rural,7,Local,31.23919722,-90.41511667,2,Dark - Not Lighted,12,Motor Vehicle In-Transport,1,Clear,1
28,Mississippi,280495,HINDS (49),JACKSON,10,October,7,Saturday,2024,0,0:00am-0:59am,2,Urban,1,Interstate,32.3787,-90.14749444,3,Dark - Lighted,12,Motor Vehicle In-Transport,1,Clear,1
28,Mississippi,280496,HINDS (49),NOT APPLICABLE,10,October,4,Wednesday,2024,14,2:00pm-2:59pm,1,Rural,5,Major Collector,32.19447222,-90.63050833,1,Daylight,1,Rollover/Overturn,1,Clear,1
28,Mississippi,280497,WASHINGTON (151),GREENVILLE,10,October,6,Friday,2024,4,4:00am-4:59am,2,Urban,4,Minor Arterial,33.40639167,-91.05169167,2,Dark - Not Lighted,30,Utility Pole/Light Support,1,Clear,1
28,Mississippi,280498,ALCORN (3),NOT APPLICABLE,10,October,6,Friday,2024,19,7:00pm-7:59pm,1,Rural,5,Major Collector,34.78323611,-88.66405,2,Dark - Not Lighted,1,Rollover/Overturn,1,Clear,1
28,Mississippi,280499,JONES (67),NOT APPLICABLE,10,October,6,Friday,2024,20,8:00pm-8:59pm,1,Rural,7,Local,31.53553056,-89.07768611,2,Dark - Not Lighted,42,Tree (Standing Only),1,Clear,1
28,Mississippi,280500,SMITH (129),NOT APPLICABLE,10,October,1,Sunday,2024,19,7:00pm-7:59pm,1,Rural,5,Major Collector,31.945475,-89.37159722,2,Dark - Not Lighted,12,Motor Vehicle In-Transport,1,Clear,1
28,Mississippi,280501,LINCOLN (85),NOT APPLICABLE,10,October,4,Wednesday,2024,20,8:00pm-8:59pm,1,Rural,1,Interstate,31.68792778,-90.45266667,2,Dark - Not Lighted,1,Rollover/Overturn,1,Clear,1
28,Mississippi,280502,MARSHALL (93),NOT APPLICABLE,10,October,6,Friday,2024,17,5:00pm-5:59pm,1,Rural,7,Local,34.91284722,-89.66210278,1,Daylight,1,Rollover/Overturn,1,Clear,1
28,Mississippi,280503,SUNFLOWER (133),NOT APPLICABLE,10,October,7,Saturday,2024,0,0:00am-0:59am,1,Rural,3,Other Principal Arterial,33.46198889,-90.54392222,2,Dark - Not Lighted,12,Motor Vehicle In-Transport,1,Clear,1
28,Mississippi,280504,LAUDERDALE (75),NOT APPLICABLE,10,October,1,Sunday,2024,1,1:00am-1:59am,1,Rural,1,Interstate,32.39241111,-88.59061111,2,Dark - Not Lighted,12,Motor Vehicle In-Transport,1,Clear,1
28,Mississippi,280505,COAHOMA (27),NOT APPLICABLE,10,October,1,Sunday,2024,1,1:00am-1:59am,2,Urban,3,Other Principal Arterial,34.14240833,-90.533875,2,Dark - Not Lighted,30,Utility Pole/Light Support,1,Clear,1
28,Mississippi,280506,PERRY (111),NOT APPLICABLE,10,October,2,Monday,2024,9,9:00am-9:59am,1,Rural,5,Major Collector,31.29405,-89.08818889,1,Daylight,12,Motor Vehicle In-Transport,1,Clear,1
28,Mississippi,280507,LEE (81),TUPELO,10,October,4,Wednesday,2024,13,1:00pm-1:59pm,2,Urban,4,Minor Arterial,34.24136389,-88.71791111,1,Daylight,12,Motor Vehicle In-Transport,1,Clear,1
28,Mississippi,280508,LAMAR (73),Other,10,October,4,Wednesday,2024,17,5:00pm-5:59pm,2,Urban,3,Other Principal Arterial,31.324925,-89.35223889,1,Daylight,12,Motor Vehicle In-Transport,1,Clear,1
28,Mississippi,280509,WASHINGTON (151),GREENVILLE,10,October,6,Friday,2024,22,10:00pm-10:59pm,2,Urban,3,Other Principal Arterial,33.44220556,-91.04105,3,Dark - Lighted,8,Pedestrian,1,Clear,1
28,Mississippi,280510,GREENE (41),NOT APPLICABLE,10,October,7,Saturday,2024,15,3:00pm-3:59pm,1,Rural,5,Major Collector,31.10386944,-88.48747222,1,Daylight,34,Ditch,1,Clear,1
28,Mississippi,280511,HARRISON (47),GULFPORT,10,October,7,Saturday,2024,15,3:00pm-3:59pm,2,Urban,3,Other Principal Arterial,30.37856389,-89.04401667,1,Daylight,12,Motor Vehicle In-Transport,1,Clear,1
28,Mississippi,280512,KEMPER (69),NOT APPLICABLE,10,October,7,Saturday,2024,17,5:00pm-5:59pm,1,Rural,4,Minor Arterial,32.77603889,-88.70681389,1,Daylight,32,Culvert,1,Clear,1
28,Mississippi,280513,HANCOCK (45),NOT APPLICABLE,10,October,7,Saturday,2024,23,11:00pm-11:59pm,1,Rural,5,Major Collector,30.39600278,-89.52515833,2,Dark - Not Lighted,1,Rollover/Overturn,1,Clear,1
28,Mississippi,280514,PERRY (111),NOT APPLICABLE,10,October,2,Monday,2024,5,5:00am-5:59am,1,Rural,5,Major Collector,31.12133333,-89.01675278,2,Dark - Not Lighted,42,Tree (Standing Only),5,"Fog, Smog, Smoke",1
28,Mississippi,280515,COAHOMA (27),NOT APPLICABLE,10,October,2,Monday,2024,13,1:00pm-1:59pm,1,Rural,3,Other Principal Arterial,34.25007778,-90.52578889,1,Daylight,8,Pedestrian,1,Clear,1
28,Mississippi,280516,GRENADA (43),NOT APPLICABLE,10,October,2,Monday,2024,17,5:00pm-5:59pm,1,Rural,1,Interstate,33.88230278,-89.85006389,1,Daylight,52,Guardrail End,1,Clear,1
28,Mississippi,280517,FORREST (35),NOT APPLICABLE,10,October,3,Tuesday,2024,13,1:00pm-1:59pm,2,Urban,3,Other Principal Arterial,31.3786,-89.32036667,1,Daylight,12,Motor Vehicle In-Transport,1,Clear,1
28,Mississippi,280518,MONROE (95),NOT APPLICABLE,10,October,3,Tuesday,2024,14,2:00pm-2:59pm,1,Rural,5,Major Collector,33.899075,-88.56132222,1,Daylight,42,Tree (Standing Only),1,Clear,1
28,Mississippi,280519,LAFAYETTE (71),OXFORD,10,October,3,Tuesday,2024,18,6:00pm-6:59pm,2,Urban,3,Other Principal Arterial,34.3858,-89.49704167,5,Dusk,12,Motor Vehicle In-Transport,1,Clear,1
28,Mississippi,280520,FORREST (35),NOT APPLICABLE,10,October,5,Thursday,2024,0,0:00am-0:59am,1,Rural,4,Minor Arterial,31.41888056,-89.41078889,6,Dark - Unknown Lighting,1,Rollover/Overturn,1,Clear,1
28,Mississippi,280521,TIPPAH (139),NOT APPLICABLE,6,June,7,Saturday,2024,11,11:00am-11:59am,1,Rural,5,Major Collector,34.66599722,-88.85511944,1,Daylight,35,Embankment,1,Clear,1
28,Mississippi,280522,LEFLORE (83),NOT APPLICABLE,7,July,1,Sunday,2024,2,2:00am-2:59am,1,Rural,5,Major Collector,33.43926389,-90.25211389,2,Dark - Not Lighted,1,Rollover/Overturn,1,Clear,1
28,Mississippi,280523,DE SOTO (33),OLIVE BRANCH,10,October,4,Wednesday,2024,0,0:00am-0:59am,2,Urban,3,Other Principal Arterial,34.9624,-89.91501389,3,Dark - Lighted,12,Motor Vehicle In-Transport,1,Clear,1
28,Mississippi,280524,PRENTISS (117),NOT APPLICABLE,10,October,2,Monday,2024,21,9:00pm-9:59pm,2,Urban,3,Other Principal Arterial,34.62951389,-88.60508889,2,Dark - Not Lighted,59,Traffic Sign Support,1,Clear,1
28,Mississippi,280525,HINDS (49),NOT APPLICABLE,10,October,4,Wednesday,2024,23,11:00pm-11:59pm,1,Rural,1,Interstate,32.35961111,-90.44958333,2,Dark - Not Lighted,57,Cable Barrier,1,Clear,1
28,Mississippi,280526,LAUDERDALE (75),MERIDIAN,10,October,4,Wednesday,2024,11,11:00am-11:59am,2,Urban,3,Other Principal Arterial,32.37745556,-88.745175,1,Daylight,12,Motor Vehicle In-Transport,1,Clear,1
28,Mississippi,280527,TATE (137),NOT APPLICABLE,11,November,6,Friday,2024,7,7:00am-7:59am,1,Rural,7,Local,34.69342222,-90.08940833,1,Daylight,42,Tree (Standing Only),10,Cloudy,1
28,Mississippi,280528,COVINGTON (31),NOT APPLICABLE,11,November,7,Saturday,2024,12,12:00pm-12:59pm,1,Rural,7,Local,31.63675278,-89.72355,1,Daylight,42,Tree (Standing Only),1,Clear,1
28,Mississippi,280529,RANKIN (121),NOT APPLICABLE,11,November,7,Saturday,2024,17,5:00pm-5:59pm,1,Rural,6,Minor Collector,32.0946,-90.13101111,1,Daylight,12,Motor Vehicle In-Transport,1,Clear,1
28,Mississippi,280530,RANKIN (121),NOT APPLICABLE,11,November,7,Saturday,2024,20,8:00pm-8:59pm,1,Rural,7,Local,32.20639167,-89.96868889,3,Dark - Lighted,1,Rollover/Overturn,1,Clear,1
28,Mississippi,280531,WEBSTER (155),NOT APPLICABLE,10,October,6,Friday,2024,10,10:00am-10:59am,1,Rural,3,Other Principal Arterial,33.54042222,-89.22793333,1,Daylight,12,Motor Vehicle In-Transport,1,Clear,1
28,Mississippi,280532,ATTALA (7),NOT APPLICABLE,10,October,5,Thursday,2024,7,7:00am-7:59am,1,Rural,4,Minor Arterial,33.03066111,-89.46041111,1,Daylight,34,Ditch,1,Clear,1
28,Mississippi,280533,HARRISON (47),GULFPORT,11,November,7,Saturday,2024,21,9:00pm-9:59pm,2,Urban,4,Minor Arterial,30.36586667,-89.116875,3,Dark - Lighted,8,Pedestrian,1,Clear,1
28,Mississippi,280534,MADISON (89),NOT APPLICABLE,11,November,1,Sunday,2024,0,0:00am-0:59am,1,Rural,5,Major Collector,32.66332778,-90.00750556,2,Dark - Not Lighted,1,Rollover/Overturn,1,Clear,1
28,Mississippi,280535,WAYNE (153),NOT APPLICABLE,11,November,1,Sunday,2024,1,1:00am-1:59am,1,Rural,7,Local,31.609225,-88.55208611,2,Dark - Not Lighted,32,Culvert,1,Clear,1
28,Mississippi,280536,DE SOTO (33),HORN LAKE,11,November,1,Sunday,2024,19,7:00pm-7:59pm,2,Urban,3,Other Principal Arterial,34.96266111,-90.05963889,3,Dark - Lighted,8,Pedestrian,1,Clear,1
28,Mississippi,280537,PANOLA (107),NOT APPLICABLE,11,November,1,Sunday,2024,20,8:00pm-8:59pm,1,Rural,1,Interstate,34.23005556,-89.92614722,2,Dark - Not Lighted,8,Pedestrian,1,Clear,1
28,Mississippi,280538,LINCOLN (85),NOT APPLICABLE,11,November,1,Sunday,2024,22,10:00pm-10:59pm,1,Rural,7,Local,31.44650556,-90.34195278,2,Dark - Not Lighted,34,Ditch,2,Rain,1
28,Mississippi,280539,PONTOTOC (115),NOT APPLICABLE,11,November,2,Monday,2024,2,2:00am-2:59am,1,Rural,7,Local,34.24221389,-89.08033056,2,Dark - Not Lighted,34,Ditch,1,Clear,1
28,Mississippi,280540,ALCORN (3),NOT APPLICABLE,11,November,2,Monday,2024,7,7:00am-7:59am,1,Rural,7,Local,34.847,-88.47153611,1,Daylight,42,Tree (Standing Only),10,Cloudy,1
28,Mississippi,280541,STONE (131),NOT APPLICABLE,11,November,2,Monday,2024,15,3:00pm-3:59pm,1,Rural,3,Other Principal Arterial,30.68217222,-89.13405556,1,Daylight,42,Tree (Standing Only),1,Clear,1
28,Mississippi,280542,PIKE (113),NOT APPLICABLE,11,November,3,Tuesday,2024,16,4:00pm-4:59pm,1,Rural,5,Major Collector,31.10980278,-90.44671111,5,Dusk,34,Ditch,99,Reported as Unknown,1
28,Mississippi,280543,BENTON (9),NOT APPLICABLE,11,November,3,Tuesday,2024,18,6:00pm-6:59pm,1,Rural,3,Other Principal Arterial,34.947475,-89.11738889,2,Dark - Not Lighted,12,Motor Vehicle In-Transport,1,Clear,1
28,Mississippi,280544,WAYNE (153),WAYNESBORO,11,November,4,Wednesday,2024,8,8:00am-8:59am,8,Not Reported,98,Not Reported,31.659825,-88.62438889,1,Daylight,52,Guardrail End,1,Clear,1
28,Mississippi,280545,WASHINGTON (151),GREENVILLE,11,November,4,Wednesday,2024,18,6:00pm-6:59pm,2,Urban,3,Other Principal Arterial,33.39986389,-91.02549167,3,Dark - Lighted,8,Pedestrian,10,Cloudy,1
28,Mississippi,280546,LEE (81),NOT APPLICABLE,11,November,5,Thursday,2024,0,0:00am-0:59am,8,Not Reported,98,Not Reported,34.16112778,-88.65399722,3,Dark - Lighted,10,Railway Vehicle,1,Clear,2
28,Mississippi,280547,BOLIVAR (11),NOT APPLICABLE,11,November,6,Friday,2024,7,7:00am-7:59am,1,Rural,7,Local,33.71845,-90.78672222,1,Daylight,34,Ditch,5,"Fog, Smog, Smoke",1
28,Mississippi,280548,MARION (91),NOT APPLICABLE,11,November,6,Friday,2024,16,4:00pm-4:59pm,1,Rural,5,Major Collector,31.26429167,-89.77459444,5,Dusk,12,Motor Vehicle In-Transport,10,Cloudy,1
28,Mississippi,280549,HINDS (49),NOT APPLICABLE,11,November,7,Saturday,2024,4,4:00am-4:59am,1,Rural,1,Interstate,32.35724444,-90.41963333,2,Dark - Not Lighted,32,Culvert,1,Clear,1
28,Mississippi,280550,YAZOO (163),YAZOO CITY,11,November,7,Saturday,2024,21,9:00pm-9:59pm,2,Urban,3,Other Principal Arterial,32.87475,-90.39283889,6,Dark - Unknown Lighting,32,Culvert,1,Clear,1
28,Mississippi,280551,LOWNDES (87),NOT APPLICABLE,11,November,1,Sunday,2024,8,8:00am-8:59am,2,Urban,3,Other Principal Arterial,33.44959444,-88.37324722,1,Daylight,12,Motor Vehicle In-Transport,1,Clear,1
28,Mississippi,280552,WASHINGTON (151),NOT APPLICABLE,11,November,1,Sunday,2024,13,1:00pm-1:59pm,1,Rural,5,Major Collector,33.26983333,-90.87934167,1,Daylight,9,Pedalcyclist,10,Cloudy,1
28,Mississippi,280553,FORREST (35),HATTIESBURG,11,November,2,Monday,2024,16,4:00pm-4:59pm,2,Urban,3,Other Principal Arterial,31.31710556,-89.30158611,5,Dusk,12,Motor Vehicle In-Transport,1,Clear,1
28,Mississippi,280554,ALCORN (3),NOT APPLICABLE,11,November,5,Thursday,2024,18,6:00pm-6:59pm,1,Rural,7,Local,34.96033333,-88.67794444,2,Dark - Not Lighted,1,Rollover/Overturn,1,Clear,1
28,Mississippi,280555,HARRISON (47),NOT APPLICABLE,11,November,7,Saturday,2024,17,5:00pm-5:59pm,8,Not Reported,98,Not Reported,30.616575,-89.30353889,2,Dark - Not Lighted,12,Motor Vehicle In-Transport,1,Clear,1
28,Mississippi,280556,YALOBUSHA (161),NOT APPLICABLE,11,November,4,Wednesday,2024,23,11:00pm-11:59pm,1,Rural,5,Major Collector,33.99353889,-89.70703889,2,Dark - Not Lighted,42,Tree (Standing Only),1,Clear,1
28,Mississippi,280557,GEORGE (39),NOT APPLICABLE,11,November,2,Monday,2024,6,6:00am-6:59am,1,Rural,7,Local,30.88352222,-88.81770556,4,Dawn,12,Motor Vehicle In-Transport,2,Rain,1
28,Mississippi,280558,NOXUBEE (103),NOT APPLICABLE,11,November,2,Monday,2024,14,2:00pm-2:59pm,1,Rural,7,Local,33.02235,-88.52667778,1,Daylight,34,Ditch,1,Clear,1
28,Mississippi,280559,LAUDERDALE (75),MERIDIAN,11,November,2,Monday,2024,17,5:00pm-5:59pm,2,Urban,1,Interstate,32.36191111,-88.67801111,3,Dark - Lighted,8,Pedestrian,1,Clear,1
28,Mississippi,280560,DE SOTO (33),HERNANDO,11,November,3,Tuesday,2024,21,9:00pm-9:59pm,2,Urban,1,Interstate,34.88814444,-89.99104722,2,Dark - Not Lighted,12,Motor Vehicle In-Transport,1,Clear,1
28,Mississippi,280561,RANKIN (121),NOT APPLICABLE,11,November,6,Friday,2024,18,6:00pm-6:59pm,2,Urban,4,Minor Arterial,32.16748611,-90.218475,2,Dark - Not Lighted,12,Motor Vehicle In-Transport,1,Clear,1
28,Mississippi,280562,HINDS (49),JACKSON,11,November,7,Saturday,2024,0,0:00am-0:59am,2,Urban,5,Major Collector,32.25313889,-90.26031111,3,Dark - Lighted,38,Fence,10,Cloudy,1
28,Mississippi,280563,JEFFERSON DAVIS (65),NOT APPLICABLE,11,November,7,Saturday,2024,11,11:00am-11:59am,1,Rural,4,Minor Arterial,31.39068056,-89.89096389,1,Daylight,12,Motor Vehicle In-Transport,1,Clear,1
28,Mississippi,280564,COVINGTON (31),COLLINS,11,November,7,Saturday,2024,12,12:00pm-12:59pm,1,Rural,3,Other Principal Arterial,31.61781944,-89.53873611,1,Daylight,12,Motor Vehicle In-Transport,1,Clear,1
28,Mississippi,280565,RANKIN (121),NOT APPLICABLE,11,November,7,Saturday,2024,18,6:00pm-6:59pm,2,Urban,3,Other Principal Arterial,32.09625278,-90.03991667,2,Dark - Not Lighted,12,Motor Vehicle In-Transport,1,Clear,1
28,Mississippi,280566,HINDS (49),JACKSON,11,November,1,Sunday,2024,20,8:00pm-8:59pm,2,Urban,98,Not Reported,32.28522778,-90.206675,3,Dark - Lighted,8,Pedestrian,1,Clear,1
28,Mississippi,280567,MONROE (95),NOT APPLICABLE,11,November,3,Tuesday,2024,0,0:00am-0:59am,1,Rural,3,Other Principal Arterial,33.81511389,-88.49388889,2,Dark - Not Lighted,8,Pedestrian,2,Rain,1
28,Mississippi,280568,HARRISON (47),GULFPORT,11,November,3,Tuesday,2024,17,5:00pm-5:59pm,2,Urban,3,Other Principal Arterial,30.37288056,-89.09304167,3,Dark - Lighted,8,Pedestrian,1,Clear,1
28,Mississippi,280569,TUNICA (143),NOT APPLICABLE,11,November,3,Tuesday,2024,18,6:00pm-6:59pm,1,Rural,4,Minor Arterial,34.62690556,-90.29758333,2,Dark - Not Lighted,8,Pedestrian,1,Clear,1
28,Mississippi,280570,TALLAHATCHIE (135),NOT APPLICABLE,11,November,5,Thursday,2024,6,6:00am-6:59am,1,Rural,4,Minor Arterial,33.91025556,-90.07076667,1,Daylight,12,Motor Vehicle In-Transport,1,Clear,1
28,Mississippi,280571,PONTOTOC (115),NOT APPLICABLE,11,November,5,Thursday,2024,8,8:00am-8:59am,1,Rural,4,Minor Arterial,34.27423611,-89.09991667,1,Daylight,42,Tree (Standing Only),1,Clear,1
28,Mississippi,280572,DE SOTO (33),NOT APPLICABLE,11,November,6,Friday,2024,22,10:00pm-10:59pm,1,Rural,5,Major Collector,34.92375556,-89.77985278,2,Dark - Not Lighted,12,Motor Vehicle In-Transport,1,Clear,1
28,Mississippi,280573,LEE (81),BALDWYN,11,November,4,Wednesday,2024,6,6:00am-6:59am,1,Rural,7,Local,34.47984444,-88.63129167,1,Daylight,21,Bridge Pier or Support,1,Clear,1
28,Mississippi,280574,HINDS (49),JACKSON,9,September,4,Wednesday,2024,20,8:00pm-8:59pm,2,Urban,3,Other Principal Arterial,32.3356,-90.20841667,3,Dark - Lighted,8,Pedestrian,1,Clear,1
28,Mississippi,280575,NESHOBA (99),NOT APPLICABLE,9,September,3,Tuesday,2024,12,12:00pm-12:59pm,1,Rural,3,Other Principal Arterial,32.60403889,-88.96001667,1,Daylight,34,Ditch,1,Clear,1
28,Mississippi,280576,SCOTT (123),NOT APPLICABLE,10,October,1,Sunday,2024,15,3:00pm-3:59pm,1,Rural,4,Minor Arterial,32.414125,-89.48155278,1,Daylight,12,Motor Vehicle In-Transport,1,Clear,1
28,Mississippi,280577,HINDS (49),JACKSON,10,October,5,Thursday,2024,1,1:00am-1:59am,2,Urban,1,Interstate,32.32296667,-90.24799722,2,Dark - Not Lighted,1,Rollover/Overturn,1,Clear,1
28,Mississippi,280578,RANKIN (121),FLOWOOD,10,October,5,Thursday,2024,12,12:00pm-12:59pm,2,Urban,4,Minor Arterial,32.28330833,-90.171025,1,Daylight,12,Motor Vehicle In-Transport,1,Clear,1
28,Mississippi,280579,ALCORN (3),CORINTH,11,November,4,Wednesday,2024,11,11:00am-11:59am,2,Urban,3,Other Principal Arterial,34.90531111,-88.48520556,1,Daylight,12,Motor Vehicle In-Transport,10,Cloudy,1
28,Mississippi,280580,HINDS (49),JACKSON,11,November,2,Monday,2024,17,5:00pm-5:59pm,2,Urban,3,Other Principal Arterial,32.32951667,-90.25549722,3,Dark - Lighted,12,Motor Vehicle In-Transport,2,Rain,1
28,Mississippi,280581,LAMAR (73),NOT APPLICABLE,11,November,1,Sunday,2024,19,7:00pm-7:59pm,1,Rural,3,Other Principal Arterial,31.31054444,-89.47877778,2,Dark - Not Lighted,12,Motor Vehicle In-Transport,1,Clear,1
28,Mississippi,280582,LEAKE (79),NOT APPLICABLE,11,November,4,Wednesday,2024,18,6:00pm-6:59pm,1,Rural,5,Major Collector,32.64246389,-89.62645833,2,Dark - Not Lighted,8,Pedestrian,1,Clear,1
28,Mississippi,280583,COPIAH (29),NOT APPLICABLE,11,November,5,Thursday,2024,20,8:00pm-8:59pm,1,Rural,4,Minor Arterial,32.03017778,-90.38724722,3,Dark - Lighted,1,Rollover/Overturn,1,Clear,1
28,Mississippi,280584,PERRY (111),NOT APPLICABLE,11,November,6,Friday,2024,5,5:00am-5:59am,1,Rural,7,Local,31.27342222,-88.9596,2,Dark - Not Lighted,42,Tree (Standing Only),1,Clear,1
28,Mississippi,280585,ALCORN (3),NOT APPLICABLE,11,November,6,Friday,2024,6,6:00am-6:59am,1,Rural,5,Major Collector,34.92384167,-88.439525,4,Dawn,9,Pedalcyclist,1,Clear,1
28,Mississippi,280586,NESHOBA (99),PHILADELPHIA,11,November,6,Friday,2024,6,6:00am-6:59am,2,Urban,4,Minor Arterial,32.78516389,-89.13352778,6,Dark - Unknown Lighting,12,Motor Vehicle In-Transport,10,Cloudy,1
28,Mississippi,280587,SUNFLOWER (133),INDIANOLA,11,November,7,Saturday,2024,18,6:00pm-6:59pm,2,Urban,3,Other Principal Arterial,33.45797222,-90.64786111,3,Dark - Lighted,12,Motor Vehicle In-Transport,1,Clear,1
28,Mississippi,280588,MARSHALL (93),NOT APPLICABLE,12,December,1,Sunday,2024,19,7:00pm-7:59pm,1,Rural,3,Other Principal Arterial,34.96274722,-89.6953,2,Dark - Not Lighted,8,Pedestrian,1,Clear,1
28,Mississippi,280589,PIKE (113),NOT APPLICABLE,12,December,2,Monday,2024,17,5:00pm-5:59pm,1,Rural,5,Major Collector,31.30704444,-90.38091389,2,Dark - Not Lighted,12,Motor Vehicle In-Transport,1,Clear,1
28,Mississippi,280590,MADISON (89),RIDGELAND,12,December,3,Tuesday,2024,13,1:00pm-1:59pm,2,Urban,1,Interstate,32.42814722,-90.14365833,1,Daylight,24,Guardrail Face,1,Clear,1
28,Mississippi,280591,MARION (91),NOT APPLICABLE,12,December,4,Wednesday,2024,17,5:00pm-5:59pm,1,Rural,4,Minor Arterial,31.22523611,-89.81664167,2,Dark - Not Lighted,12,Motor Vehicle In-Transport,2,Rain,1
28,Mississippi,280592,JONES (67),NOT APPLICABLE,12,December,5,Thursday,2024,8,8:00am-8:59am,1,Rural,7,Local,31.64922778,-89.09306111,1,Daylight,42,Tree (Standing Only),2,Rain,1
28,Mississippi,280593,HANCOCK (45),NOT APPLICABLE,12,December,6,Friday,2024,23,11:00pm-11:59pm,1,Rural,5,Major Collector,30.43806111,-89.65510833,2,Dark - Not Lighted,42,Tree (Standing Only),1,Clear,1
28,Mississippi,280594,HINDS (49),NOT APPLICABLE,12,December,7,Saturday,2024,15,3:00pm-3:59pm,1,Rural,5,Major Collector,32.09027222,-90.27606944,1,Daylight,42,Tree (Standing Only),1,Clear,1