STATE,STATENAME,ST_CASE,COUNTYNAME,CITYNAME,MONTH,MONTHNAME,DAY_WEEK,DAY_WEEKNAME,YEAR,HOUR,HOURNAME,RUR_URB,RUR_URBNAME,FUNC_SYS,FUNC_SYSNAME,LATITUDE,LONGITUD,LGT_COND,LGT_CONDNAME,HARM_EV,HARM_EVNAME,WEATHER,WEATHERNAME,FATALS
40,Oklahoma,400158,WOODWARD (153),WOODWARD,3,March,7,Saturday,2024,22,10:00pm-10:59pm,2,Urban,7,Local,36.40353889,-99.40741944,2,Dark - Not Lighted,12,Motor Vehicle In-Transport,1,Clear,1
40,Oklahoma,400159,LE FLORE (79),NOT APPLICABLE,4,April,3,Tuesday,2024,6,6:00am-6:59am,1,Rural,3,Other Principal Arterial,35.30021111,-94.76111944,1,Daylight,12,Motor Vehicle In-Transport,1,Clear,1
40,Oklahoma,400160,OKLAHOMA (109),OKLAHOMA CITY,4,April,3,Tuesday,2024,18,6:00pm-6:59pm,2,Urban,7,Local,35.44788056,-97.49473056,1,Daylight,8,Pedestrian,10,Cloudy,1
40,Oklahoma,400161,TULSA (143),TULSA,5,May,4,Wednesday,2024,22,10:00pm-10:59pm,2,Urban,1,Interstate,36.14341111,-95.97933056,2,Dark - Not Lighted,25,Concrete Traffic Barrier,1,Clear,1
40,Oklahoma,400162,COMANCHE (31),LAWTON,4,April,2,Monday,2024,15,3:00pm-3:59pm,2,Urban,2,Other Freeways and Expressways,34.63791667,-98.47466667,1,Daylight,12,Motor Vehicle In-Transport,1,Clear,1
40,Oklahoma,400163,MAYES (97),NOT APPLICABLE,5,May,5,Thursday,2024,9,9:00am-9:59am,1,Rural,4,Minor Arterial,36.40865,-95.0364,1,Daylight,12,Motor Vehicle In-Transport,10,Cloudy,1
40,Oklahoma,400164,GARFIELD (47),NOT APPLICABLE,5,May,5,Thursday,2024,17,5:00pm-5:59pm,1,Rural,7,Local,36.30376944,-97.94348056,1,Daylight,12,Motor Vehicle In-Transport,1,Clear,1
40,Oklahoma,400165,SEQUOYAH (135),NOT APPLICABLE,5,May,6,Friday,2024,20,8:00pm-8:59pm,1,Rural,1,Interstate,35.49333056,-95.00701944,5,Dusk,57,Cable Barrier,10,Cloudy,1
40,Oklahoma,400166,WOODWARD (153),NOT APPLICABLE,5,May,6,Friday,2024,20,8:00pm-8:59pm,1,Rural,4,Minor Arterial,36.34313056,-99.3528,2,Dark - Not Lighted,1,Rollover/Overturn,1,Clear,1
40,Oklahoma,400167,TULSA (143),NOT APPLICABLE,4,April,1,Sunday,2024,17,5:00pm-5:59pm,1,Rural,4,Minor Arterial,36.13285,-96.26743889,1,Daylight,1,Rollover/Overturn,1,Clear,1
40,Oklahoma,400168,MCINTOSH (91),NOT APPLICABLE,5,May,7,Saturday,2024,14,2:00pm-2:59pm,1,Rural,1,Interstate,35.43355,-95.84546944,1,Daylight,1,Rollover/Overturn,2,Rain,1
40,Oklahoma,400169,OSAGE (113),NOT APPLICABLE,5,May,7,Saturday,2024,17,5:00pm-5:59pm,1,Rural,5,Major Collector,36.55133889,-96.16583889,1,Daylight,38,Fence,10,Cloudy,1
40,Oklahoma,400170,TULSA (143),TULSA,5,May,1,Sunday,2024,3,3:00am-3:59am,2,Urban,1,Interstate,36.1606,-95.98411944,3,Dark - Lighted,18,Other Object (not fixed),2,Rain,1
40,Oklahoma,400171,CARTER (19),NOT APPLICABLE,5,May,1,Sunday,2024,7,7:00am-7:59am,1,Rural,5,Major Collector,34.13485,-97.42233889,2,Dark - Not Lighted,34,Ditch,2,Rain,1
40,Oklahoma,400172,ATOKA (5),NOT APPLICABLE,5,May,1,Sunday,2024,16,4:00pm-4:59pm,1,Rural,3,Other Principal Arterial,34.30115,-95.99408056,1,Daylight,12,Motor Vehicle In-Transport,1,Clear,1
40,Oklahoma,400173,OKLAHOMA (109),OKLAHOMA CITY,5,May,4,Wednesday,2024,13,1:00pm-1:59pm,2,Urban,4,Minor Arterial,35.42081944,-97.46786944,1,Daylight,33,Curb,1,Clear,1
40,Oklahoma,400174,MURRAY (99),DAVIS,5,May,1,Sunday,2024,18,6:00pm-6:59pm,1,Rural,7,Local,34.47741111,-97.11005,1,Daylight,5,Fell/Jumped from Vehicle,10,Cloudy,1
40,Oklahoma,400175,OKLAHOMA (109),OKLAHOMA CITY,5,May,2,Monday,2024,0,0:00am-0:59am,2,Urban,7,Local,35.48143056,-97.47683889,3,Dark - Lighted,33,Curb,10,Cloudy,1
40,Oklahoma,400176,OKLAHOMA (109),LUTHER,5,May,3,Tuesday,2024,1,1:00am-1:59am,1,Rural,1,Interstate,35.64801111,-97.16514444,2,Dark - Not Lighted,12,Motor Vehicle In-Transport,10,Cloudy,1
40,Oklahoma,400177,OKLAHOMA (109),OKLAHOMA CITY,5,May,3,Tuesday,2024,14,2:00pm-2:59pm,2,Urban,1,Interstate,35.52768056,-97.52691111,1,Daylight,25,Concrete Traffic Barrier,1,Clear,2
40,Oklahoma,400178,CARTER (19),ARDMORE,5,May,1,Sunday,2024,0,0:00am-0:59am,2,Urban,7,Local,34.16778056,-97.13233889,2,Dark - Not Lighted,9,Pedalcyclist,1,Clear,1
40,Oklahoma,400179,MCCURTAIN (89),WRIGHT CITY,5,May,3,Tuesday,2024,23,11:00pm-11:59pm,1,Rural,3,Other Principal Arterial,34.10743056,-94.92451111,2,Dark - Not Lighted,8,Pedestrian,1,Clear,1
40,Oklahoma,400180,OKLAHOMA (109),OKLAHOMA CITY,5,May,4,Wednesday,2024,2,2:00am-2:59am,2,Urban,5,Major Collector,35.46788056,-97.53688889,3,Dark - Lighted,8,Pedestrian,10,Cloudy,1
40,Oklahoma,400181,OSAGE (113),HOMINY,5,May,4,Wednesday,2024,11,11:00am-11:59am,1,Rural,5,Major Collector,36.37356944,-96.23611944,1,Daylight,12,Motor Vehicle In-Transport,1,Clear,1
40,Oklahoma,400182,OKLAHOMA (109),OKLAHOMA CITY,5,May,4,Wednesday,2024,21,9:00pm-9:59pm,2,Urban,3,Other Principal Arterial,35.40221111,-97.53008889,3,Dark - Lighted,9,Pedalcyclist,1,Clear,1
40,Oklahoma,400183,TULSA (143),TULSA,5,May,5,Thursday,2024,9,9:00am-9:59am,2,Urban,1,Interstate,36.08903056,-96.00281111,1,Daylight,12,Motor Vehicle In-Transport,1,Clear,1
40,Oklahoma,400184,TULSA (143),TULSA,5,May,7,Saturday,2024,21,9:00pm-9:59pm,2,Urban,1,Interstate,36.15936111,-95.97948889,3,Dark - Lighted,25,Concrete Traffic Barrier,1,Clear,1
40,Oklahoma,400185,TULSA (143),TULSA,5,May,7,Saturday,2024,17,5:00pm-5:59pm,2,Urban,4,Minor Arterial,36.17386389,-95.99348611,1,Daylight,12,Motor Vehicle In-Transport,1,Clear,1
40,Oklahoma,400186,OTTAWA (115),WYANDOTTE,5,May,7,Saturday,2024,5,5:00am-5:59am,1,Rural,5,Major Collector,36.80448889,-94.70435556,4,Dawn,59,Traffic Sign Support,5,"Fog, Smog, Smoke",1
40,Oklahoma,400187,MCCLAIN (87),BLANCHARD,5,May,7,Saturday,2024,23,11:00pm-11:59pm,1,Rural,5,Major Collector,35.12318889,-97.6643,2,Dark - Not Lighted,53,Mail Box,1,Clear,1
40,Oklahoma,400188,OSAGE (113),PAWHUSKA,5,May,7,Saturday,2024,20,8:00pm-8:59pm,1,Rural,4,Minor Arterial,36.65063889,-96.31131944,1,Daylight,12,Motor Vehicle In-Transport,1,Clear,1
40,Oklahoma,400189,MUSKOGEE (101),WARNER,5,May,5,Thursday,2024,15,3:00pm-3:59pm,1,Rural,5,Major Collector,35.49661944,-95.31023056,1,Daylight,12,Motor Vehicle In-Transport,1,Clear,1
40,Oklahoma,400190,CANADIAN (17),OKLAHOMA CITY,5,May,1,Sunday,2024,2,2:00am-2:59am,2,Urban,7,Local,35.48343889,-97.67865,2,Dark - Not Lighted,31,"Post, Pole or Other Supports",1,Clear,2
40,Oklahoma,400191,GARVIN (49),ELMORE CITY,5,May,2,Monday,2024,22,10:00pm-10:59pm,1,Rural,4,Minor Arterial,34.63859444,-97.36688611,2,Dark - Not Lighted,12,Motor Vehicle In-Transport,1,Clear,1
40,Oklahoma,400192,MURRAY (99),DAVIS,5,May,6,Friday,2024,16,4:00pm-4:59pm,1,Rural,1,Interstate,34.50643889,-97.17618056,1,Daylight,12,Motor Vehicle In-Transport,1,Clear,1
40,Oklahoma,400193,TULSA (143),TULSA,5,May,1,Sunday,2024,1,1:00am-1:59am,2,Urban,2,Other Freeways and Expressways,36.12753889,-95.94383889,3,Dark - Lighted,1,Rollover/Overturn,1,Clear,1
40,Oklahoma,400194,GRADY (51),Other,5,May,3,Tuesday,2024,18,6:00pm-6:59pm,1,Rural,7,Local,35.22262778,-97.67090556,1,Daylight,12,Motor Vehicle In-Transport,1,Clear,1
40,Oklahoma,400195,LOGAN (83),MARSHALL,5,May,3,Tuesday,2024,21,9:00pm-9:59pm,1,Rural,5,Major Collector,36.096375,-97.58635833,2,Dark - Not Lighted,38,Fence,1,Clear,1
40,Oklahoma,400196,KAY (71),PONCA CITY,5,May,5,Thursday,2024,4,4:00am-4:59am,1,Rural,7,Local,36.75298056,-97.01061111,2,Dark - Not Lighted,42,Tree (Standing Only),1,Clear,1
40,Oklahoma,400197,OKLAHOMA (109),OKLAHOMA CITY,5,May,5,Thursday,2024,15,3:00pm-3:59pm,2,Urban,1,Interstate,35.39136944,-97.53978333,1,Daylight,12,Motor Vehicle In-Transport,1,Clear,1
40,Oklahoma,400198,ELLIS (45),SHATTUCK,5,May,1,Sunday,2024,21,9:00pm-9:59pm,1,Rural,7,Local,36.47881389,-99.88546111,2,Dark - Not Lighted,1,Rollover/Overturn,1,Clear,1
40,Oklahoma,400199,LOVE (85),MARIETTA,5,May,1,Sunday,2024,19,7:00pm-7:59pm,1,Rural,5,Major Collector,34.06338333,-97.04746944,1,Daylight,43,Other Fixed Object,1,Clear,1
40,Oklahoma,400200,KIOWA (75),MOUNTAIN VIEW,5,May,2,Monday,2024,21,9:00pm-9:59pm,1,Rural,4,Minor Arterial,35.0944,-98.63811111,2,Dark - Not Lighted,1,Rollover/Overturn,1,Clear,1
40,Oklahoma,400201,GARVIN (49),LINDSAY,5,May,6,Friday,2024,8,8:00am-8:59am,1,Rural,5,Major Collector,34.75933889,-97.59816944,1,Daylight,12,Motor Vehicle In-Transport,1,Clear,1
40,Oklahoma,400202,PAYNE (119),STILLWATER,5,May,7,Saturday,2024,11,11:00am-11:59am,1,Rural,4,Minor Arterial,36.24645278,-97.06888611,1,Daylight,12,Motor Vehicle In-Transport,1,Clear,1
40,Oklahoma,400203,PITTSBURG (121),MCALESTER,5,May,4,Wednesday,2024,11,11:00am-11:59am,2,Urban,4,Minor Arterial,34.93363056,-95.78413056,1,Daylight,12,Motor Vehicle In-Transport,10,Cloudy,1
40,Oklahoma,400204,WOODWARD (153),WOODWARD,5,May,5,Thursday,2024,12,12:00pm-12:59pm,2,Urban,3,Other Principal Arterial,36.43366111,-99.46156111,1,Daylight,12,Motor Vehicle In-Transport,1,Clear,1
40,Oklahoma,400205,MUSKOGEE (101),MUSKOGEE,5,May,6,Friday,2024,19,7:00pm-7:59pm,1,Rural,5,Major Collector,35.62413056,-95.182,1,Daylight,3,Immersion or Partial Immersion,1,Clear,1
40,Oklahoma,400206,PONTOTOC (123),ADA,5,May,7,Saturday,2024,1,1:00am-1:59am,2,Urban,7,Local,34.77438056,-96.68046111,3,Dark - Lighted,33,Curb,1,Clear,1
40,Oklahoma,400207,OKLAHOMA (109),OKLAHOMA CITY,5,May,6,Friday,2024,21,9:00pm-9:59pm,2,Urban,3,Other Principal Arterial,35.46528611,-97.61894722,3,Dark - Lighted,33,Curb,1,Clear,1
40,Oklahoma,400208,PITTSBURG (121),INDIANOLA,6,June,3,Tuesday,2024,8,8:00am-8:59am,1,Rural,7,Local,35.14511944,-95.81726111,1,Daylight,1,Rollover/Overturn,1,Clear,1
40,Oklahoma,400209,CREEK (37),KELLYVILLE,7,July,3,Tuesday,2024,0,0:00am-0:59am,1,Rural,5,Major Collector,35.92653889,-96.2392,2,Dark - Not Lighted,12,Motor Vehicle In-Transport,1,Clear,1
40,Oklahoma,400210,TEXAS (139),GUYMON,6,June,1,Sunday,2024,22,10:00pm-10:59pm,1,Rural,5,Major Collector,36.95011944,-101.4300111,2,Dark - Not Lighted,34,Ditch,1,Clear,1
40,Oklahoma,400211,OKLAHOMA (109),OKLAHOMA CITY,6,June,1,Sunday,2024,22,10:00pm-10:59pm,2,Urban,3,Other Principal Arterial,35.44236944,-97.53013056,3,Dark - Lighted,8,Pedestrian,10,Cloudy,1
40,Oklahoma,400212,CANADIAN (17),EL RENO,6,June,1,Sunday,2024,2,2:00am-2:59am,1,Rural,1,Interstate,35.528775,-98.04077222,2,Dark - Not Lighted,12,Motor Vehicle In-Transport,1,Clear,1
40,Oklahoma,400213,GARVIN (49),PAULS VALLEY,6,June,1,Sunday,2024,5,5:00am-5:59am,1,Rural,7,Local,34.71696111,-97.15296111,2,Dark - Not Lighted,1,Rollover/Overturn,1,Clear,1
40,Oklahoma,400214,CHEROKEE (21),TAHLEQUAH,10,October,4,Wednesday,2024,20,8:00pm-8:59pm,2,Urban,3,Other Principal Arterial,35.89433889,-94.97036944,2,Dark - Not Lighted,8,Pedestrian,1,Clear,1
40,Oklahoma,400215,CLEVELAND (27),OKLAHOMA CITY,10,October,4,Wednesday,2024,18,6:00pm-6:59pm,1,Rural,5,Major Collector,35.34453889,-97.3708,5,Dusk,33,Curb,10,Cloudy,1
40,Oklahoma,400216,OTTAWA (115),AFTON,5,May,5,Thursday,2024,4,4:00am-4:59am,1,Rural,4,Minor Arterial,36.67210556,-94.98138611,2,Dark - Not Lighted,8,Pedestrian,1,Clear,1
40,Oklahoma,400217,TULSA (143),TULSA,6,June,6,Friday,2024,23,11:00pm-11:59pm,2,Urban,4,Minor Arterial,36.04170556,-95.86853611,2,Dark - Not Lighted,8,Pedestrian,1,Clear,1
40,Oklahoma,400218,OKLAHOMA (109),OKLAHOMA CITY,6,June,5,Thursday,2024,4,4:00am-4:59am,2,Urban,3,Other Principal Arterial,35.42229167,-97.53028056,3,Dark - Lighted,8,Pedestrian,10,Cloudy,1
40,Oklahoma,400219,OKLAHOMA (109),OKLAHOMA CITY,6,June,5,Thursday,2024,10,10:00am-10:59am,2,Urban,3,Other Principal Arterial,35.39165,-97.50668056,1,Daylight,12,Motor Vehicle In-Transport,1,Clear,1
40,Oklahoma,400220,LE FLORE (79),ARKOMA,7,July,1,Sunday,2024,3,3:00am-3:59am,2,Urban,4,Minor Arterial,35.34846111,-94.44078889,2,Dark - Not Lighted,33,Curb,1,Clear,1
40,Oklahoma,400221,BRYAN (13),CALERA,7,July,2,Monday,2024,8,8:00am-8:59am,2,Urban,3,Other Principal Arterial,33.92247778,-96.44092222,1,Daylight,12,Motor Vehicle In-Transport,1,Clear,2
40,Oklahoma,400222,LINCOLN (81),CHANDLER,7,July,6,Friday,2024,4,4:00am-4:59am,1,Rural,5,Major Collector,35.69183889,-96.88357222,1,Daylight,21,Bridge Pier or Support,1,Clear,1
40,Oklahoma,400223,OKLAHOMA (109),OKLAHOMA CITY,7,July,1,Sunday,2024,1,1:00am-1:59am,2,Urban,3,Other Principal Arterial,35.46521111,-97.60105,2,Dark - Not Lighted,12,Motor Vehicle In-Transport,1,Clear,1
40,Oklahoma,400224,BRYAN (13),CALERA,8,August,6,Friday,2024,16,4:00pm-4:59pm,1,Rural,3,Other Principal Arterial,33.9108,-96.4602,2,Dark - Not Lighted,12,Motor Vehicle In-Transport,1,Clear,2
40,Oklahoma,400225,OKLAHOMA (109),OKLAHOMA CITY,8,August,7,Saturday,2024,8,8:00am-8:59am,2,Urban,3,Other Principal Arterial,35.46851944,-97.56563889,1,Daylight,12,Motor Vehicle In-Transport,10,Cloudy,1
40,Oklahoma,400226,POTTAWATOMIE (125),SHAWNEE,8,August,1,Sunday,2024,14,2:00pm-2:59pm,2,Urban,1,Interstate,35.38411944,-96.95731944,1,Daylight,12,Motor Vehicle In-Transport,1,Clear,1
40,Oklahoma,400227,MAYES (97),STRANG,8,August,6,Friday,2024,22,10:00pm-10:59pm,1,Rural,5,Major Collector,36.42091944,-95.05701944,2,Dark - Not Lighted,8,Pedestrian,1,Clear,1
40,Oklahoma,400228,TULSA (143),TULSA,8,August,3,Tuesday,2024,17,5:00pm-5:59pm,2,Urban,3,Other Principal Arterial,36.10446944,-95.89443056,1,Daylight,12,Motor Vehicle In-Transport,1,Clear,1
40,Oklahoma,400229,BRYAN (13),CALERA,8,August,5,Thursday,2024,17,5:00pm-5:59pm,1,Rural,3,Other Principal Arterial,33.9104,-96.4602,2,Dark - Not Lighted,12,Motor Vehicle In-Transport,1,Clear,1
40,Oklahoma,400230,CLEVELAND (27),MOORE,8,August,7,Saturday,2024,23,11:00pm-11:59pm,2,Urban,3,Other Principal Arterial,35.36336111,-97.50193056,3,Dark - Lighted,12,Motor Vehicle In-Transport,1,Clear,1
40,Oklahoma,400231,TULSA (143),TULSA,8,August,4,Wednesday,2024,7,7:00am-7:59am,2,Urban,3,Other Principal Arterial,36.10448056,-95.87305,1,Daylight,12,Motor Vehicle In-Transport,1,Clear,1
40,Oklahoma,400232,MCCURTAIN (89),IDABEL,8,August,6,Friday,2024,8,8:00am-8:59am,1,Rural,5,Major Collector,33.85198611,-94.79256389,1,Daylight,42,Tree (Standing Only),10,Cloudy,1
40,Oklahoma,400233,CARTER (19),ARDMORE,8,August,4,Wednesday,2024,20,8:00pm-8:59pm,2,Urban,3,Other Principal Arterial,34.13818333,-97.12357778,2,Dark - Not Lighted,9,Pedalcyclist,10,Cloudy,1
40,Oklahoma,400234,TULSA (143),TULSA,9,September,2,Monday,2024,20,8:00pm-8:59pm,2,Urban,3,Other Principal Arterial,36.12468056,-95.81533056,2,Dark - Not Lighted,12,Motor Vehicle In-Transport,1,Clear,2
40,Oklahoma,400235,CLEVELAND (27),MOORE,9,September,5,Thursday,2024,17,5:00pm-5:59pm,2,Urban,7,Local,35.34793056,-97.49901111,1,Daylight,9,Pedalcyclist,1,Clear,1
40,Oklahoma,400236,KAY (71),TONKAWA,9,September,7,Saturday,2024,19,7:00pm-7:59pm,1,Rural,5,Major Collector,36.65234167,-97.31011667,2,Dark - Not Lighted,34,Ditch,1,Clear,1
40,Oklahoma,400237,OKLAHOMA (109),EDMOND,9,September,1,Sunday,2024,19,7:00pm-7:59pm,1,Rural,5,Major Collector,35.65316111,-97.63505,5,Dusk,42,Tree (Standing Only),1,Clear,2
40,Oklahoma,400238,GRADY (51),CHICKASHA,9,September,7,Saturday,2024,19,7:00pm-7:59pm,2,Urban,4,Minor Arterial,35.04406111,-97.94126944,1,Daylight,9,Pedalcyclist,1,Clear,1
40,Oklahoma,400239,TULSA (143),TULSA,9,September,1,Sunday,2024,8,8:00am-8:59am,2,Urban,4,Minor Arterial,36.08995,-95.82171111,1,Daylight,1,Rollover/Overturn,1,Clear,1
40,Oklahoma,400240,TULSA (143),TULSA,9,September,3,Tuesday,2024,13,1:00pm-1:59pm,2,Urban,3,Other Principal Arterial,36.06088889,-95.92226944,1,Daylight,12,Motor Vehicle In-Transport,10,Cloudy,1
40,Oklahoma,400241,TULSA (143),SAND SPRINGS,9,September,6,Friday,2024,13,1:00pm-1:59pm,2,Urban,3,Other Principal Arterial,36.10456944,-96.07,1,Daylight,12,Motor Vehicle In-Transport,1,Clear,1
40,Oklahoma,400242,TULSA (143),TULSA,9,September,7,Saturday,2024,19,7:00pm-7:59pm,2,Urban,3,Other Principal Arterial,36.13008889,-95.9225,2,Dark - Not Lighted,12,Motor Vehicle In-Transport,10,Cloudy,1
40,Oklahoma,400243,CANADIAN (17),UNION CITY,2,February,7,Saturday,2024,13,1:00pm-1:59pm,1,Rural,5,Major Collector,35.39166944,-97.83308889,1,Daylight,12,Motor Vehicle In-Transport,1,Clear,1
40,Oklahoma,400244,MURRAY (99),SULPHUR,7,July,1,Sunday,2024,16,4:00pm-4:59pm,1,Rural,3,Other Principal Arterial,34.52673056,-97.00063889,1,Daylight,12,Motor Vehicle In-Transport,1,Clear,1
40,Oklahoma,400245,TILLMAN (141),DAVIDSON,7,July,7,Saturday,2024,7,7:00am-7:59am,1,Rural,7,Local,34.30506111,-98.95808056,1,Daylight,1,Rollover/Overturn,1,Clear,1
40,Oklahoma,400246,TULSA (143),COLLINSVILLE,8,August,1,Sunday,2024,22,10:00pm-10:59pm,1,Rural,3,Other Principal Arterial,36.36579722,-95.88422778,2,Dark - Not Lighted,12,Motor Vehicle In-Transport,1,Clear,1
40,Oklahoma,400247,COMANCHE (31),LAWTON,6,June,5,Thursday,2024,22,10:00pm-10:59pm,2,Urban,4,Minor Arterial,34.61606667,-98.41774167,2,Dark - Not Lighted,8,Pedestrian,1,Clear,1
40,Oklahoma,400248,BRYAN (13),BOKCHITO,10,October,1,Sunday,2024,17,5:00pm-5:59pm,1,Rural,5,Major Collector,33.89778889,-96.21636944,1,Daylight,32,Culvert,1,Clear,1
40,Oklahoma,400249,DELAWARE (41),BERNICE,10,October,3,Tuesday,2024,17,5:00pm-5:59pm,1,Rural,7,Local,36.63401111,-94.94550833,1,Daylight,42,Tree (Standing Only),1,Clear,1
40,Oklahoma,400250,DEWEY (43),OAKWOOD,10,October,7,Saturday,2024,9,9:00am-9:59am,1,Rural,3,Other Principal Arterial,35.93245,-98.69601111,1,Daylight,12,Motor Vehicle In-Transport,1,Clear,1
40,Oklahoma,400251,LOGAN (83),GUTHRIE,10,October,1,Sunday,2024,9,9:00am-9:59am,1,Rural,1,Interstate,35.84129167,-97.39483889,1,Daylight,14,Parked Motor Vehicle,1,Clear,1
40,Oklahoma,400252,CLEVELAND (27),OKLAHOMA CITY,10,October,4,Wednesday,2024,15,3:00pm-3:59pm,2,Urban,4,Minor Arterial,35.32235,-97.4236,1,Daylight,12,Motor Vehicle In-Transport,10,Cloudy,1
40,Oklahoma,400253,GARFIELD (47),ENID,9,September,5,Thursday,2024,0,0:00am-0:59am,2,Urban,3,Other Principal Arterial,36.40201111,-97.89013056,3,Dark - Lighted,33,Curb,1,Clear,1
40,Oklahoma,400254,GARVIN (49),PAULS VALLEY,4,April,2,Monday,2024,15,3:00pm-3:59pm,1,Rural,1,Interstate,34.65393889,-97.2207,1,Daylight,12,Motor Vehicle In-Transport,1,Clear,1
40,Oklahoma,400255,JOHNSTON (69),PONTOTOC,5,May,2,Monday,2024,23,11:00pm-11:59pm,1,Rural,7,Local,34.48485,-96.60993889,2,Dark - Not Lighted,8,Pedestrian,1,Clear,1
40,Oklahoma,400256,DELAWARE (41),JAY,5,May,3,Tuesday,2024,21,9:00pm-9:59pm,1,Rural,5,Major Collector,36.31706111,-94.91353889,2,Dark - Not Lighted,8,Pedestrian,10,Cloudy,1
40,Oklahoma,400257,POTTAWATOMIE (125),EARLSBORO,6,June,7,Saturday,2024,14,2:00pm-2:59pm,1,Rural,5,Major Collector,35.33313056,-96.79656944,1,Daylight,8,Pedestrian,1,Clear,1
40,Oklahoma,400258,MURRAY (99),DAVIS,6,June,2,Monday,2024,13,1:00pm-1:59pm,1,Rural,3,Other Principal Arterial,34.50643889,-97.07244722,1,Daylight,12,Motor Vehicle In-Transport,2,Rain,1
40,Oklahoma,400259,ADAIR (1),WESTVILLE,6,June,2,Monday,2024,19,7:00pm-7:59pm,1,Rural,4,Minor Arterial,35.96185,-94.71146944,1,Daylight,35,Embankment,10,Cloudy,1
40,Oklahoma,400260,CARTER (19),GENE AUTRY,6,June,1,Sunday,2024,16,4:00pm-4:59pm,1,Rural,5,Major Collector,34.30023611,-97.05566389,1,Daylight,1,Rollover/Overturn,2,Rain,2
40,Oklahoma,400261,MAYES (97),ADAIR,6,June,3,Tuesday,2024,18,6:00pm-6:59pm,1,Rural,5,Major Collector,36.40547778,-95.16700278,1,Daylight,42,Tree (Standing Only),1,Clear,1
40,Oklahoma,400262,KAY (71),PONCA CITY,6,June,2,Monday,2024,17,5:00pm-5:59pm,1,Rural,4,Minor Arterial,36.81129444,-97.19285278,1,Daylight,12,Motor Vehicle In-Transport,1,Clear,2
40,Oklahoma,400263,ROGERS (131),CATOOSA,6,June,7,Saturday,2024,6,6:00am-6:59am,1,Rural,7,Local,36.19218611,-95.65482222,4,Dawn,31,"Post, Pole or Other Supports",1,Clear,1
40,Oklahoma,400264,CHEROKEE (21),TAHLEQUAH,6,June,7,Saturday,2024,15,3:00pm-3:59pm,1,Rural,7,Local,36.01291111,-94.91538056,1,Daylight,1,Rollover/Overturn,10,Cloudy,1
40,Oklahoma,400265,WAGONER (145),WAGONER,6,June,7,Saturday,2024,13,1:00pm-1:59pm,1,Rural,5,Major Collector,35.88575,-95.36079444,1,Daylight,12,Motor Vehicle In-Transport,10,Cloudy,1
40,Oklahoma,400266,OKMULGEE (111),HENRYETTA,6,June,4,Wednesday,2024,8,8:00am-8:59am,1,Rural,3,Other Principal Arterial,35.39297222,-95.96656667,1,Daylight,38,Fence,10,Cloudy,1
40,Oklahoma,400267,PITTSBURG (121),MCALESTER,6,June,5,Thursday,2024,14,2:00pm-2:59pm,2,Urban,3,Other Principal Arterial,34.87394167,-95.80110278,1,Daylight,12,Motor Vehicle In-Transport,1,Clear,1
40,Oklahoma,400268,MCCLAIN (87),BYARS,6,June,5,Thursday,2024,10,10:00am-10:59am,1,Rural,4,Minor Arterial,34.87136667,-96.9661,1,Daylight,12,Motor Vehicle In-Transport,1,Clear,1
40,Oklahoma,400269,TULSA (143),TULSA,6,June,1,Sunday,2024,5,5:00am-5:59am,2,Urban,1,Interstate,36.12044444,-96.00898056,3,Dark - Lighted,42,Tree (Standing Only),1,Clear,1
40,Oklahoma,400270,CANADIAN (17),OKARCHE,6,June,6,Friday,2024,21,9:00pm-9:59pm,1,Rural,3,Other Principal Arterial,35.66763889,-97.95913056,2,Dark - Not Lighted,12,Motor Vehicle In-Transport,1,Clear,2
40,Oklahoma,400271,LE FLORE (79),CAMERON,6,June,2,Monday,2024,11,11:00am-11:59am,1,Rural,5,Major Collector,35.13039167,-94.55010833,1,Daylight,8,Pedestrian,1,Clear,1
40,Oklahoma,400272,LOVE (85),MARIETTA,6,June,2,Monday,2024,5,5:00am-5:59am,1,Rural,1,Interstate,34.01878056,-97.14563889,2,Dark - Not Lighted,8,Pedestrian,1,Clear,1
40,Oklahoma,400273,CIMARRON (25),BOISE CITY,6,June,6,Friday,2024,1,1:00am-1:59am,1,Rural,3,Other Principal Arterial,36.72595,-102.4835611,2,Dark - Not Lighted,12,Motor Vehicle In-Transport,1,Clear,1
40,Oklahoma,400274,MCCLAIN (87),BLANCHARD,6,June,6,Friday,2024,13,1:00pm-1:59pm,1,Rural,5,Major Collector,35.17301944,-97.65321944,1,Daylight,12,Motor Vehicle In-Transport,1,Clear,1
40,Oklahoma,400275,ROGERS (131),CHELSEA,6,June,4,Wednesday,2024,17,5:00pm-5:59pm,1,Rural,5,Major Collector,36.53918333,-95.39969444,1,Daylight,35,Embankment,10,Cloudy,1
40,Oklahoma,400276,OTTAWA (115),WYANDOTTE,6,June,5,Thursday,2024,12,12:00pm-12:59pm,1,Rural,5,Major Collector,36.87138889,-94.69746944,1,Daylight,12,Motor Vehicle In-Transport,1,Clear,1
40,Oklahoma,400277,ADAIR (1),STILWELL,6,June,5,Thursday,2024,13,1:00pm-1:59pm,1,Rural,5,Major Collector,35.85210833,-94.69679444,1,Daylight,1,Rollover/Overturn,10,Cloudy,2
40,Oklahoma,400278,CLEVELAND (27),OKLAHOMA CITY,6,June,6,Friday,2024,6,6:00am-6:59am,2,Urban,5,Major Collector,35.36301111,-97.59216944,1,Daylight,12,Motor Vehicle In-Transport,10,Cloudy,1
40,Oklahoma,400279,CIMARRON (25),BOISE CITY,6,June,7,Saturday,2024,3,3:00am-3:59am,1,Rural,5,Major Collector,36.73366944,-102.7859306,2,Dark - Not Lighted,35,Embankment,1,Clear,1
40,Oklahoma,400280,GARVIN (49),HENNEPIN,6,June,7,Saturday,2024,15,3:00pm-3:59pm,1,Rural,3,Other Principal Arterial,34.52135278,-97.28554722,1,Daylight,12,Motor Vehicle In-Transport,1,Clear,1
40,Oklahoma,400281,OTTAWA (115),WYANDOTTE,6,June,7,Saturday,2024,15,3:00pm-3:59pm,1,Rural,4,Minor Arterial,36.79945556,-94.69803333,1,Daylight,12,Motor Vehicle In-Transport,10,Cloudy,1
40,Oklahoma,400282,GRADY (51),VERDEN,6,June,7,Saturday,2024,22,10:00pm-10:59pm,1,Rural,6,Minor Collector,35.10915278,-98.03163889,2,Dark - Not Lighted,42,Tree (Standing Only),1,Clear,1