STATE,STATENAME,ST_CASE,COUNTYNAME,CITYNAME,MONTH,MONTHNAME,DAY_WEEK,DAY_WEEKNAME,YEAR,HOUR,HOURNAME,RUR_URB,RUR_URBNAME,FUNC_SYS,FUNC_SYSNAME,LATITUDE,LONGITUD,LGT_COND,LGT_CONDNAME,HARM_EV,HARM_EVNAME,WEATHER,WEATHERNAME,FATALS
40,Oklahoma,400407,LATIMER (77),WILBURTON,9,September,7,Saturday,2024,13,1:00pm-1:59pm,1,Rural,4,Minor Arterial,34.91280278,-95.39012222,1,Daylight,34,Ditch,1,Clear,1
40,Oklahoma,400408,OKLAHOMA (109),OKLAHOMA CITY,9,September,1,Sunday,2024,1,1:00am-1:59am,2,Urban,1,Interstate,35.47380556,-97.57945556,3,Dark - Lighted,14,Parked Motor Vehicle,1,Clear,1
40,Oklahoma,400409,BEAVER (7),TURPIN,9,September,1,Sunday,2024,1,1:00am-1:59am,1,Rural,4,Minor Arterial,36.69628056,-100.8287333,2,Dark - Not Lighted,12,Motor Vehicle In-Transport,1,Clear,1
40,Oklahoma,400410,SEMINOLE (133),WEWOKA,9,September,1,Sunday,2024,13,1:00pm-1:59pm,1,Rural,5,Major Collector,35.23198056,-96.50234722,1,Daylight,42,Tree (Standing Only),1,Clear,1
40,Oklahoma,400411,TULSA (143),TULSA,9,September,1,Sunday,2024,22,10:00pm-10:59pm,2,Urban,4,Minor Arterial,36.15410556,-95.99558611,3,Dark - Lighted,9,Pedalcyclist,1,Clear,1
40,Oklahoma,400412,MAYES (97),CHOUTEAU,9,September,2,Monday,2024,0,0:00am-0:59am,1,Rural,3,Other Principal Arterial,36.22148333,-95.34118611,2,Dark - Not Lighted,54,"Motor Vehicle In-Transport Strikes or is Struck by Cargo, Persons or Objects Set-in-Motion from/by Another Motor Vehicle In Transport",1,Clear,1
40,Oklahoma,400413,GARFIELD (47),DOUGLAS,9,September,2,Monday,2024,21,9:00pm-9:59pm,1,Rural,5,Major Collector,36.18869167,-97.69621111,2,Dark - Not Lighted,59,Traffic Sign Support,1,Clear,1
40,Oklahoma,400414,GARVIN (49),PAULS VALLEY,10,October,6,Friday,2024,21,9:00pm-9:59pm,1,Rural,5,Major Collector,34.75671944,-97.25106667,2,Dark - Not Lighted,12,Motor Vehicle In-Transport,1,Clear,2
40,Oklahoma,400415,MAYES (97),CHOUTEAU,10,October,4,Wednesday,2024,22,10:00pm-10:59pm,1,Rural,3,Other Principal Arterial,36.22808056,-95.33991111,2,Dark - Not Lighted,15,Non-Motorist on Personal Conveyance,10,Cloudy,1
40,Oklahoma,400416,WASHINGTON (147),BARTLESVILLE,10,October,3,Tuesday,2024,3,3:00am-3:59am,1,Rural,3,Other Principal Arterial,36.670025,-95.93528889,2,Dark - Not Lighted,12,Motor Vehicle In-Transport,1,Clear,1
40,Oklahoma,400417,MCCURTAIN (89),BROKEN BOW,10,October,3,Tuesday,2024,12,12:00pm-12:59pm,1,Rural,3,Other Principal Arterial,34.22948333,-94.77975,1,Daylight,12,Motor Vehicle In-Transport,1,Clear,1
40,Oklahoma,400418,POTTAWATOMIE (125),TECUMSEH,10,October,6,Friday,2024,8,8:00am-8:59am,1,Rural,7,Local,35.24914444,-97.01873056,1,Daylight,53,Mail Box,1,Clear,1
40,Oklahoma,400419,GRADY (51),RUSH SPRINGS,10,October,4,Wednesday,2024,8,8:00am-8:59am,1,Rural,3,Other Principal Arterial,34.80470278,-97.96693889,1,Daylight,1,Rollover/Overturn,1,Clear,1
40,Oklahoma,400420,OKLAHOMA (109),OKLAHOMA CITY,10,October,4,Wednesday,2024,0,0:00am-0:59am,2,Urban,3,Other Principal Arterial,35.44345833,-97.53016111,2,Dark - Not Lighted,12,Motor Vehicle In-Transport,1,Clear,1
40,Oklahoma,400421,TULSA (143),TULSA,10,October,5,Thursday,2024,15,3:00pm-3:59pm,2,Urban,2,Other Freeways and Expressways,36.19393889,-95.85171667,1,Daylight,25,Concrete Traffic Barrier,1,Clear,1
40,Oklahoma,400422,TULSA (143),TULSA,10,October,6,Friday,2024,1,1:00am-1:59am,2,Urban,1,Interstate,36.16048333,-95.98528333,3,Dark - Lighted,20,Impact Attenuator/Crash Cushion,1,Clear,1
40,Oklahoma,400423,MARSHALL (95),KINGSTON,10,October,6,Friday,2024,17,5:00pm-5:59pm,1,Rural,5,Major Collector,33.99836111,-96.73429167,1,Daylight,1,Rollover/Overturn,1,Clear,1
40,Oklahoma,400424,ROGER MILLS (129),REYDON,10,October,7,Saturday,2024,12,12:00pm-12:59pm,1,Rural,5,Major Collector,35.65379444,-99.94623889,1,Daylight,1,Rollover/Overturn,1,Clear,1
40,Oklahoma,400425,MCCURTAIN (89),BROKEN BOW,10,October,7,Saturday,2024,6,6:00am-6:59am,1,Rural,7,Local,33.99716944,-94.83029722,4,Dawn,38,Fence,1,Clear,1
40,Oklahoma,400426,CADDO (15),CEMENT,10,October,1,Sunday,2024,15,3:00pm-3:59pm,1,Rural,1,Interstate,34.86922778,-98.13556389,1,Daylight,8,Pedestrian,1,Clear,1
40,Oklahoma,400427,LE FLORE (79),HODGEN,10,October,3,Tuesday,2024,11,11:00am-11:59am,1,Rural,5,Major Collector,34.67907778,-94.60620556,1,Daylight,12,Motor Vehicle In-Transport,1,Clear,1
40,Oklahoma,400428,OSAGE (113),SKIATOOK,10,October,7,Saturday,2024,17,5:00pm-5:59pm,1,Rural,4,Minor Arterial,36.45746111,-96.00904722,1,Daylight,1,Rollover/Overturn,1,Clear,1
40,Oklahoma,400429,OKLAHOMA (109),OKLAHOMA CITY,10,October,7,Saturday,2024,21,9:00pm-9:59pm,2,Urban,2,Other Freeways and Expressways,35.60310833,-97.52036667,3,Dark - Lighted,1,Rollover/Overturn,1,Clear,1
40,Oklahoma,400430,JACKSON (65),BLAIR,10,October,4,Wednesday,2024,15,3:00pm-3:59pm,1,Rural,5,Major Collector,34.78356944,-99.31765,1,Daylight,32,Culvert,1,Clear,1
40,Oklahoma,400431,COMANCHE (31),LAWTON,10,October,2,Monday,2024,20,8:00pm-8:59pm,1,Rural,7,Local,34.62298056,-98.18608889,2,Dark - Not Lighted,11,Live Animal,10,Cloudy,1
40,Oklahoma,400432,LE FLORE (79),BOKOSHE,10,October,3,Tuesday,2024,17,5:00pm-5:59pm,1,Rural,3,Other Principal Arterial,35.15057778,-94.67259722,1,Daylight,12,Motor Vehicle In-Transport,1,Clear,1
40,Oklahoma,400433,TULSA (143),TULSA,10,October,7,Saturday,2024,20,8:00pm-8:59pm,2,Urban,1,Interstate,36.162175,-95.89742222,3,Dark - Lighted,8,Pedestrian,1,Clear,1
40,Oklahoma,400434,ROGERS (131),CLAREMORE,10,October,1,Sunday,2024,10,10:00am-10:59am,1,Rural,5,Major Collector,36.42336944,-95.53214722,1,Daylight,12,Motor Vehicle In-Transport,10,Cloudy,1
40,Oklahoma,400435,CANADIAN (17),YUKON,10,October,5,Thursday,2024,22,10:00pm-10:59pm,2,Urban,1,Interstate,35.49439444,-97.77475,2,Dark - Not Lighted,1,Rollover/Overturn,1,Clear,1
40,Oklahoma,400436,TULSA (143),BIXBY,10,October,6,Friday,2024,6,6:00am-6:59am,2,Urban,5,Major Collector,35.88522778,-95.85795556,2,Dark - Not Lighted,1,Rollover/Overturn,1,Clear,1
40,Oklahoma,400437,CREEK (37),DEPEW,10,October,4,Wednesday,2024,23,11:00pm-11:59pm,1,Rural,1,Interstate,35.78252222,-96.59365278,2,Dark - Not Lighted,35,Embankment,1,Clear,1
40,Oklahoma,400438,TULSA (143),TULSA,10,October,3,Tuesday,2024,20,8:00pm-8:59pm,2,Urban,7,Local,36.20081667,-95.98725278,2,Dark - Not Lighted,8,Pedestrian,1,Clear,1
40,Oklahoma,400439,KINGFISHER (73),HENNESSEY,10,October,4,Wednesday,2024,99,Unknown Hours,1,Rural,7,Local,36.16340278,-98.15776111,9,Reported as Unknown,42,Tree (Standing Only),1,Clear,1
40,Oklahoma,400440,DELAWARE (41),LEACH,10,October,5,Thursday,2024,19,7:00pm-7:59pm,1,Rural,5,Major Collector,36.20778611,-94.97276111,3,Dark - Lighted,1,Rollover/Overturn,1,Clear,1
40,Oklahoma,400441,OKLAHOMA (109),OKLAHOMA CITY,10,October,5,Thursday,2024,11,11:00am-11:59am,2,Urban,2,Other Freeways and Expressways,35.54486944,-97.57561111,1,Daylight,39,Wall,10,Cloudy,1
40,Oklahoma,400442,CHEROKEE (21),TAHLEQUAH,10,October,7,Saturday,2024,15,3:00pm-3:59pm,1,Rural,5,Major Collector,35.77583056,-94.91591389,1,Daylight,12,Motor Vehicle In-Transport,10,Cloudy,1
40,Oklahoma,400443,ROGER MILLS (129),REYDON,10,October,1,Sunday,2024,20,8:00pm-8:59pm,1,Rural,7,Local,35.58144167,-99.87633333,2,Dark - Not Lighted,1,Rollover/Overturn,1,Clear,1
40,Oklahoma,400444,BRYAN (13),DURANT,10,October,2,Monday,2024,13,1:00pm-1:59pm,2,Urban,4,Minor Arterial,34.04965278,-96.37270833,1,Daylight,1,Rollover/Overturn,1,Clear,1
40,Oklahoma,400445,SEQUOYAH (135),MULDROW,10,October,4,Wednesday,2024,23,11:00pm-11:59pm,1,Rural,5,Major Collector,35.37619167,-94.58438611,2,Dark - Not Lighted,12,Motor Vehicle In-Transport,10,Cloudy,1
40,Oklahoma,400446,HUGHES (63),HOLDENVILLE,10,October,5,Thursday,2024,7,7:00am-7:59am,2,Urban,3,Other Principal Arterial,35.10306111,-96.44056667,1,Daylight,42,Tree (Standing Only),1,Clear,1
40,Oklahoma,400447,BRYAN (13),MEAD,10,October,5,Thursday,2024,11,11:00am-11:59am,1,Rural,3,Other Principal Arterial,33.99811667,-96.50046944,1,Daylight,12,Motor Vehicle In-Transport,1,Clear,1
40,Oklahoma,400448,TULSA (143),TULSA,10,October,1,Sunday,2024,1,1:00am-1:59am,2,Urban,2,Other Freeways and Expressways,36.14113611,-95.954275,3,Dark - Lighted,24,Guardrail Face,1,Clear,1
40,Oklahoma,400449,TULSA (143),TULSA,10,October,4,Wednesday,2024,9,9:00am-9:59am,2,Urban,3,Other Principal Arterial,36.20725556,-95.90450556,1,Daylight,33,Curb,10,Cloudy,1
40,Oklahoma,400450,CANADIAN (17),PIEDMONT,10,October,6,Friday,2024,11,11:00am-11:59am,1,Rural,3,Other Principal Arterial,35.63572778,-97.81627222,1,Daylight,12,Motor Vehicle In-Transport,1,Clear,1
40,Oklahoma,400451,BRYAN (13),HENDRIX,10,October,4,Wednesday,2024,6,6:00am-6:59am,1,Rural,5,Major Collector,33.80924444,-96.34945278,2,Dark - Not Lighted,12,Motor Vehicle In-Transport,10,Cloudy,1
40,Oklahoma,400452,TULSA (143),TULSA,10,October,4,Wednesday,2024,12,12:00pm-12:59pm,2,Urban,2,Other Freeways and Expressways,36.10777778,-95.88643889,1,Daylight,12,Motor Vehicle In-Transport,10,Cloudy,1
40,Oklahoma,400453,OKLAHOMA (109),OKLAHOMA CITY,10,October,1,Sunday,2024,12,12:00pm-12:59pm,2,Urban,5,Major Collector,35.40248611,-97.55721389,1,Daylight,33,Curb,1,Clear,1
40,Oklahoma,400454,HARPER (59),LAVERNE,11,November,6,Friday,2024,5,5:00am-5:59am,1,Rural,7,Local,36.70824722,-99.89881944,3,Dark - Lighted,31,"Post, Pole or Other Supports",1,Clear,1
40,Oklahoma,400455,OKLAHOMA (109),OKLAHOMA CITY,11,November,7,Saturday,2024,0,0:00am-0:59am,2,Urban,2,Other Freeways and Expressways,35.57437778,-97.576975,2,Dark - Not Lighted,12,Motor Vehicle In-Transport,10,Cloudy,1
40,Oklahoma,400456,SEMINOLE (133),CROMWELL,11,November,6,Friday,2024,13,1:00pm-1:59pm,1,Rural,1,Interstate,35.382775,-96.51515556,1,Daylight,35,Embankment,1,Clear,1
40,Oklahoma,400457,SEMINOLE (133),WEWOKA,11,November,6,Friday,2024,7,7:00am-7:59am,1,Rural,5,Major Collector,35.14526944,-96.58286389,4,Dawn,12,Motor Vehicle In-Transport,1,Clear,1
40,Oklahoma,400458,CIMARRON (25),BOISE CITY,11,November,7,Saturday,2024,13,1:00pm-1:59pm,1,Rural,3,Other Principal Arterial,36.78488056,-102.5174389,1,Daylight,12,Motor Vehicle In-Transport,10,Cloudy,1
40,Oklahoma,400459,CREEK (37),KELLYVILLE,11,November,1,Sunday,2024,14,2:00pm-2:59pm,1,Rural,1,Interstate,35.96016111,-96.23150278,1,Daylight,12,Motor Vehicle In-Transport,2,Rain,1
40,Oklahoma,400460,TULSA (143),SKIATOOK,11,November,2,Monday,2024,9,9:00am-9:59am,1,Rural,4,Minor Arterial,36.38935556,-95.99139444,1,Daylight,42,Tree (Standing Only),2,Rain,1
40,Oklahoma,400461,LOVE (85),THACKERVILLE,11,November,2,Monday,2024,22,10:00pm-10:59pm,1,Rural,1,Interstate,33.72941111,-97.15714722,2,Dark - Not Lighted,59,Traffic Sign Support,2,Rain,1
40,Oklahoma,400462,MAYES (97),LOCUST GROVE,11,November,2,Monday,2024,15,3:00pm-3:59pm,1,Rural,5,Major Collector,36.10168056,-95.12015,1,Daylight,12,Motor Vehicle In-Transport,2,Rain,1
40,Oklahoma,400463,TULSA (143),TULSA,11,November,2,Monday,2024,18,6:00pm-6:59pm,2,Urban,4,Minor Arterial,36.15605,-95.99661111,3,Dark - Lighted,8,Pedestrian,2,Rain,1
40,Oklahoma,400464,ADAIR (1),STILWELL,11,November,7,Saturday,2024,19,7:00pm-7:59pm,1,Rural,5,Major Collector,35.82663889,-94.60205,2,Dark - Not Lighted,12,Motor Vehicle In-Transport,10,Cloudy,1
40,Oklahoma,400465,TULSA (143),SPERRY,11,November,4,Wednesday,2024,8,8:00am-8:59am,1,Rural,3,Other Principal Arterial,36.30763056,-95.92381111,4,Dawn,12,Motor Vehicle In-Transport,1,Clear,1
40,Oklahoma,400466,SEMINOLE (133),MAUD,11,November,4,Wednesday,2024,23,11:00pm-11:59pm,1,Rural,5,Major Collector,35.04406944,-96.75774722,2,Dark - Not Lighted,1,Rollover/Overturn,1,Clear,1
40,Oklahoma,400467,TULSA (143),TULSA,11,November,5,Thursday,2024,23,11:00pm-11:59pm,2,Urban,4,Minor Arterial,36.14811111,-95.89053889,2,Dark - Not Lighted,8,Pedestrian,10,Cloudy,1
40,Oklahoma,400468,OKMULGEE (111),HENRYETTA,11,November,6,Friday,2024,16,4:00pm-4:59pm,1,Rural,1,Interstate,35.43276667,-95.94060278,5,Dusk,42,Tree (Standing Only),2,Rain,1
40,Oklahoma,400469,OKLAHOMA (109),OKLAHOMA CITY,11,November,6,Friday,2024,22,10:00pm-10:59pm,2,Urban,1,Interstate,35.52123056,-97.51746389,3,Dark - Lighted,12,Motor Vehicle In-Transport,1,Clear,1
40,Oklahoma,400470,ROGERS (131),FOYIL,11,November,1,Sunday,2024,2,2:00am-2:59am,1,Rural,5,Major Collector,36.43785,-95.51756111,2,Dark - Not Lighted,32,Culvert,1,Clear,1
40,Oklahoma,400471,SEQUOYAH (135),MULDROW,11,November,7,Saturday,2024,22,10:00pm-10:59pm,1,Rural,7,Local,35.46352778,-94.62134167,2,Dark - Not Lighted,1,Rollover/Overturn,5,"Fog, Smog, Smoke",1
40,Oklahoma,400472,OKLAHOMA (109),OKLAHOMA CITY,11,November,2,Monday,2024,14,2:00pm-2:59pm,2,Urban,3,Other Principal Arterial,35.43536944,-97.4858,1,Daylight,12,Motor Vehicle In-Transport,10,Cloudy,1
40,Oklahoma,400473,OSAGE (113),HOMINY,11,November,5,Thursday,2024,4,4:00am-4:59am,1,Rural,4,Minor Arterial,36.34646111,-96.41343056,2,Dark - Not Lighted,12,Motor Vehicle In-Transport,1,Clear,1
40,Oklahoma,400474,PAWNEE (117),CLEVELAND,11,November,5,Thursday,2024,99,Unknown Hours,1,Rural,3,Other Principal Arterial,36.21621111,-96.33011944,2,Dark - Not Lighted,1,Rollover/Overturn,99,Reported as Unknown,1
40,Oklahoma,400475,ROGERS (131),CLAREMORE,11,November,7,Saturday,2024,1,1:00am-1:59am,2,Urban,3,Other Principal Arterial,36.34101389,-95.59723611,2,Dark - Not Lighted,8,Pedestrian,2,Rain,1
40,Oklahoma,400476,LOGAN (83),GUTHRIE,11,November,7,Saturday,2024,2,2:00am-2:59am,2,Urban,1,Interstate,35.87820556,-97.39416944,3,Dark - Lighted,1,Rollover/Overturn,1,Clear,1
40,Oklahoma,400477,SEMINOLE (133),SEMINOLE,11,November,6,Friday,2024,16,4:00pm-4:59pm,1,Rural,5,Major Collector,35.21753889,-96.60028889,1,Daylight,12,Motor Vehicle In-Transport,1,Clear,1
40,Oklahoma,400478,LINCOLN (81),PRAGUE,11,November,7,Saturday,2024,16,4:00pm-4:59pm,1,Rural,5,Major Collector,35.48683056,-96.72133056,5,Dusk,12,Motor Vehicle In-Transport,1,Clear,2
40,Oklahoma,400479,TULSA (143),OWASSO,11,November,7,Saturday,2024,19,7:00pm-7:59pm,2,Urban,2,Other Freeways and Expressways,36.23516111,-95.84821111,2,Dark - Not Lighted,5,Fell/Jumped from Vehicle,1,Clear,1
40,Oklahoma,400480,MCCURTAIN (89),BROKEN BOW,11,November,1,Sunday,2024,1,1:00am-1:59am,1,Rural,7,Local,34.06859722,-94.64495,2,Dark - Not Lighted,1,Rollover/Overturn,1,Clear,1
40,Oklahoma,400481,MAYES (97),LOCUST GROVE,11,November,1,Sunday,2024,18,6:00pm-6:59pm,1,Rural,3,Other Principal Arterial,36.18358333,-95.20514167,2,Dark - Not Lighted,38,Fence,10,Cloudy,1
40,Oklahoma,400482,TULSA (143),GLENPOOL,10,October,5,Thursday,2024,5,5:00am-5:59am,1,Rural,3,Other Principal Arterial,35.88232778,-96.015375,2,Dark - Not Lighted,12,Motor Vehicle In-Transport,1,Clear,1
40,Oklahoma,400483,OKLAHOMA (109),MIDWEST CITY,11,November,2,Monday,2024,18,6:00pm-6:59pm,2,Urban,4,Minor Arterial,35.44776944,-97.33575833,2,Dark - Not Lighted,12,Motor Vehicle In-Transport,1,Clear,1
40,Oklahoma,400484,PAWNEE (117),CLEVELAND,11,November,2,Monday,2024,17,5:00pm-5:59pm,1,Rural,3,Other Principal Arterial,36.21649444,-96.33308333,5,Dusk,12,Motor Vehicle In-Transport,1,Clear,1
40,Oklahoma,400485,CARTER (19),WILSON,11,November,2,Monday,2024,9,9:00am-9:59am,1,Rural,4,Minor Arterial,34.17271389,-97.526925,1,Daylight,12,Motor Vehicle In-Transport,2,Rain,1
40,Oklahoma,400486,OKLAHOMA (109),OKLAHOMA CITY,11,November,6,Friday,2024,18,6:00pm-6:59pm,2,Urban,3,Other Principal Arterial,35.493175,-97.47284167,3,Dark - Lighted,8,Pedestrian,2,Rain,1
40,Oklahoma,400487,TULSA (143),SKIATOOK,11,November,2,Monday,2024,15,3:00pm-3:59pm,2,Urban,3,Other Principal Arterial,36.38696389,-95.99139722,1,Daylight,59,Traffic Sign Support,2,Rain,1
40,Oklahoma,400488,OKLAHOMA (109),OKLAHOMA CITY,11,November,3,Tuesday,2024,5,5:00am-5:59am,2,Urban,3,Other Principal Arterial,35.40625556,-97.52118611,3,Dark - Lighted,8,Pedestrian,1,Clear,1
40,Oklahoma,400489,MCCURTAIN (89),HAWORTH,11,November,6,Friday,2024,12,12:00pm-12:59pm,1,Rural,3,Other Principal Arterial,33.76306667,-94.72919167,1,Daylight,12,Motor Vehicle In-Transport,1,Clear,1
40,Oklahoma,400490,TULSA (143),TULSA,11,November,4,Wednesday,2024,19,7:00pm-7:59pm,2,Urban,2,Other Freeways and Expressways,36.12784444,-95.85951389,3,Dark - Lighted,1,Rollover/Overturn,1,Clear,1
40,Oklahoma,400491,PITTSBURG (121),HARTSHORNE,11,November,7,Saturday,2024,2,2:00am-2:59am,1,Rural,5,Major Collector,34.89241389,-95.54269722,2,Dark - Not Lighted,42,Tree (Standing Only),1,Clear,1
40,Oklahoma,400492,OKLAHOMA (109),OKLAHOMA CITY,11,November,5,Thursday,2024,19,7:00pm-7:59pm,2,Urban,3,Other Principal Arterial,35.56093056,-97.64531944,2,Dark - Not Lighted,8,Pedestrian,10,Cloudy,1
40,Oklahoma,400493,TULSA (143),TULSA,11,November,2,Monday,2024,19,7:00pm-7:59pm,2,Urban,4,Minor Arterial,36.20321944,-95.99346111,2,Dark - Not Lighted,15,Non-Motorist on Personal Conveyance,1,Clear,1
40,Oklahoma,400494,TULSA (143),TULSA,11,November,7,Saturday,2024,13,1:00pm-1:59pm,6,Trafficway Not in State Inventory,96,Trafficway Not in State Inventory,36.04281389,-95.99374167,1,Daylight,12,Motor Vehicle In-Transport,10,Cloudy,1
40,Oklahoma,400495,DELAWARE (41),LEACH,11,November,6,Friday,2024,2,2:00am-2:59am,1,Rural,5,Major Collector,36.2112,-94.97496111,2,Dark - Not Lighted,34,Ditch,1,Clear,1
40,Oklahoma,400496,OKLAHOMA (109),OKLAHOMA CITY,11,November,3,Tuesday,2024,14,2:00pm-2:59pm,2,Urban,4,Minor Arterial,35.37716111,-97.53701111,1,Daylight,12,Motor Vehicle In-Transport,1,Clear,1
40,Oklahoma,400497,TULSA (143),TULSA,11,November,6,Friday,2024,22,10:00pm-10:59pm,2,Urban,2,Other Freeways and Expressways,36.08316944,-95.85921944,3,Dark - Lighted,25,Concrete Traffic Barrier,1,Clear,1
40,Oklahoma,400498,TULSA (143),TULSA,11,November,6,Friday,2024,14,2:00pm-2:59pm,2,Urban,4,Minor Arterial,36.11895,-95.83583056,1,Daylight,12,Motor Vehicle In-Transport,1,Clear,1
40,Oklahoma,400499,CADDO (15),HINTON,11,November,7,Saturday,2024,10,10:00am-10:59am,2,Urban,5,Major Collector,35.53626944,-98.36933056,1,Daylight,44,"Pavement Surface Irregularity (Ruts, Potholes, Grates, etc.)",1,Clear,1
40,Oklahoma,400500,WAGONER (145),WAGONER,11,November,7,Saturday,2024,13,1:00pm-1:59pm,2,Urban,3,Other Principal Arterial,35.9443,-95.3952,1,Daylight,12,Motor Vehicle In-Transport,1,Clear,1
40,Oklahoma,400502,OKLAHOMA (109),CHOCTAW,11,November,6,Friday,2024,17,5:00pm-5:59pm,2,Urban,4,Minor Arterial,35.45536389,-97.26504167,5,Dusk,12,Motor Vehicle In-Transport,1,Clear,1
40,Oklahoma,400503,OKLAHOMA (109),OKLAHOMA CITY,11,November,6,Friday,2024,20,8:00pm-8:59pm,2,Urban,5,Major Collector,35.53325,-97.48405,2,Dark - Not Lighted,33,Curb,10,Cloudy,1
40,Oklahoma,400504,OKLAHOMA (109),OKLAHOMA CITY,11,November,6,Friday,2024,20,8:00pm-8:59pm,2,Urban,3,Other Principal Arterial,35.50043889,-97.53438889,3,Dark - Lighted,12,Motor Vehicle In-Transport,1,Clear,1
40,Oklahoma,400505,PITTSBURG (121),NOT APPLICABLE,12,December,1,Sunday,2024,4,4:00am-4:59am,1,Rural,4,Minor Arterial,35.23278611,-95.45910833,2,Dark - Not Lighted,32,Culvert,1,Clear,1
40,Oklahoma,400506,TULSA (143),TULSA,12,December,1,Sunday,2024,22,10:00pm-10:59pm,2,Urban,7,Local,36.16368333,-95.90106944,2,Dark - Not Lighted,8,Pedestrian,1,Clear,1
40,Oklahoma,400507,WAGONER (145),PORTER,12,December,6,Friday,2024,3,3:00am-3:59am,1,Rural,3,Other Principal Arterial,35.85844167,-95.43944722,2,Dark - Not Lighted,12,Motor Vehicle In-Transport,10,Cloudy,1
40,Oklahoma,400508,CHOCTAW (23),HUGO,12,December,7,Saturday,2024,21,9:00pm-9:59pm,1,Rural,3,Other Principal Arterial,34.04027778,-95.62578333,2,Dark - Not Lighted,12,Motor Vehicle In-Transport,10,Cloudy,1
40,Oklahoma,400509,TULSA (143),SPERRY,12,December,2,Monday,2024,11,11:00am-11:59am,1,Rural,3,Other Principal Arterial,36.27936389,-95.92386111,1,Daylight,57,Cable Barrier,2,Rain,1
40,Oklahoma,400510,OKLAHOMA (109),OKLAHOMA CITY,12,December,7,Saturday,2024,6,6:00am-6:59am,2,Urban,4,Minor Arterial,35.42082222,-97.44312222,3,Dark - Lighted,12,Motor Vehicle In-Transport,1,Clear,1
40,Oklahoma,400511,MCCLAIN (87),GOLDSBY,12,December,7,Saturday,2024,20,8:00pm-8:59pm,1,Rural,1,Interstate,35.13499167,-97.45980556,2,Dark - Not Lighted,12,Motor Vehicle In-Transport,1,Clear,1
40,Oklahoma,400512,OKLAHOMA (109),OKLAHOMA CITY,12,December,1,Sunday,2024,4,4:00am-4:59am,2,Urban,1,Interstate,35.39168889,-97.53604722,3,Dark - Lighted,42,Tree (Standing Only),1,Clear,2
40,Oklahoma,400513,BECKHAM (9),ELK CITY,12,December,2,Monday,2024,18,6:00pm-6:59pm,2,Urban,7,Local,35.39281667,-99.44326389,2,Dark - Not Lighted,34,Ditch,1,Clear,1
40,Oklahoma,400514,POTTAWATOMIE (125),MACOMB,12,December,6,Friday,2024,15,3:00pm-3:59pm,1,Rural,4,Minor Arterial,35.10178056,-96.93188333,1,Daylight,12,Motor Vehicle In-Transport,1,Clear,1
40,Oklahoma,400515,GRADY (51),CHICKASHA,12,December,4,Wednesday,2024,16,4:00pm-4:59pm,1,Rural,4,Minor Arterial,35.04603333,-97.82125833,1,Daylight,12,Motor Vehicle In-Transport,1,Clear,1
40,Oklahoma,400516,LE FLORE (79),POTEAU,12,December,5,Thursday,2024,15,3:00pm-3:59pm,2,Urban,4,Minor Arterial,35.10215556,-94.61986389,1,Daylight,12,Motor Vehicle In-Transport,1,Clear,1
40,Oklahoma,400517,PAYNE (119),PERKINS,12,December,4,Wednesday,2024,16,4:00pm-4:59pm,1,Rural,4,Minor Arterial,35.98590278,-97.14042778,1,Daylight,12,Motor Vehicle In-Transport,10,Cloudy,2
40,Oklahoma,400518,DELAWARE (41),KANSAS,12,December,5,Thursday,2024,15,3:00pm-3:59pm,1,Rural,3,Other Principal Arterial,36.20441389,-94.76005,1,Daylight,57,Cable Barrier,1,Clear,1
40,Oklahoma,400519,OKLAHOMA (109),OKLAHOMA CITY,12,December,7,Saturday,2024,3,3:00am-3:59am,2,Urban,3,Other Principal Arterial,35.50121111,-97.58341111,2,Dark - Not Lighted,8,Pedestrian,8,Other,1
40,Oklahoma,400520,CLEVELAND (27),OKLAHOMA CITY,12,December,7,Saturday,2024,23,11:00pm-11:59pm,1,Rural,7,Local,35.31899444,-97.17730833,2,Dark - Not Lighted,1,Rollover/Overturn,10,Cloudy,1
40,Oklahoma,400521,TULSA (143),TULSA,12,December,1,Sunday,2024,2,2:00am-2:59am,2,Urban,2,Other Freeways and Expressways,36.07586111,-95.85954167,3,Dark - Lighted,12,Motor Vehicle In-Transport,10,Cloudy,1
40,Oklahoma,400522,TULSA (143),TULSA,12,December,7,Saturday,2024,17,5:00pm-5:59pm,2,Urban,4,Minor Arterial,36.07176111,-95.86859167,2,Dark - Not Lighted,8,Pedestrian,1,Clear,1
40,Oklahoma,400524,WOODWARD (153),WOODWARD,12,December,3,Tuesday,2024,20,8:00pm-8:59pm,2,Urban,3,Other Principal Arterial,36.38485,-99.34103056,2,Dark - Not Lighted,1,Rollover/Overturn,1,Clear,1
40,Oklahoma,400525,BEAVER (7),BEAVER,12,December,4,Wednesday,2024,6,6:00am-6:59am,1,Rural,5,Major Collector,36.59456944,-100.5228472,2,Dark - Not Lighted,12,Motor Vehicle In-Transport,1,Clear,2
40,Oklahoma,400526,MAYES (97),PRYOR,12,December,2,Monday,2024,16,4:00pm-4:59pm,2,Urban,5,Major Collector,36.24873056,-95.32785833,1,Daylight,12,Motor Vehicle In-Transport,1,Clear,1