STATE,STATENAME,ST_CASE,COUNTYNAME,CITYNAME,MONTH,MONTHNAME,DAY_WEEK,DAY_WEEKNAME,YEAR,HOUR,HOURNAME,RUR_URB,RUR_URBNAME,FUNC_SYS,FUNC_SYSNAME,LATITUDE,LONGITUD,LGT_COND,LGT_CONDNAME,HARM_EV,HARM_EVNAME,WEATHER,WEATHERNAME,FATALS
40,Oklahoma,400527,OSAGE (113),PAWHUSKA,12,December,5,Thursday,2024,22,10:00pm-10:59pm,1,Rural,7,Local,36.681475,-96.3293,2,Dark - Not Lighted,8,Pedestrian,1,Clear,1
40,Oklahoma,400528,OKLAHOMA (109),HARRAH,12,December,5,Thursday,2024,11,11:00am-11:59am,2,Urban,5,Major Collector,35.46399444,-97.15928056,1,Daylight,12,Motor Vehicle In-Transport,1,Clear,1
40,Oklahoma,400529,CHEROKEE (21),TAHLEQUAH,12,December,6,Friday,2024,16,4:00pm-4:59pm,2,Urban,4,Minor Arterial,35.84869167,-95.0204,1,Daylight,12,Motor Vehicle In-Transport,1,Clear,1
40,Oklahoma,400530,ROGERS (131),CHELSEA,12,December,6,Friday,2024,23,11:00pm-11:59pm,1,Rural,7,Local,36.52093333,-95.34621111,2,Dark - Not Lighted,42,Tree (Standing Only),10,Cloudy,1
40,Oklahoma,400531,OKLAHOMA (109),OKLAHOMA CITY,12,December,2,Monday,2024,18,6:00pm-6:59pm,2,Urban,7,Local,35.42446667,-97.46519167,2,Dark - Not Lighted,8,Pedestrian,10,Cloudy,1
40,Oklahoma,400532,OKLAHOMA (109),OKLAHOMA CITY,12,December,6,Friday,2024,23,11:00pm-11:59pm,2,Urban,4,Minor Arterial,35.59467778,-97.57026389,2,Dark - Not Lighted,9,Pedalcyclist,10,Cloudy,1
40,Oklahoma,400533,CUSTER (39),CUSTER CITY,12,December,3,Tuesday,2024,0,0:00am-0:59am,1,Rural,3,Other Principal Arterial,35.76325,-98.96903889,2,Dark - Not Lighted,12,Motor Vehicle In-Transport,2,Rain,1
40,Oklahoma,400534,TULSA (143),TULSA,12,December,3,Tuesday,2024,23,11:00pm-11:59pm,2,Urban,3,Other Principal Arterial,36.08404722,-95.984425,2,Dark - Not Lighted,33,Curb,10,Cloudy,1
40,Oklahoma,400535,TULSA (143),TULSA,12,December,6,Friday,2024,18,6:00pm-6:59pm,2,Urban,3,Other Principal Arterial,36.07024444,-95.98118333,6,Dark - Unknown Lighting,8,Pedestrian,1,Clear,1
40,Oklahoma,400536,GARFIELD (47),COVINGTON,12,December,5,Thursday,2024,13,1:00pm-1:59pm,1,Rural,5,Major Collector,36.33981667,-97.58643889,1,Daylight,30,Utility Pole/Light Support,1,Clear,1
40,Oklahoma,400537,MCCURTAIN (89),IDABEL,12,December,3,Tuesday,2024,9,9:00am-9:59am,2,Urban,4,Minor Arterial,33.91641389,-94.85218889,1,Daylight,58,Ground,1,Clear,1
40,Oklahoma,400538,TULSA (143),TULSA,12,December,3,Tuesday,2024,0,0:00am-0:59am,2,Urban,3,Other Principal Arterial,36.03192778,-95.85477778,3,Dark - Lighted,12,Motor Vehicle In-Transport,1,Clear,1
40,Oklahoma,400539,GARFIELD (47),CARRIER,12,December,6,Friday,2024,19,7:00pm-7:59pm,1,Rural,5,Major Collector,36.46336389,-98.01494722,2,Dark - Not Lighted,12,Motor Vehicle In-Transport,1,Clear,1
40,Oklahoma,400540,PITTSBURG (121),MCALESTER,11,November,7,Saturday,2024,6,6:00am-6:59am,2,Urban,2,Other Freeways and Expressways,34.963975,-95.72450833,1,Daylight,1,Rollover/Overturn,1,Clear,1
40,Oklahoma,400541,SEMINOLE (133),SEMINOLE,11,November,5,Thursday,2024,21,9:00pm-9:59pm,2,Urban,7,Local,35.21773889,-96.67105,2,Dark - Not Lighted,35,Embankment,1,Clear,1
40,Oklahoma,400542,PAYNE (119),STILLWATER,12,December,4,Wednesday,2024,13,1:00pm-1:59pm,2,Urban,3,Other Principal Arterial,36.128725,-97.058825,1,Daylight,12,Motor Vehicle In-Transport,1,Clear,1
40,Oklahoma,400543,CLEVELAND (27),NORMAN,8,August,2,Monday,2024,18,6:00pm-6:59pm,1,Rural,5,Major Collector,35.29010556,-97.21238611,1,Daylight,12,Motor Vehicle In-Transport,1,Clear,1
40,Oklahoma,400544,ADAIR (1),STILWELL,10,October,6,Friday,2024,17,5:00pm-5:59pm,1,Rural,7,Local,35.83316944,-94.63038056,5,Dusk,35,Embankment,1,Clear,1
40,Oklahoma,400545,CARTER (19),ARDMORE,11,November,2,Monday,2024,9,9:00am-9:59am,2,Urban,3,Other Principal Arterial,34.135,-97.10376944,9,Reported as Unknown,9,Pedalcyclist,1,Clear,1
40,Oklahoma,400546,TULSA (143),BROKEN ARROW,11,November,5,Thursday,2024,2,2:00am-2:59am,2,Urban,3,Other Principal Arterial,36.03190278,-95.79750556,3,Dark - Lighted,12,Motor Vehicle In-Transport,1,Clear,1
40,Oklahoma,400547,OKLAHOMA (109),EDMOND,12,December,6,Friday,2024,2,2:00am-2:59am,2,Urban,3,Other Principal Arterial,35.61711111,-97.49111389,3,Dark - Lighted,30,Utility Pole/Light Support,1,Clear,1
40,Oklahoma,400548,GRADY (51),AMBER,11,November,6,Friday,2024,13,1:00pm-1:59pm,1,Rural,5,Major Collector,35.153225,-97.88185,1,Daylight,1,Rollover/Overturn,2,Rain,1
40,Oklahoma,400549,STEPHENS (137),DUNCAN,12,December,3,Tuesday,2024,6,6:00am-6:59am,2,Urban,3,Other Principal Arterial,34.49222222,-97.96399722,2,Dark - Not Lighted,8,Pedestrian,1,Clear,1
40,Oklahoma,400551,MCCLAIN (87),NEW CASTLE,6,June,7,Saturday,2024,20,8:00pm-8:59pm,1,Rural,3,Other Principal Arterial,35.18198611,-97.56138611,5,Dusk,12,Motor Vehicle In-Transport,1,Clear,1
40,Oklahoma,400552,MUSKOGEE (101),MUSKOGEE,11,November,3,Tuesday,2024,18,6:00pm-6:59pm,2,Urban,4,Minor Arterial,35.74029444,-95.34033611,3,Dark - Lighted,12,Motor Vehicle In-Transport,1,Clear,1
40,Oklahoma,400553,TULSA (143),TULSA,3,March,7,Saturday,2024,17,5:00pm-5:59pm,2,Urban,7,Local,36.18137222,-95.96230556,1,Daylight,5,Fell/Jumped from Vehicle,1,Clear,1
40,Oklahoma,400554,BECKHAM (9),ERICK,4,April,1,Sunday,2024,1,1:00am-1:59am,1,Rural,1,Interstate,35.22617222,-99.88585,2,Dark - Not Lighted,8,Pedestrian,1,Clear,1
40,Oklahoma,400555,MUSKOGEE (101),MUSKOGEE,6,June,4,Wednesday,2024,22,10:00pm-10:59pm,2,Urban,5,Major Collector,35.738475,-95.36694722,2,Dark - Not Lighted,8,Pedestrian,1,Clear,1
40,Oklahoma,400556,CLEVELAND (27),NORMAN,11,November,2,Monday,2024,10,10:00am-10:59am,1,Rural,5,Major Collector,35.27639444,-97.33716111,1,Daylight,35,Embankment,2,Rain,1
40,Oklahoma,400557,GARFIELD (47),ENID,7,July,5,Thursday,2024,11,11:00am-11:59am,2,Urban,3,Other Principal Arterial,36.39088611,-97.93260833,1,Daylight,12,Motor Vehicle In-Transport,1,Clear,1
40,Oklahoma,400558,LINCOLN (81),MEEKER,7,July,1,Sunday,2024,5,5:00am-5:59am,1,Rural,5,Major Collector,35.50220278,-96.86504722,2,Dark - Not Lighted,12,Motor Vehicle In-Transport,1,Clear,1
40,Oklahoma,400559,CREEK (37),MANNFORD,8,August,6,Friday,2024,6,6:00am-6:59am,1,Rural,4,Minor Arterial,36.01627222,-96.38714722,4,Dawn,12,Motor Vehicle In-Transport,10,Cloudy,1
40,Oklahoma,400560,OKLAHOMA (109),OKLAHOMA CITY,9,September,5,Thursday,2024,20,8:00pm-8:59pm,2,Urban,7,Local,35.43931667,-97.55248056,2,Dark - Not Lighted,9,Pedalcyclist,1,Clear,1
40,Oklahoma,400561,WASHINGTON (147),BARTLESVILLE,9,September,6,Friday,2024,14,2:00pm-2:59pm,2,Urban,3,Other Principal Arterial,36.73119722,-95.93525833,1,Daylight,12,Motor Vehicle In-Transport,1,Clear,1
40,Oklahoma,400562,TULSA (143),TULSA,9,September,3,Tuesday,2024,11,11:00am-11:59am,2,Urban,3,Other Principal Arterial,36.07483611,-95.92224722,1,Daylight,12,Motor Vehicle In-Transport,10,Cloudy,1
40,Oklahoma,400563,ROGERS (131),CATOOSA,9,September,5,Thursday,2024,23,11:00pm-11:59pm,1,Rural,1,Interstate,36.16307222,-95.75001389,2,Dark - Not Lighted,59,Traffic Sign Support,1,Clear,1
40,Oklahoma,400564,COMANCHE (31),CACHE,9,September,6,Friday,2024,12,12:00pm-12:59pm,1,Rural,5,Major Collector,34.56755556,-98.63288333,1,Daylight,38,Fence,1,Clear,1
40,Oklahoma,400565,TULSA (143),TULSA,9,September,7,Saturday,2024,0,0:00am-0:59am,1,Rural,1,Interstate,36.08999722,-95.99219444,3,Dark - Lighted,12,Motor Vehicle In-Transport,1,Clear,1
40,Oklahoma,400566,OKLAHOMA (109),OKLAHOMA CITY,9,September,6,Friday,2024,4,4:00am-4:59am,2,Urban,4,Minor Arterial,35.473675,-97.63658333,2,Dark - Not Lighted,9,Pedalcyclist,10,Cloudy,1
40,Oklahoma,400567,MUSKOGEE (101),MUSKOGEE,9,September,4,Wednesday,2024,14,2:00pm-2:59pm,1,Rural,5,Major Collector,35.61996111,-95.36184444,1,Daylight,12,Motor Vehicle In-Transport,1,Clear,1
40,Oklahoma,400568,MAYES (97),ADAIR,9,September,1,Sunday,2024,9,9:00am-9:59am,1,Rural,5,Major Collector,36.43804722,-95.25015833,1,Daylight,32,Culvert,1,Clear,1
40,Oklahoma,400569,OTTAWA (115),MIAMI,10,October,5,Thursday,2024,3,3:00am-3:59am,1,Rural,5,Major Collector,36.87146944,-94.74103611,2,Dark - Not Lighted,34,Ditch,1,Clear,3
40,Oklahoma,400570,OKLAHOMA (109),OKLAHOMA CITY,10,October,3,Tuesday,2024,11,11:00am-11:59am,2,Urban,3,Other Principal Arterial,35.42094167,-97.488875,1,Daylight,8,Pedestrian,10,Cloudy,1
40,Oklahoma,400571,TULSA (143),TULSA,10,October,3,Tuesday,2024,7,7:00am-7:59am,2,Urban,3,Other Principal Arterial,36.09545833,-95.92245,1,Daylight,8,Pedestrian,1,Clear,1
40,Oklahoma,400572,SEQUOYAH (135),GORE,10,October,1,Sunday,2024,2,2:00am-2:59am,1,Rural,5,Major Collector,35.59417222,-95.06625,2,Dark - Not Lighted,17,Boulder,1,Clear,1
40,Oklahoma,400573,BRYAN (13),CALERA,11,November,2,Monday,2024,19,7:00pm-7:59pm,1,Rural,7,Local,33.95455,-96.45895,2,Dark - Not Lighted,38,Fence,1,Clear,1
40,Oklahoma,400574,KIOWA (75),SNYDER,11,November,7,Saturday,2024,16,4:00pm-4:59pm,1,Rural,3,Other Principal Arterial,34.63817778,-99.03788889,1,Daylight,1,Rollover/Overturn,1,Clear,1
40,Oklahoma,400576,TULSA (143),BROKEN ARROW,11,November,3,Tuesday,2024,12,12:00pm-12:59pm,2,Urban,3,Other Principal Arterial,36.03243889,-95.85105,1,Daylight,12,Motor Vehicle In-Transport,1,Clear,1
40,Oklahoma,400577,PAYNE (119),STILLWATER,11,November,2,Monday,2024,13,1:00pm-1:59pm,1,Rural,7,Local,36.14386944,-96.89048333,1,Daylight,38,Fence,1,Clear,1
40,Oklahoma,400578,CANADIAN (17),OKLAHOMA CITY,11,November,1,Sunday,2024,3,3:00am-3:59am,2,Urban,2,Other Freeways and Expressways,35.57275556,-97.689125,2,Dark - Not Lighted,12,Motor Vehicle In-Transport,10,Cloudy,1
40,Oklahoma,400579,OTTAWA (115),MIAMI,12,December,4,Wednesday,2024,4,4:00am-4:59am,1,Rural,1,Interstate,36.90976944,-94.78906944,2,Dark - Not Lighted,12,Motor Vehicle In-Transport,1,Clear,1
40,Oklahoma,400580,OSAGE (113),SKIATOOK,12,December,6,Friday,2024,20,8:00pm-8:59pm,1,Rural,4,Minor Arterial,36.48308056,-96.03643611,2,Dark - Not Lighted,12,Motor Vehicle In-Transport,1,Clear,1
40,Oklahoma,400581,MCCURTAIN (89),IDABEL,12,December,1,Sunday,2024,2,2:00am-2:59am,1,Rural,3,Other Principal Arterial,33.77581667,-94.746525,2,Dark - Not Lighted,12,Motor Vehicle In-Transport,2,Rain,2
40,Oklahoma,400582,ADAIR (1),WESTVILLE,12,December,2,Monday,2024,11,11:00am-11:59am,1,Rural,4,Minor Arterial,35.96608611,-94.75404167,1,Daylight,58,Ground,10,Cloudy,1
40,Oklahoma,400583,CLEVELAND (27),NORMAN,12,December,7,Saturday,2024,2,2:00am-2:59am,2,Urban,1,Interstate,35.27949444,-97.48442778,3,Dark - Lighted,21,Bridge Pier or Support,2,Rain,1
40,Oklahoma,400584,MCCLAIN (87),PURCELL,12,December,1,Sunday,2024,20,8:00pm-8:59pm,1,Rural,5,Major Collector,34.89860556,-97.40631389,2,Dark - Not Lighted,8,Pedestrian,1,Clear,1
40,Oklahoma,400585,PAYNE (119),CUSHING,12,December,3,Tuesday,2024,13,1:00pm-1:59pm,1,Rural,4,Minor Arterial,35.98570556,-96.81301667,1,Daylight,12,Motor Vehicle In-Transport,1,Clear,1
40,Oklahoma,400586,ROGERS (131),CATOOSA,12,December,4,Wednesday,2024,15,3:00pm-3:59pm,2,Urban,3,Other Principal Arterial,36.16449444,-95.63691944,1,Daylight,12,Motor Vehicle In-Transport,1,Clear,1
40,Oklahoma,400587,JOHNSTON (69),MILBURN,12,December,4,Wednesday,2024,20,8:00pm-8:59pm,1,Rural,5,Major Collector,34.16846944,-96.58380556,2,Dark - Not Lighted,18,Other Object (not fixed),1,Clear,1
40,Oklahoma,400588,MUSKOGEE (101),OKTAHA,12,December,2,Monday,2024,6,6:00am-6:59am,1,Rural,5,Major Collector,35.60976111,-95.495525,2,Dark - Not Lighted,12,Motor Vehicle In-Transport,1,Clear,1
40,Oklahoma,400589,KIOWA (75),LONE WOLF,12,December,2,Monday,2024,16,4:00pm-4:59pm,1,Rural,4,Minor Arterial,34.92766111,-99.26341389,5,Dusk,12,Motor Vehicle In-Transport,1,Clear,3
40,Oklahoma,400590,MCCLAIN (87),NOT APPLICABLE,12,December,5,Thursday,2024,1,1:00am-1:59am,1,Rural,5,Major Collector,34.85676944,-97.40605833,2,Dark - Not Lighted,1,Rollover/Overturn,5,"Fog, Smog, Smoke",1
40,Oklahoma,400591,OKLAHOMA (109),OKLAHOMA CITY,12,December,6,Friday,2024,17,5:00pm-5:59pm,2,Urban,4,Minor Arterial,35.57861667,-97.65622778,2,Dark - Not Lighted,12,Motor Vehicle In-Transport,10,Cloudy,1
40,Oklahoma,400592,OKLAHOMA (109),EDMOND,12,December,1,Sunday,2024,11,11:00am-11:59am,2,Urban,3,Other Principal Arterial,35.63835556,-97.49606111,1,Daylight,12,Motor Vehicle In-Transport,1,Clear,1
40,Oklahoma,400593,LE FLORE (79),TALIHINA,12,December,2,Monday,2024,11,11:00am-11:59am,1,Rural,5,Major Collector,34.75631667,-95.05758333,1,Daylight,8,Pedestrian,1,Clear,2
40,Oklahoma,400594,TILLMAN (141),FREDERICK,12,December,4,Wednesday,2024,17,5:00pm-5:59pm,1,Rural,4,Minor Arterial,34.364025,-99.02804444,1,Daylight,42,Tree (Standing Only),1,Clear,1
40,Oklahoma,400595,TULSA (143),TULSA,12,December,1,Sunday,2024,17,5:00pm-5:59pm,2,Urban,2,Other Freeways and Expressways,36.16531111,-95.88251944,2,Dark - Not Lighted,14,Parked Motor Vehicle,1,Clear,1
40,Oklahoma,400596,OKLAHOMA (109),HARRAH,12,December,6,Friday,2024,16,4:00pm-4:59pm,1,Rural,5,Major Collector,35.53612778,-97.15913889,1,Daylight,12,Motor Vehicle In-Transport,1,Clear,1
40,Oklahoma,400597,KAY (71),PONCA CITY,12,December,1,Sunday,2024,14,2:00pm-2:59pm,2,Urban,4,Minor Arterial,36.70963889,-97.00061389,1,Daylight,34,Ditch,1,Clear,1
40,Oklahoma,400598,MUSKOGEE (101),MUSKOGEE,12,December,6,Friday,2024,19,7:00pm-7:59pm,2,Urban,4,Minor Arterial,35.74516389,-95.36214167,3,Dark - Lighted,8,Pedestrian,1,Clear,1
40,Oklahoma,400599,CLEVELAND (27),NORMAN,12,December,5,Thursday,2024,6,6:00am-6:59am,2,Urban,7,Local,35.17479722,-97.45019444,2,Dark - Not Lighted,59,Traffic Sign Support,5,"Fog, Smog, Smoke",1
40,Oklahoma,400600,WAGONER (145),PORTER,9,September,2,Monday,2024,10,10:00am-10:59am,1,Rural,3,Other Principal Arterial,35.84701667,-95.40320833,1,Daylight,34,Ditch,1,Clear,1
40,Oklahoma,400601,OKLAHOMA (109),OKLAHOMA CITY,9,September,5,Thursday,2024,10,10:00am-10:59am,2,Urban,1,Interstate,35.59907778,-97.42532222,1,Daylight,21,Bridge Pier or Support,1,Clear,1
40,Oklahoma,400602,HUGHES (63),HOLDENVILLE,5,May,6,Friday,2024,9,9:00am-9:59am,1,Rural,4,Minor Arterial,35.08668056,-96.32066389,1,Daylight,38,Fence,1,Clear,1
40,Oklahoma,400603,DELAWARE (41),GROVE,5,May,2,Monday,2024,15,3:00pm-3:59pm,2,Urban,3,Other Principal Arterial,36.57806389,-94.76906944,1,Daylight,12,Motor Vehicle In-Transport,1,Clear,1
40,Oklahoma,400604,BECKHAM (9),SAYRE,12,December,1,Sunday,2024,19,7:00pm-7:59pm,1,Rural,7,Local,35.39267778,-99.59302778,2,Dark - Not Lighted,1,Rollover/Overturn,1,Clear,1
40,Oklahoma,400605,PONTOTOC (123),ADA,11,November,6,Friday,2024,16,4:00pm-4:59pm,1,Rural,4,Minor Arterial,34.92609444,-96.93047778,1,Daylight,59,Traffic Sign Support,1,Clear,1
45,South Carolina,450001,BERKELEY (15),NOT APPLICABLE,1,January,2,Monday,2024,21,9:00pm-9:59pm,1,Rural,3,Other Principal Arterial,33.42924444,-79.96417778,3,Dark - Lighted,8,Pedestrian,1,Clear,1
45,South Carolina,450002,CHEROKEE (21),NOT APPLICABLE,1,January,2,Monday,2024,0,0:00am-0:59am,2,Urban,5,Major Collector,35.105075,-81.70389722,3,Dark - Lighted,12,Motor Vehicle In-Transport,1,Clear,2
45,South Carolina,450003,MARLBORO (69),NOT APPLICABLE,1,January,2,Monday,2024,12,12:00pm-12:59pm,1,Rural,6,Minor Collector,34.66441944,-79.51619167,1,Daylight,34,Ditch,1,Clear,1
45,South Carolina,450004,CHARLESTON (19),CHARLESTON,1,January,2,Monday,2024,17,5:00pm-5:59pm,2,Urban,3,Other Principal Arterial,32.79318056,-80.05265,3,Dark - Lighted,12,Motor Vehicle In-Transport,1,Clear,1
45,South Carolina,450005,OCONEE (73),NOT APPLICABLE,1,January,3,Tuesday,2024,17,5:00pm-5:59pm,1,Rural,3,Other Principal Arterial,34.64268056,-83.13428056,2,Dark - Not Lighted,12,Motor Vehicle In-Transport,1,Clear,1
45,South Carolina,450006,OCONEE (73),NOT APPLICABLE,1,January,4,Wednesday,2024,16,4:00pm-4:59pm,1,Rural,5,Major Collector,34.68584722,-83.12229722,1,Daylight,1,Rollover/Overturn,1,Clear,1
45,South Carolina,450007,ANDERSON (7),NOT APPLICABLE,1,January,4,Wednesday,2024,21,9:00pm-9:59pm,2,Urban,1,Interstate,34.53109722,-82.83439722,2,Dark - Not Lighted,12,Motor Vehicle In-Transport,1,Clear,1
45,South Carolina,450008,LEXINGTON (63),NOT APPLICABLE,1,January,5,Thursday,2024,18,6:00pm-6:59pm,1,Rural,7,Local,33.86371944,-81.23913056,2,Dark - Not Lighted,35,Embankment,1,Clear,1
45,South Carolina,450009,AIKEN (3),NOT APPLICABLE,1,January,6,Friday,2024,18,6:00pm-6:59pm,1,Rural,7,Local,33.55200556,-81.89598889,2,Dark - Not Lighted,42,Tree (Standing Only),1,Clear,1
45,South Carolina,450010,AIKEN (3),NOT APPLICABLE,1,January,7,Saturday,2024,0,0:00am-0:59am,2,Urban,7,Local,33.53985833,-81.80218056,2,Dark - Not Lighted,32,Culvert,1,Clear,1
45,South Carolina,450011,FAIRFIELD (39),NOT APPLICABLE,1,January,7,Saturday,2024,5,5:00am-5:59am,1,Rural,4,Minor Arterial,34.40848889,-81.14232778,2,Dark - Not Lighted,12,Motor Vehicle In-Transport,2,Rain,1
45,South Carolina,450012,FAIRFIELD (39),NOT APPLICABLE,1,January,7,Saturday,2024,21,9:00pm-9:59pm,1,Rural,1,Interstate,34.24723056,-80.99992778,2,Dark - Not Lighted,12,Motor Vehicle In-Transport,1,Clear,2
45,South Carolina,450013,LEXINGTON (63),NOT APPLICABLE,1,January,7,Saturday,2024,19,7:00pm-7:59pm,1,Rural,7,Local,33.78427778,-81.43827222,6,Dark - Unknown Lighting,42,Tree (Standing Only),1,Clear,1
45,South Carolina,450014,CHARLESTON (19),NORTH CHARLESTON,1,January,7,Saturday,2024,14,2:00pm-2:59pm,2,Urban,4,Minor Arterial,32.93571667,-80.04340278,1,Daylight,12,Motor Vehicle In-Transport,1,Clear,1
45,South Carolina,450015,ORANGEBURG (75),NOT APPLICABLE,1,January,1,Sunday,2024,14,2:00pm-2:59pm,1,Rural,3,Other Principal Arterial,33.45852778,-80.62503333,1,Daylight,12,Motor Vehicle In-Transport,1,Clear,1
45,South Carolina,450016,LEXINGTON (63),NOT APPLICABLE,1,January,1,Sunday,2024,0,0:00am-0:59am,2,Urban,1,Interstate,34.04168889,-81.11510278,2,Dark - Not Lighted,12,Motor Vehicle In-Transport,1,Clear,1
45,South Carolina,450018,OCONEE (73),NOT APPLICABLE,1,January,4,Wednesday,2024,13,1:00pm-1:59pm,1,Rural,4,Minor Arterial,34.63543889,-83.04806111,1,Daylight,12,Motor Vehicle In-Transport,1,Clear,1
45,South Carolina,450019,BARNWELL (11),NOT APPLICABLE,1,January,4,Wednesday,2024,20,8:00pm-8:59pm,1,Rural,4,Minor Arterial,33.46327778,-81.34289167,2,Dark - Not Lighted,42,Tree (Standing Only),1,Clear,1
45,South Carolina,450020,MARION (67),NOT APPLICABLE,1,January,4,Wednesday,2024,18,6:00pm-6:59pm,1,Rural,3,Other Principal Arterial,34.19058611,-79.49874722,2,Dark - Not Lighted,1,Rollover/Overturn,1,Clear,1
45,South Carolina,450021,GEORGETOWN (43),GEORGETOWN,1,January,4,Wednesday,2024,8,8:00am-8:59am,2,Urban,5,Major Collector,33.36906111,-79.28713889,1,Daylight,8,Pedestrian,1,Clear,1
45,South Carolina,450022,GREENWOOD (47),NOT APPLICABLE,1,January,5,Thursday,2024,17,5:00pm-5:59pm,2,Urban,3,Other Principal Arterial,34.16075556,-82.12948056,1,Daylight,12,Motor Vehicle In-Transport,1,Clear,1
45,South Carolina,450023,LEXINGTON (63),IRMO,1,January,5,Thursday,2024,22,10:00pm-10:59pm,2,Urban,4,Minor Arterial,34.08596389,-81.18366389,3,Dark - Lighted,12,Motor Vehicle In-Transport,1,Clear,1
45,South Carolina,450024,YORK (91),NOT APPLICABLE,1,January,5,Thursday,2024,10,10:00am-10:59am,2,Urban,5,Major Collector,34.88290556,-80.95225833,1,Daylight,12,Motor Vehicle In-Transport,1,Clear,1
45,South Carolina,450025,SPARTANBURG (83),NOT APPLICABLE,1,January,5,Thursday,2024,1,1:00am-1:59am,1,Rural,5,Major Collector,34.77563889,-82.04121944,6,Dark - Unknown Lighting,34,Ditch,1,Clear,1
45,South Carolina,450026,ANDERSON (7),NOT APPLICABLE,1,January,6,Friday,2024,5,5:00am-5:59am,1,Rural,4,Minor Arterial,34.35312778,-82.576125,2,Dark - Not Lighted,12,Motor Vehicle In-Transport,1,Clear,1
45,South Carolina,450027,MARION (67),NOT APPLICABLE,1,January,7,Saturday,2024,4,4:00am-4:59am,1,Rural,3,Other Principal Arterial,34.20455278,-79.54112222,2,Dark - Not Lighted,8,Pedestrian,1,Clear,1
45,South Carolina,450028,YORK (91),NOT APPLICABLE,1,January,7,Saturday,2024,0,0:00am-0:59am,2,Urban,4,Minor Arterial,35.00726111,-81.02330278,6,Dark - Unknown Lighting,34,Ditch,1,Clear,1
45,South Carolina,450029,CHARLESTON (19),NORTH CHARLESTON,1,January,7,Saturday,2024,22,10:00pm-10:59pm,2,Urban,1,Interstate,32.85676111,-80.0227,2,Dark - Not Lighted,12,Motor Vehicle In-Transport,1,Clear,1
45,South Carolina,450030,GREENVILLE (45),NOT APPLICABLE,1,January,1,Sunday,2024,3,3:00am-3:59am,2,Urban,1,Interstate,34.77102222,-82.27320556,6,Dark - Unknown Lighting,12,Motor Vehicle In-Transport,1,Clear,2
45,South Carolina,450031,ORANGEBURG (75),NOT APPLICABLE,1,January,1,Sunday,2024,3,3:00am-3:59am,1,Rural,7,Local,33.30733333,-80.44866944,2,Dark - Not Lighted,32,Culvert,1,Clear,1
45,South Carolina,450032,HORRY (51),NOT APPLICABLE,1,January,2,Monday,2024,10,10:00am-10:59am,1,Rural,5,Major Collector,33.95059444,-78.94751111,1,Daylight,12,Motor Vehicle In-Transport,1,Clear,1
45,South Carolina,450033,GREENVILLE (45),NOT APPLICABLE,1,January,2,Monday,2024,17,5:00pm-5:59pm,2,Urban,1,Interstate,34.73116111,-82.42053333,5,Dusk,12,Motor Vehicle In-Transport,1,Clear,1
45,South Carolina,450034,PICKENS (77),CLEMSON,1,January,3,Tuesday,2024,15,3:00pm-3:59pm,2,Urban,3,Other Principal Arterial,34.6812,-82.82067778,1,Daylight,12,Motor Vehicle In-Transport,1,Clear,1
45,South Carolina,450035,SPARTANBURG (83),NOT APPLICABLE,1,January,4,Wednesday,2024,15,3:00pm-3:59pm,2,Urban,7,Local,35.05189722,-81.97894167,1,Daylight,30,Utility Pole/Light Support,1,Clear,1
45,South Carolina,450036,CHARLESTON (19),HOLLYWOOD,1,January,7,Saturday,2024,15,3:00pm-3:59pm,1,Rural,6,Minor Collector,32.72608889,-80.29728889,1,Daylight,8,Pedestrian,1,Clear,1
45,South Carolina,450037,AIKEN (3),AIKEN,1,January,4,Wednesday,2024,17,5:00pm-5:59pm,2,Urban,5,Major Collector,33.52326111,-81.88656111,5,Dusk,1,Rollover/Overturn,1,Clear,1
45,South Carolina,450038,AIKEN (3),NOT APPLICABLE,1,January,5,Thursday,2024,14,2:00pm-2:59pm,1,Rural,4,Minor Arterial,33.70095278,-81.48042778,1,Daylight,12,Motor Vehicle In-Transport,1,Clear,1
45,South Carolina,450039,DORCHESTER (35),NOT APPLICABLE,1,January,7,Saturday,2024,18,6:00pm-6:59pm,2,Urban,4,Minor Arterial,33.06154722,-80.25705278,2,Dark - Not Lighted,12,Motor Vehicle In-Transport,1,Clear,1
45,South Carolina,450040,RICHLAND (79),NOT APPLICABLE,1,January,7,Saturday,2024,23,11:00pm-11:59pm,1,Rural,3,Other Principal Arterial,33.81094444,-80.63935556,2,Dark - Not Lighted,38,Fence,1,Clear,1
45,South Carolina,450041,BERKELEY (15),NOT APPLICABLE,1,January,7,Saturday,2024,19,7:00pm-7:59pm,1,Rural,3,Other Principal Arterial,33.26156944,-79.96271944,2,Dark - Not Lighted,12,Motor Vehicle In-Transport,1,Clear,1
45,South Carolina,450042,GREENVILLE (45),NOT APPLICABLE,1,January,2,Monday,2024,15,3:00pm-3:59pm,2,Urban,3,Other Principal Arterial,34.94188611,-82.27728889,1,Daylight,12,Motor Vehicle In-Transport,1,Clear,1
45,South Carolina,450043,ORANGEBURG (75),NOT APPLICABLE,1,January,3,Tuesday,2024,16,4:00pm-4:59pm,1,Rural,5,Major Collector,33.38516389,-80.88722222,1,Daylight,12,Motor Vehicle In-Transport,1,Clear,1