STATE,STATENAME,ST_CASE,COUNTYNAME,CITYNAME,MONTH,MONTHNAME,DAY_WEEK,DAY_WEEKNAME,YEAR,HOUR,HOURNAME,RUR_URB,RUR_URBNAME,FUNC_SYS,FUNC_SYSNAME,LATITUDE,LONGITUD,LGT_COND,LGT_CONDNAME,HARM_EV,HARM_EVNAME,WEATHER,WEATHERNAME,FATALS
45,South Carolina,450509,GEORGETOWN (43),NOT APPLICABLE,7,July,1,Sunday,2024,18,6:00pm-6:59pm,2,Urban,3,Other Principal Arterial,33.52849722,-79.06233889,1,Daylight,12,Motor Vehicle In-Transport,1,Clear,1
45,South Carolina,450510,ORANGEBURG (75),NOT APPLICABLE,7,July,1,Sunday,2024,19,7:00pm-7:59pm,1,Rural,5,Major Collector,33.38285278,-80.441375,1,Daylight,34,Ditch,1,Clear,1
45,South Carolina,450511,CHARLESTON (19),CHARLESTON,7,July,1,Sunday,2024,3,3:00am-3:59am,2,Urban,1,Interstate,32.79708056,-79.94248056,3,Dark - Lighted,25,Concrete Traffic Barrier,1,Clear,1
45,South Carolina,450512,GEORGETOWN (43),GEORGETOWN,7,July,1,Sunday,2024,23,11:00pm-11:59pm,2,Urban,7,Local,33.38553056,-79.29600833,3,Dark - Lighted,32,Culvert,1,Clear,1
45,South Carolina,450513,CHARLESTON (19),MT PLEASANT,7,July,1,Sunday,2024,16,4:00pm-4:59pm,2,Urban,3,Other Principal Arterial,32.79356944,-79.85635,1,Daylight,9,Pedalcyclist,1,Clear,1
45,South Carolina,450514,LANCASTER (57),NOT APPLICABLE,7,July,2,Monday,2024,6,6:00am-6:59am,1,Rural,3,Other Principal Arterial,34.83491111,-80.80835556,1,Daylight,12,Motor Vehicle In-Transport,1,Clear,1
45,South Carolina,450515,PICKENS (77),NOT APPLICABLE,7,July,2,Monday,2024,9,9:00am-9:59am,1,Rural,4,Minor Arterial,34.99711111,-82.74964722,1,Daylight,12,Motor Vehicle In-Transport,10,Cloudy,1
45,South Carolina,450516,ORANGEBURG (75),NOT APPLICABLE,7,July,2,Monday,2024,18,6:00pm-6:59pm,1,Rural,1,Interstate,33.31703611,-80.54558056,1,Daylight,14,Parked Motor Vehicle,1,Clear,1
45,South Carolina,450517,CHEROKEE (21),NOT APPLICABLE,7,July,2,Monday,2024,18,6:00pm-6:59pm,1,Rural,5,Major Collector,35.02095556,-81.73481111,1,Daylight,42,Tree (Standing Only),1,Clear,1
45,South Carolina,450518,LAURENS (59),NOT APPLICABLE,7,July,4,Wednesday,2024,17,5:00pm-5:59pm,2,Urban,1,Interstate,34.65514722,-82.16381389,1,Daylight,12,Motor Vehicle In-Transport,1,Clear,1
45,South Carolina,450519,AIKEN (3),NOT APPLICABLE,7,July,4,Wednesday,2024,10,10:00am-10:59am,2,Urban,3,Other Principal Arterial,33.57691389,-81.76920556,1,Daylight,12,Motor Vehicle In-Transport,1,Clear,1
45,South Carolina,450520,CHEROKEE (21),NOT APPLICABLE,7,July,5,Thursday,2024,8,8:00am-8:59am,1,Rural,3,Other Principal Arterial,35.01655278,-81.72966944,1,Daylight,12,Motor Vehicle In-Transport,2,Rain,1
45,South Carolina,450521,YORK (91),ROCK HILL,7,July,5,Thursday,2024,22,10:00pm-10:59pm,2,Urban,7,Local,34.98398056,-81.03065,3,Dark - Lighted,12,Motor Vehicle In-Transport,1,Clear,1
45,South Carolina,450522,GREENVILLE (45),NOT APPLICABLE,7,July,6,Friday,2024,13,1:00pm-1:59pm,1,Rural,5,Major Collector,34.64489167,-82.35428056,1,Daylight,12,Motor Vehicle In-Transport,1,Clear,1
45,South Carolina,450523,BERKELEY (15),NOT APPLICABLE,7,July,6,Friday,2024,17,5:00pm-5:59pm,1,Rural,3,Other Principal Arterial,33.33014722,-79.94785278,2,Dark - Not Lighted,12,Motor Vehicle In-Transport,10,Cloudy,1
45,South Carolina,450524,HORRY (51),NOT APPLICABLE,7,July,6,Friday,2024,23,11:00pm-11:59pm,2,Urban,3,Other Principal Arterial,33.96021944,-78.73733889,2,Dark - Not Lighted,12,Motor Vehicle In-Transport,1,Clear,1
45,South Carolina,450525,HORRY (51),LORIS,7,July,7,Saturday,2024,3,3:00am-3:59am,1,Rural,5,Major Collector,33.99092778,-78.95341944,2,Dark - Not Lighted,32,Culvert,1,Clear,1
45,South Carolina,450526,ORANGEBURG (75),NOT APPLICABLE,7,July,7,Saturday,2024,20,8:00pm-8:59pm,1,Rural,5,Major Collector,33.39193889,-80.35159444,5,Dusk,34,Ditch,1,Clear,1
45,South Carolina,450527,SUMTER (85),NOT APPLICABLE,7,July,1,Sunday,2024,15,3:00pm-3:59pm,1,Rural,3,Other Principal Arterial,33.89825556,-80.21686389,1,Daylight,12,Motor Vehicle In-Transport,1,Clear,1
45,South Carolina,450528,SPARTANBURG (83),NOT APPLICABLE,7,July,1,Sunday,2024,2,2:00am-2:59am,2,Urban,4,Minor Arterial,34.96196111,-81.99033056,2,Dark - Not Lighted,35,Embankment,1,Clear,2
45,South Carolina,450529,GEORGETOWN (43),NOT APPLICABLE,7,July,1,Sunday,2024,11,11:00am-11:59am,1,Rural,5,Major Collector,33.44590278,-79.52489444,1,Daylight,34,Ditch,1,Clear,1
45,South Carolina,450530,CHEROKEE (21),NOT APPLICABLE,7,July,1,Sunday,2024,15,3:00pm-3:59pm,1,Rural,3,Other Principal Arterial,35.176375,-81.800575,1,Daylight,12,Motor Vehicle In-Transport,10,Cloudy,2
45,South Carolina,450531,GREENVILLE (45),NOT APPLICABLE,7,July,2,Monday,2024,4,4:00am-4:59am,2,Urban,1,Interstate,34.8001,-82.3695,2,Dark - Not Lighted,8,Pedestrian,10,Cloudy,1
45,South Carolina,450532,GEORGETOWN (43),NOT APPLICABLE,7,July,3,Tuesday,2024,15,3:00pm-3:59pm,2,Urban,3,Other Principal Arterial,33.52351944,-79.06625278,1,Daylight,8,Pedestrian,1,Clear,1
45,South Carolina,450533,HORRY (51),NOT APPLICABLE,7,July,4,Wednesday,2024,20,8:00pm-8:59pm,1,Rural,5,Major Collector,33.88479444,-79.23488056,2,Dark - Not Lighted,12,Motor Vehicle In-Transport,1,Clear,1
45,South Carolina,450534,LAURENS (59),NOT APPLICABLE,7,July,4,Wednesday,2024,14,2:00pm-2:59pm,1,Rural,1,Interstate,34.48023889,-81.822,1,Daylight,14,Parked Motor Vehicle,1,Clear,1
45,South Carolina,450535,CHEROKEE (21),NOT APPLICABLE,7,July,4,Wednesday,2024,19,7:00pm-7:59pm,1,Rural,3,Other Principal Arterial,35.12645556,-81.50265,1,Daylight,12,Motor Vehicle In-Transport,1,Clear,1
45,South Carolina,450536,HORRY (51),MYRTLE BEACH,7,July,1,Sunday,2024,23,11:00pm-11:59pm,2,Urban,3,Other Principal Arterial,33.67558889,-78.90416111,3,Dark - Lighted,8,Pedestrian,1,Clear,1
45,South Carolina,450537,CHARLESTON (19),NORTH CHARLESTON,6,June,3,Tuesday,2024,23,11:00pm-11:59pm,2,Urban,3,Other Principal Arterial,32.84340556,-79.98071111,3,Dark - Lighted,9,Pedalcyclist,1,Clear,1
45,South Carolina,450538,UNION (87),UNION,7,July,4,Wednesday,2024,16,4:00pm-4:59pm,2,Urban,4,Minor Arterial,34.70498889,-81.63519722,1,Daylight,12,Motor Vehicle In-Transport,1,Clear,1
45,South Carolina,450539,BERKELEY (15),GOOSE CREEK,8,August,5,Thursday,2024,5,5:00am-5:59am,2,Urban,3,Other Principal Arterial,33.01816944,-80.03616944,6,Dark - Unknown Lighting,8,Pedestrian,1,Clear,1
45,South Carolina,450540,CHARLESTON (19),NORTH CHARLESTON,8,August,6,Friday,2024,0,0:00am-0:59am,2,Urban,3,Other Principal Arterial,32.8541,-80.0111,6,Dark - Unknown Lighting,8,Pedestrian,1,Clear,1
45,South Carolina,450541,DILLON (33),NOT APPLICABLE,8,August,6,Friday,2024,10,10:00am-10:59am,2,Urban,1,Interstate,34.42776944,-79.40086389,1,Daylight,32,Culvert,1,Clear,1
45,South Carolina,450542,HORRY (51),NOT APPLICABLE,8,August,6,Friday,2024,22,10:00pm-10:59pm,1,Rural,3,Other Principal Arterial,34.06043056,-78.84811111,2,Dark - Not Lighted,12,Motor Vehicle In-Transport,1,Clear,1
45,South Carolina,450543,BARNWELL (11),NOT APPLICABLE,8,August,6,Friday,2024,23,11:00pm-11:59pm,1,Rural,4,Minor Arterial,33.24088889,-81.41386111,2,Dark - Not Lighted,8,Pedestrian,1,Clear,1
45,South Carolina,450544,ANDERSON (7),NOT APPLICABLE,8,August,7,Saturday,2024,22,10:00pm-10:59pm,2,Urban,4,Minor Arterial,34.5496,-82.76223889,6,Dark - Unknown Lighting,1,Rollover/Overturn,1,Clear,1
45,South Carolina,450545,CHARLESTON (19),HOLLYWOOD,8,August,7,Saturday,2024,14,2:00pm-2:59pm,1,Rural,4,Minor Arterial,32.74978889,-80.17406944,1,Daylight,42,Tree (Standing Only),1,Clear,1
45,South Carolina,450546,BEAUFORT (13),BLUFFTON,8,August,7,Saturday,2024,13,1:00pm-1:59pm,2,Urban,4,Minor Arterial,32.28286944,-80.91073889,1,Daylight,12,Motor Vehicle In-Transport,1,Clear,1
45,South Carolina,450547,RICHLAND (79),NOT APPLICABLE,8,August,1,Sunday,2024,12,12:00pm-12:59pm,2,Urban,3,Other Principal Arterial,34.05322222,-80.92276944,1,Daylight,35,Embankment,1,Clear,1
45,South Carolina,450548,GREENVILLE (45),NOT APPLICABLE,8,August,1,Sunday,2024,21,9:00pm-9:59pm,2,Urban,4,Minor Arterial,34.85836944,-82.44123611,2,Dark - Not Lighted,8,Pedestrian,1,Clear,1
45,South Carolina,450549,ANDERSON (7),NOT APPLICABLE,8,August,1,Sunday,2024,19,7:00pm-7:59pm,2,Urban,7,Local,34.72292222,-82.54460278,1,Daylight,8,Pedestrian,1,Clear,1
45,South Carolina,450550,GEORGETOWN (43),NOT APPLICABLE,8,August,2,Monday,2024,15,3:00pm-3:59pm,1,Rural,6,Minor Collector,33.63061389,-79.35470556,1,Daylight,42,Tree (Standing Only),2,Rain,1
45,South Carolina,450551,RICHLAND (79),COLUMBIA,8,August,2,Monday,2024,21,9:00pm-9:59pm,2,Urban,3,Other Principal Arterial,33.97023056,-80.94835,3,Dark - Lighted,8,Pedestrian,1,Clear,1
45,South Carolina,450552,DARLINGTON (31),NOT APPLICABLE,8,August,2,Monday,2024,18,6:00pm-6:59pm,1,Rural,5,Major Collector,34.32595278,-79.75498611,1,Daylight,12,Motor Vehicle In-Transport,1,Clear,1
45,South Carolina,450553,MCCORMICK (65),NOT APPLICABLE,8,August,2,Monday,2024,23,11:00pm-11:59pm,1,Rural,7,Local,33.88549722,-82.40823056,2,Dark - Not Lighted,35,Embankment,2,Rain,1
45,South Carolina,450554,SPARTANBURG (83),SPARTANBURG,8,August,3,Tuesday,2024,19,7:00pm-7:59pm,2,Urban,4,Minor Arterial,34.92323889,-81.97908056,1,Daylight,12,Motor Vehicle In-Transport,1,Clear,1
45,South Carolina,450555,ORANGEBURG (75),NOT APPLICABLE,8,August,5,Thursday,2024,17,5:00pm-5:59pm,1,Rural,7,Local,33.40993056,-80.33476944,1,Daylight,12,Motor Vehicle In-Transport,10,Cloudy,1
45,South Carolina,450556,DORCHESTER (35),NORTH CHARLESTON,8,August,5,Thursday,2024,23,11:00pm-11:59pm,2,Urban,7,Local,32.92613889,-80.11566944,3,Dark - Lighted,12,Motor Vehicle In-Transport,1,Clear,2
45,South Carolina,450557,ORANGEBURG (75),NOT APPLICABLE,8,August,6,Friday,2024,22,10:00pm-10:59pm,1,Rural,3,Other Principal Arterial,33.45846667,-80.69318889,3,Dark - Lighted,1,Rollover/Overturn,1,Clear,1
45,South Carolina,450558,DARLINGTON (31),NOT APPLICABLE,8,August,6,Friday,2024,23,11:00pm-11:59pm,1,Rural,1,Interstate,34.19781667,-80.10065278,2,Dark - Not Lighted,1,Rollover/Overturn,2,Rain,1
45,South Carolina,450559,DORCHESTER (35),NORTH CHARLESTON,8,August,7,Saturday,2024,11,11:00am-11:59am,2,Urban,4,Minor Arterial,32.92378889,-80.08925,1,Daylight,12,Motor Vehicle In-Transport,1,Clear,1
45,South Carolina,450560,AIKEN (3),NOT APPLICABLE,8,August,7,Saturday,2024,7,7:00am-7:59am,1,Rural,3,Other Principal Arterial,33.67438611,-81.75995278,1,Daylight,1,Rollover/Overturn,1,Clear,1
45,South Carolina,450561,KERSHAW (55),NOT APPLICABLE,8,August,7,Saturday,2024,11,11:00am-11:59am,2,Urban,1,Interstate,34.19779444,-80.667325,1,Daylight,12,Motor Vehicle In-Transport,1,Clear,1
45,South Carolina,450562,GREENVILLE (45),NOT APPLICABLE,8,August,2,Monday,2024,15,3:00pm-3:59pm,1,Rural,7,Local,34.88736111,-82.27935556,1,Daylight,8,Pedestrian,1,Clear,1
45,South Carolina,450563,HORRY (51),NORTH MYRTLE BEACH,8,August,2,Monday,2024,12,12:00pm-12:59pm,2,Urban,4,Minor Arterial,33.82798333,-78.64306111,1,Daylight,8,Pedestrian,1,Clear,1
45,South Carolina,450564,ANDERSON (7),NOT APPLICABLE,8,August,3,Tuesday,2024,17,5:00pm-5:59pm,2,Urban,5,Major Collector,34.73788611,-82.47180556,1,Daylight,12,Motor Vehicle In-Transport,1,Clear,1
45,South Carolina,450565,BEAUFORT (13),NOT APPLICABLE,8,August,3,Tuesday,2024,22,10:00pm-10:59pm,2,Urban,4,Minor Arterial,32.48329722,-80.66218056,2,Dark - Not Lighted,34,Ditch,1,Clear,1
45,South Carolina,450566,FLORENCE (41),NOT APPLICABLE,8,August,4,Wednesday,2024,15,3:00pm-3:59pm,2,Urban,1,Interstate,34.26499444,-79.72108889,1,Daylight,12,Motor Vehicle In-Transport,1,Clear,1
45,South Carolina,450567,LEXINGTON (63),NOT APPLICABLE,8,August,4,Wednesday,2024,10,10:00am-10:59am,1,Rural,5,Major Collector,33.74823333,-81.090325,1,Daylight,12,Motor Vehicle In-Transport,1,Clear,1
45,South Carolina,450568,CHESTER (23),NOT APPLICABLE,8,August,4,Wednesday,2024,11,11:00am-11:59am,1,Rural,3,Other Principal Arterial,34.80165556,-80.925375,1,Daylight,35,Embankment,1,Clear,1
45,South Carolina,450569,PICKENS (77),NOT APPLICABLE,8,August,3,Tuesday,2024,1,1:00am-1:59am,1,Rural,3,Other Principal Arterial,34.84646389,-82.70711944,2,Dark - Not Lighted,35,Embankment,1,Clear,1
45,South Carolina,450570,GREENVILLE (45),TRAVELERS REST,8,August,4,Wednesday,2024,4,4:00am-4:59am,2,Urban,3,Other Principal Arterial,34.97985,-82.42658056,6,Dark - Unknown Lighting,12,Motor Vehicle In-Transport,1,Clear,1
45,South Carolina,450571,BERKELEY (15),NOT APPLICABLE,8,August,5,Thursday,2024,1,1:00am-1:59am,1,Rural,4,Minor Arterial,33.314825,-80.164875,2,Dark - Not Lighted,53,Mail Box,1,Clear,1
45,South Carolina,450572,HORRY (51),NOT APPLICABLE,8,August,6,Friday,2024,2,2:00am-2:59am,1,Rural,3,Other Principal Arterial,34.13300833,-78.87595556,2,Dark - Not Lighted,1,Rollover/Overturn,1,Clear,1
45,South Carolina,450573,GEORGETOWN (43),NOT APPLICABLE,8,August,6,Friday,2024,9,9:00am-9:59am,1,Rural,3,Other Principal Arterial,33.42919722,-79.56261944,1,Daylight,12,Motor Vehicle In-Transport,1,Clear,2
45,South Carolina,450574,AIKEN (3),NOT APPLICABLE,8,August,6,Friday,2024,16,4:00pm-4:59pm,2,Urban,7,Local,33.51056389,-81.9071,1,Daylight,5,Fell/Jumped from Vehicle,1,Clear,1
45,South Carolina,450575,BERKELEY (15),MONCKS CORNER,8,August,6,Friday,2024,6,6:00am-6:59am,2,Urban,3,Other Principal Arterial,33.10216111,-80.02978056,1,Daylight,12,Motor Vehicle In-Transport,1,Clear,1
45,South Carolina,450576,YORK (91),ROCK HILL,8,August,6,Friday,2024,21,9:00pm-9:59pm,2,Urban,4,Minor Arterial,34.89868889,-81.06821111,2,Dark - Not Lighted,1,Rollover/Overturn,1,Clear,1
45,South Carolina,450577,CALHOUN (17),NOT APPLICABLE,8,August,7,Saturday,2024,2,2:00am-2:59am,1,Rural,3,Other Principal Arterial,33.64850833,-80.79917222,2,Dark - Not Lighted,8,Pedestrian,1,Clear,1
45,South Carolina,450578,ORANGEBURG (75),NOT APPLICABLE,8,August,7,Saturday,2024,5,5:00am-5:59am,1,Rural,3,Other Principal Arterial,33.449775,-80.94909444,2,Dark - Not Lighted,30,Utility Pole/Light Support,1,Clear,1
45,South Carolina,450579,DORCHESTER (35),NOT APPLICABLE,8,August,7,Saturday,2024,16,4:00pm-4:59pm,1,Rural,3,Other Principal Arterial,33.22668611,-80.47870278,1,Daylight,12,Motor Vehicle In-Transport,1,Clear,1
45,South Carolina,450580,DARLINGTON (31),NOT APPLICABLE,9,September,1,Sunday,2024,16,4:00pm-4:59pm,1,Rural,5,Major Collector,34.17333056,-80.04828333,1,Daylight,34,Ditch,1,Clear,1
45,South Carolina,450581,BERKELEY (15),GOOSE CREEK,9,September,1,Sunday,2024,3,3:00am-3:59am,2,Urban,3,Other Principal Arterial,32.97663889,-80.03856389,2,Dark - Not Lighted,8,Pedestrian,1,Clear,1
45,South Carolina,450582,MARION (67),MARION,9,September,2,Monday,2024,6,6:00am-6:59am,2,Urban,5,Major Collector,34.18878056,-79.35431389,4,Dawn,53,Mail Box,1,Clear,1
45,South Carolina,450583,DORCHESTER (35),RIDGEVILLE,9,September,4,Wednesday,2024,10,10:00am-10:59am,2,Urban,3,Other Principal Arterial,33.09174444,-80.26702778,1,Daylight,12,Motor Vehicle In-Transport,1,Clear,1
45,South Carolina,450584,MARLBORO (69),BENNETTSVILLE,9,September,5,Thursday,2024,15,3:00pm-3:59pm,1,Rural,5,Major Collector,34.69241111,-79.76838889,1,Daylight,1,Rollover/Overturn,1,Clear,1
45,South Carolina,450585,ANDERSON (7),ANDERSON,9,September,5,Thursday,2024,12,12:00pm-12:59pm,1,Rural,5,Major Collector,34.71239722,-82.61058056,1,Daylight,12,Motor Vehicle In-Transport,1,Clear,1
45,South Carolina,450586,WILLIAMSBURG (89),KINGSTREE,9,September,5,Thursday,2024,20,8:00pm-8:59pm,1,Rural,6,Minor Collector,33.71658611,-79.82701389,2,Dark - Not Lighted,8,Pedestrian,1,Clear,1
45,South Carolina,450587,ANDERSON (7),ANDERSON,9,September,5,Thursday,2024,0,0:00am-0:59am,1,Rural,3,Other Principal Arterial,34.61416389,-82.60851389,6,Dark - Unknown Lighting,8,Pedestrian,1,Clear,1
45,South Carolina,450588,HORRY (51),NOT APPLICABLE,9,September,6,Friday,2024,5,5:00am-5:59am,2,Urban,7,Local,33.75846667,-78.85729722,2,Dark - Not Lighted,8,Pedestrian,1,Clear,1
45,South Carolina,450589,EDGEFIELD (37),NOT APPLICABLE,9,September,6,Friday,2024,15,3:00pm-3:59pm,1,Rural,5,Major Collector,33.74951944,-81.75650833,1,Daylight,12,Motor Vehicle In-Transport,1,Clear,1
45,South Carolina,450590,ORANGEBURG (75),NOT APPLICABLE,9,September,7,Saturday,2024,4,4:00am-4:59am,1,Rural,1,Interstate,33.40880556,-80.6604,2,Dark - Not Lighted,12,Motor Vehicle In-Transport,1,Clear,2
45,South Carolina,450591,ORANGEBURG (75),NOT APPLICABLE,9,September,7,Saturday,2024,16,4:00pm-4:59pm,1,Rural,3,Other Principal Arterial,33.59956389,-80.80161944,1,Daylight,12,Motor Vehicle In-Transport,1,Clear,2
45,South Carolina,450592,ORANGEBURG (75),NOT APPLICABLE,9,September,7,Saturday,2024,6,6:00am-6:59am,1,Rural,3,Other Principal Arterial,33.38139722,-80.83676111,4,Dawn,1,Rollover/Overturn,1,Clear,1
45,South Carolina,450593,DORCHESTER (35),NOT APPLICABLE,9,September,7,Saturday,2024,21,9:00pm-9:59pm,2,Urban,4,Minor Arterial,32.9719,-80.14105,2,Dark - Not Lighted,9,Pedalcyclist,1,Clear,1
45,South Carolina,450594,CHARLESTON (19),HOLLYWOOD,9,September,7,Saturday,2024,20,8:00pm-8:59pm,1,Rural,4,Minor Arterial,32.72438056,-80.30257778,3,Dark - Lighted,34,Ditch,1,Clear,1
45,South Carolina,450595,ANDERSON (7),PENDLETON,9,September,1,Sunday,2024,17,5:00pm-5:59pm,2,Urban,4,Minor Arterial,34.64445278,-82.78262222,1,Daylight,12,Motor Vehicle In-Transport,1,Clear,1
45,South Carolina,450596,GREENVILLE (45),GREENVILLE,9,September,1,Sunday,2024,2,2:00am-2:59am,2,Urban,3,Other Principal Arterial,34.79322778,-82.41837778,2,Dark - Not Lighted,8,Pedestrian,10,Cloudy,1
45,South Carolina,450597,SALUDA (81),NOT APPLICABLE,9,September,1,Sunday,2024,21,9:00pm-9:59pm,1,Rural,5,Major Collector,33.98194444,-81.78549722,2,Dark - Not Lighted,32,Culvert,1,Clear,1
45,South Carolina,450598,KERSHAW (55),NOT APPLICABLE,9,September,1,Sunday,2024,0,0:00am-0:59am,2,Urban,3,Other Principal Arterial,34.284025,-80.55694444,2,Dark - Not Lighted,8,Pedestrian,2,Rain,1
45,South Carolina,450599,LEXINGTON (63),WEST COLUMBIA,9,September,1,Sunday,2024,16,4:00pm-4:59pm,2,Urban,3,Other Principal Arterial,33.99693333,-81.06449444,1,Daylight,12,Motor Vehicle In-Transport,1,Clear,1
45,South Carolina,450600,CHARLESTON (19),NOT APPLICABLE,9,September,2,Monday,2024,2,2:00am-2:59am,1,Rural,3,Other Principal Arterial,32.75778056,-80.38008056,2,Dark - Not Lighted,42,Tree (Standing Only),1,Clear,2
45,South Carolina,450601,LEXINGTON (63),NOT APPLICABLE,9,September,4,Wednesday,2024,16,4:00pm-4:59pm,2,Urban,5,Major Collector,33.83705556,-81.15784722,1,Daylight,59,Traffic Sign Support,10,Cloudy,1
45,South Carolina,450602,CHARLESTON (19),NORTH CHARLESTON,9,September,4,Wednesday,2024,23,11:00pm-11:59pm,2,Urban,3,Other Principal Arterial,32.90803056,-80.02275,6,Dark - Unknown Lighting,12,Motor Vehicle In-Transport,1,Clear,1
45,South Carolina,450603,LEXINGTON (63),NOT APPLICABLE,9,September,4,Wednesday,2024,1,1:00am-1:59am,2,Urban,4,Minor Arterial,34.05687778,-81.22103611,2,Dark - Not Lighted,35,Embankment,1,Clear,1
45,South Carolina,450604,DORCHESTER (35),SUMMERVILLE,9,September,5,Thursday,2024,20,8:00pm-8:59pm,2,Urban,3,Other Principal Arterial,33.0043,-80.19668056,3,Dark - Lighted,12,Motor Vehicle In-Transport,1,Clear,1
45,South Carolina,450605,JASPER (53),NOT APPLICABLE,9,September,5,Thursday,2024,9,9:00am-9:59am,1,Rural,5,Major Collector,32.49513889,-80.94725556,1,Daylight,53,Mail Box,1,Clear,1
45,South Carolina,450606,CHARLESTON (19),RAVENEL,9,September,5,Thursday,2024,15,3:00pm-3:59pm,1,Rural,3,Other Principal Arterial,32.77413056,-80.25965278,1,Daylight,34,Ditch,10,Cloudy,1
45,South Carolina,450608,CHEROKEE (21),NOT APPLICABLE,9,September,6,Friday,2024,19,7:00pm-7:59pm,1,Rural,5,Major Collector,35.08079722,-81.81393889,5,Dusk,38,Fence,1,Clear,1
45,South Carolina,450609,GEORGETOWN (43),GEORGETOWN,9,September,6,Friday,2024,9,9:00am-9:59am,2,Urban,7,Local,33.37213889,-79.28618889,1,Daylight,12,Motor Vehicle In-Transport,1,Clear,1
45,South Carolina,450610,RICHLAND (79),COLUMBIA,9,September,6,Friday,2024,14,2:00pm-2:59pm,2,Urban,4,Minor Arterial,34.042775,-81.01975278,1,Daylight,33,Curb,1,Clear,1
45,South Carolina,450611,HORRY (51),MYRTLE BEACH,9,September,7,Saturday,2024,5,5:00am-5:59am,2,Urban,3,Other Principal Arterial,33.67621667,-78.90328611,3,Dark - Lighted,12,Motor Vehicle In-Transport,2,Rain,1
45,South Carolina,450612,CALHOUN (17),NOT APPLICABLE,9,September,7,Saturday,2024,8,8:00am-8:59am,1,Rural,5,Major Collector,33.52556111,-80.60401944,4,Dawn,34,Ditch,1,Clear,1
45,South Carolina,450613,SPARTANBURG (83),NOT APPLICABLE,9,September,1,Sunday,2024,20,8:00pm-8:59pm,1,Rural,4,Minor Arterial,35.09354722,-82.04004722,2,Dark - Not Lighted,33,Curb,1,Clear,1
45,South Carolina,450614,FLORENCE (41),NOT APPLICABLE,9,September,1,Sunday,2024,12,12:00pm-12:59pm,1,Rural,5,Major Collector,33.80213333,-79.50344444,1,Daylight,9,Pedalcyclist,10,Cloudy,1
45,South Carolina,450615,LAURENS (59),NOT APPLICABLE,9,September,1,Sunday,2024,1,1:00am-1:59am,1,Rural,5,Major Collector,34.45233333,-81.98719167,2,Dark - Not Lighted,35,Embankment,1,Clear,2
45,South Carolina,450616,RICHLAND (79),NOT APPLICABLE,9,September,1,Sunday,2024,16,4:00pm-4:59pm,1,Rural,3,Other Principal Arterial,33.95169722,-80.84143889,1,Daylight,12,Motor Vehicle In-Transport,1,Clear,1
45,South Carolina,450617,LANCASTER (57),NOT APPLICABLE,9,September,2,Monday,2024,18,6:00pm-6:59pm,2,Urban,5,Major Collector,34.75094722,-80.80414722,5,Dusk,42,Tree (Standing Only),2,Rain,1
45,South Carolina,450618,FLORENCE (41),NOT APPLICABLE,9,September,2,Monday,2024,15,3:00pm-3:59pm,1,Rural,7,Local,33.95149167,-79.91004444,1,Daylight,8,Pedestrian,2,Rain,1
45,South Carolina,450619,SPARTANBURG (83),NOT APPLICABLE,9,September,4,Wednesday,2024,20,8:00pm-8:59pm,2,Urban,4,Minor Arterial,35.02839444,-81.96666389,2,Dark - Not Lighted,12,Motor Vehicle In-Transport,1,Clear,1
45,South Carolina,450620,SPARTANBURG (83),SPARTANBURG,9,September,5,Thursday,2024,19,7:00pm-7:59pm,2,Urban,5,Major Collector,34.96043056,-81.94833889,3,Dark - Lighted,12,Motor Vehicle In-Transport,1,Clear,1
45,South Carolina,450621,MARION (67),NOT APPLICABLE,9,September,6,Friday,2024,22,10:00pm-10:59pm,1,Rural,5,Major Collector,34.2727,-79.45753889,6,Dark - Unknown Lighting,42,Tree (Standing Only),1,Clear,1
45,South Carolina,450622,DILLON (33),NOT APPLICABLE,9,September,7,Saturday,2024,11,11:00am-11:59am,1,Rural,4,Minor Arterial,34.34575556,-79.34799722,1,Daylight,34,Ditch,1,Clear,1
45,South Carolina,450623,ORANGEBURG (75),NOT APPLICABLE,9,September,7,Saturday,2024,11,11:00am-11:59am,1,Rural,1,Interstate,33.43514444,-80.69844444,1,Daylight,12,Motor Vehicle In-Transport,1,Clear,2
45,South Carolina,450624,MCCORMICK (65),NOT APPLICABLE,9,September,7,Saturday,2024,17,5:00pm-5:59pm,1,Rural,4,Minor Arterial,33.89389167,-82.28257222,1,Daylight,12,Motor Vehicle In-Transport,1,Clear,2
45,South Carolina,450625,SPARTANBURG (83),NOT APPLICABLE,9,September,7,Saturday,2024,16,4:00pm-4:59pm,2,Urban,5,Major Collector,35.08286944,-81.89463889,1,Daylight,34,Ditch,1,Clear,1