STATE,STATENAME,ST_CASE,COUNTYNAME,CITYNAME,MONTH,MONTHNAME,DAY_WEEK,DAY_WEEKNAME,YEAR,HOUR,HOURNAME,RUR_URB,RUR_URBNAME,FUNC_SYS,FUNC_SYSNAME,LATITUDE,LONGITUD,LGT_COND,LGT_CONDNAME,HARM_EV,HARM_EVNAME,WEATHER,WEATHERNAME,FATALS
47,Tennessee,470541,WILSON (189),MOUNT JULIET,7,July,1,Sunday,2024,23,11:00pm-11:59pm,2,Urban,5,Major Collector,36.21706944,-86.4954,2,Dark - Not Lighted,42,Tree (Standing Only),1,Clear,1
47,Tennessee,470542,DAVIDSON (37),NASHVILLE,7,July,5,Thursday,2024,19,7:00pm-7:59pm,2,Urban,1,Interstate,36.15081944,-86.8641,1,Daylight,12,Motor Vehicle In-Transport,2,Rain,1
47,Tennessee,470543,WEAKLEY (183),NOT APPLICABLE,7,July,7,Saturday,2024,18,6:00pm-6:59pm,1,Rural,5,Major Collector,36.14798056,-88.61706944,3,Dark - Lighted,12,Motor Vehicle In-Transport,1,Clear,2
47,Tennessee,470544,DICKSON (43),NOT APPLICABLE,7,July,2,Monday,2024,23,11:00pm-11:59pm,1,Rural,7,Local,35.99205,-87.47861111,2,Dark - Not Lighted,42,Tree (Standing Only),1,Clear,1
47,Tennessee,470545,DAVIDSON (37),NASHVILLE,7,July,1,Sunday,2024,2,2:00am-2:59am,2,Urban,1,Interstate,36.10896111,-86.72051944,3,Dark - Lighted,35,Embankment,1,Clear,1
47,Tennessee,470546,MAURY (119),NOT APPLICABLE,6,June,6,Friday,2024,13,1:00pm-1:59pm,1,Rural,4,Minor Arterial,35.77023889,-87.00638889,1,Daylight,53,Mail Box,1,Clear,1
47,Tennessee,470547,SHELBY (157),GERMANTOWN,5,May,7,Saturday,2024,15,3:00pm-3:59pm,2,Urban,3,Other Principal Arterial,35.0917,-89.80653889,1,Daylight,12,Motor Vehicle In-Transport,1,Clear,1
47,Tennessee,470548,MAURY (119),COLUMBIA,6,June,3,Tuesday,2024,22,10:00pm-10:59pm,2,Urban,5,Major Collector,35.61965,-87.02376111,3,Dark - Lighted,24,Guardrail Face,1,Clear,1
47,Tennessee,470549,KNOX (93),NOT APPLICABLE,7,July,6,Friday,2024,16,4:00pm-4:59pm,2,Urban,4,Minor Arterial,36.04066111,-84.01073056,1,Daylight,12,Motor Vehicle In-Transport,10,Cloudy,1
47,Tennessee,470550,RUTHERFORD (149),NOT APPLICABLE,7,July,1,Sunday,2024,23,11:00pm-11:59pm,2,Urban,1,Interstate,35.73281944,-86.32936944,2,Dark - Not Lighted,12,Motor Vehicle In-Transport,1,Clear,1
47,Tennessee,470551,DAVIDSON (37),NASHVILLE,7,July,4,Wednesday,2024,2,2:00am-2:59am,2,Urban,3,Other Principal Arterial,36.04976111,-86.64986111,3,Dark - Lighted,12,Motor Vehicle In-Transport,10,Cloudy,1
47,Tennessee,470553,SHELBY (157),MEMPHIS,6,June,4,Wednesday,2024,22,10:00pm-10:59pm,2,Urban,4,Minor Arterial,35.10838611,-90.03408056,3,Dark - Lighted,12,Motor Vehicle In-Transport,1,Clear,1
47,Tennessee,470554,KNOX (93),KNOXVILLE,7,July,5,Thursday,2024,16,4:00pm-4:59pm,2,Urban,1,Interstate,35.91526944,-84.10426111,1,Daylight,12,Motor Vehicle In-Transport,1,Clear,1
47,Tennessee,470555,SHELBY (157),MEMPHIS,7,July,7,Saturday,2024,17,5:00pm-5:59pm,2,Urban,4,Minor Arterial,35.03524444,-89.90156944,1,Daylight,59,Traffic Sign Support,1,Clear,1
47,Tennessee,470556,OBION (131),NOT APPLICABLE,7,July,5,Thursday,2024,3,3:00am-3:59am,1,Rural,3,Other Principal Arterial,36.36275,-89.13121944,2,Dark - Not Lighted,52,Guardrail End,1,Clear,1
47,Tennessee,470557,HAWKINS (73),MOUNT CARMEL,6,June,7,Saturday,2024,9,9:00am-9:59am,2,Urban,3,Other Principal Arterial,36.54635,-82.65201111,1,Daylight,11,Live Animal,1,Clear,1
47,Tennessee,470558,HAMILTON (65),CHATTANOOGA,7,July,3,Tuesday,2024,11,11:00am-11:59am,2,Urban,5,Major Collector,35.04771111,-85.32026111,1,Daylight,15,Non-Motorist on Personal Conveyance,1,Clear,1
47,Tennessee,470559,MONTGOMERY (125),NOT APPLICABLE,7,July,1,Sunday,2024,17,5:00pm-5:59pm,2,Urban,1,Interstate,36.61561111,-87.296,1,Daylight,12,Motor Vehicle In-Transport,1,Clear,1
47,Tennessee,470560,SEVIER (155),NOT APPLICABLE,7,July,6,Friday,2024,12,12:00pm-12:59pm,2,Urban,4,Minor Arterial,35.92068056,-83.61768889,1,Daylight,32,Culvert,1,Clear,1
47,Tennessee,470561,RHEA (143),NOT APPLICABLE,7,July,7,Saturday,2024,10,10:00am-10:59am,1,Rural,6,Minor Collector,35.59963889,-85.04001111,1,Daylight,12,Motor Vehicle In-Transport,1,Clear,1
47,Tennessee,470562,SHELBY (157),MEMPHIS,6,June,3,Tuesday,2024,11,11:00am-11:59am,2,Urban,3,Other Principal Arterial,35.14776111,-90.04275556,1,Daylight,8,Pedestrian,1,Clear,1
47,Tennessee,470563,ROANE (145),NOT APPLICABLE,7,July,2,Monday,2024,7,7:00am-7:59am,2,Urban,1,Interstate,35.91208056,-84.60541944,1,Daylight,42,Tree (Standing Only),1,Clear,1
47,Tennessee,470564,OBION (131),TROY,7,July,5,Thursday,2024,9,9:00am-9:59am,1,Rural,3,Other Principal Arterial,36.33815,-89.15713056,1,Daylight,12,Motor Vehicle In-Transport,1,Clear,1
47,Tennessee,470566,KNOX (93),NOT APPLICABLE,7,July,1,Sunday,2024,19,7:00pm-7:59pm,1,Rural,1,Interstate,35.99138056,-83.66486111,3,Dark - Lighted,1,Rollover/Overturn,1,Clear,1
47,Tennessee,470567,HENRY (79),NOT APPLICABLE,7,July,3,Tuesday,2024,12,12:00pm-12:59pm,1,Rural,5,Major Collector,36.33951111,-88.37381111,1,Daylight,12,Motor Vehicle In-Transport,1,Clear,2
47,Tennessee,470568,SHELBY (157),MEMPHIS,7,July,4,Wednesday,2024,6,6:00am-6:59am,2,Urban,4,Minor Arterial,35.03559444,-89.98981944,1,Daylight,8,Pedestrian,1,Clear,1
47,Tennessee,470569,LOUDON (105),NOT APPLICABLE,7,July,7,Saturday,2024,13,1:00pm-1:59pm,2,Urban,3,Other Principal Arterial,35.76256111,-84.32045,1,Daylight,12,Motor Vehicle In-Transport,1,Clear,1
47,Tennessee,470570,HAYWOOD (75),NOT APPLICABLE,7,July,6,Friday,2024,23,11:00pm-11:59pm,1,Rural,4,Minor Arterial,35.61733889,-89.31003056,2,Dark - Not Lighted,35,Embankment,1,Clear,1
47,Tennessee,470571,SHELBY (157),MEMPHIS,7,July,3,Tuesday,2024,21,9:00pm-9:59pm,2,Urban,3,Other Principal Arterial,35.153975,-89.88741111,3,Dark - Lighted,8,Pedestrian,1,Clear,1
47,Tennessee,470572,RUTHERFORD (149),MURFREESBORO,7,July,5,Thursday,2024,17,5:00pm-5:59pm,2,Urban,4,Minor Arterial,35.83008889,-86.34986111,1,Daylight,9,Pedalcyclist,1,Clear,1
47,Tennessee,470573,STEWART (161),NOT APPLICABLE,7,July,6,Friday,2024,11,11:00am-11:59am,1,Rural,7,Local,36.48383889,-87.89605,1,Daylight,8,Pedestrian,1,Clear,1
47,Tennessee,470574,MORGAN (129),NOT APPLICABLE,7,July,6,Friday,2024,20,8:00pm-8:59pm,1,Rural,3,Other Principal Arterial,36.00735,-84.51476944,2,Dark - Not Lighted,39,Wall,10,Cloudy,1
47,Tennessee,470575,GREENE (59),NOT APPLICABLE,7,July,7,Saturday,2024,6,6:00am-6:59am,1,Rural,7,Local,36.07156111,-82.72636944,2,Dark - Not Lighted,34,Ditch,2,Rain,1
47,Tennessee,470576,SHELBY (157),MEMPHIS,7,July,1,Sunday,2024,4,4:00am-4:59am,2,Urban,1,Interstate,35.09466667,-89.87043056,3,Dark - Lighted,25,Concrete Traffic Barrier,1,Clear,1
47,Tennessee,470577,SULLIVAN (163),KINGSPORT,7,July,6,Friday,2024,4,4:00am-4:59am,2,Urban,2,Other Freeways and Expressways,36.51746111,-82.52233889,2,Dark - Not Lighted,21,Bridge Pier or Support,1,Clear,1
47,Tennessee,470578,FAYETTE (47),NOT APPLICABLE,7,July,1,Sunday,2024,16,4:00pm-4:59pm,1,Rural,1,Interstate,35.34636944,-89.524,1,Daylight,54,"Motor Vehicle In-Transport Strikes or is Struck by Cargo, Persons or Objects Set-in-Motion from/by Another Motor Vehicle In Transport",1,Clear,1
47,Tennessee,470579,GIBSON (53),GIBSON,7,July,1,Sunday,2024,3,3:00am-3:59am,1,Rural,4,Minor Arterial,35.87548889,-88.84646111,3,Dark - Lighted,53,Mail Box,1,Clear,1
47,Tennessee,470580,BRADLEY (11),CLEVELAND,7,July,1,Sunday,2024,16,4:00pm-4:59pm,2,Urban,1,Interstate,35.23106944,-84.85325,1,Daylight,34,Ditch,1,Clear,1
47,Tennessee,470581,RUTHERFORD (149),NOT APPLICABLE,6,June,2,Monday,2024,23,11:00pm-11:59pm,1,Rural,7,Local,35.75165,-86.53126111,3,Dark - Lighted,42,Tree (Standing Only),1,Clear,1
47,Tennessee,470582,SHELBY (157),MEMPHIS,7,July,4,Wednesday,2024,16,4:00pm-4:59pm,2,Urban,4,Minor Arterial,35.15711944,-89.94788056,1,Daylight,12,Motor Vehicle In-Transport,1,Clear,1
47,Tennessee,470583,LAWRENCE (99),ETHRIDGE,7,July,6,Friday,2024,8,8:00am-8:59am,1,Rural,3,Other Principal Arterial,35.32358056,-87.2937,1,Daylight,12,Motor Vehicle In-Transport,1,Clear,1
47,Tennessee,470584,SHELBY (157),MEMPHIS,7,July,2,Monday,2024,16,4:00pm-4:59pm,2,Urban,4,Minor Arterial,35.21236111,-89.92311944,1,Daylight,33,Curb,1,Clear,1
47,Tennessee,470585,UNION (173),NOT APPLICABLE,7,July,7,Saturday,2024,13,1:00pm-1:59pm,1,Rural,5,Major Collector,36.23488056,-83.85806111,1,Daylight,12,Motor Vehicle In-Transport,1,Clear,1
47,Tennessee,470586,BLOUNT (9),FRIENDSVILLE,7,July,1,Sunday,2024,20,8:00pm-8:59pm,2,Urban,3,Other Principal Arterial,35.74908056,-84.14693889,2,Dark - Not Lighted,12,Motor Vehicle In-Transport,10,Cloudy,1
47,Tennessee,470587,BEDFORD (3),NOT APPLICABLE,7,July,2,Monday,2024,18,6:00pm-6:59pm,1,Rural,3,Other Principal Arterial,35.58835,-86.44028056,1,Daylight,12,Motor Vehicle In-Transport,1,Clear,2
47,Tennessee,470588,MOORE (127),NOT APPLICABLE,7,July,4,Wednesday,2024,7,7:00am-7:59am,1,Rural,3,Other Principal Arterial,35.29863056,-86.36486944,4,Dawn,12,Motor Vehicle In-Transport,2,Rain,1
47,Tennessee,470589,SEVIER (155),NOT APPLICABLE,7,July,4,Wednesday,2024,6,6:00am-6:59am,2,Urban,3,Other Principal Arterial,35.88085,-83.78126944,4,Dawn,8,Pedestrian,10,Cloudy,1
47,Tennessee,470590,HENDERSON (77),LEXINGTON,7,July,4,Wednesday,2024,6,6:00am-6:59am,2,Urban,3,Other Principal Arterial,35.66751111,-88.44351944,1,Daylight,12,Motor Vehicle In-Transport,1,Clear,1
47,Tennessee,470591,COCKE (29),NOT APPLICABLE,7,July,4,Wednesday,2024,8,8:00am-8:59am,2,Urban,4,Minor Arterial,35.93821944,-83.17245,1,Daylight,42,Tree (Standing Only),10,Cloudy,1
47,Tennessee,470592,FENTRESS (49),NOT APPLICABLE,7,July,6,Friday,2024,16,4:00pm-4:59pm,1,Rural,3,Other Principal Arterial,36.26365,-84.98635,1,Daylight,12,Motor Vehicle In-Transport,1,Clear,1
47,Tennessee,470593,ANDERSON (1),OAK RIDGE,7,July,5,Thursday,2024,21,9:00pm-9:59pm,2,Urban,4,Minor Arterial,36.00683889,-84.24008056,5,Dusk,42,Tree (Standing Only),1,Clear,1
47,Tennessee,470594,SHELBY (157),MEMPHIS,7,July,6,Friday,2024,6,6:00am-6:59am,2,Urban,3,Other Principal Arterial,35.00440278,-90.10826944,1,Daylight,30,Utility Pole/Light Support,2,Rain,1
47,Tennessee,470595,CARROLL (17),NOT APPLICABLE,7,July,4,Wednesday,2024,13,1:00pm-1:59pm,1,Rural,4,Minor Arterial,36.00216944,-88.51868056,1,Daylight,12,Motor Vehicle In-Transport,10,Cloudy,1
47,Tennessee,470596,HUMPHREYS (85),NOT APPLICABLE,7,July,6,Friday,2024,22,10:00pm-10:59pm,1,Rural,1,Interstate,35.86846111,-87.8756,2,Dark - Not Lighted,8,Pedestrian,1,Clear,1
47,Tennessee,470598,MONTGOMERY (125),NOT APPLICABLE,7,July,1,Sunday,2024,22,10:00pm-10:59pm,2,Urban,4,Minor Arterial,36.5521,-87.44858889,2,Dark - Not Lighted,12,Motor Vehicle In-Transport,1,Clear,1
47,Tennessee,470599,DAVIDSON (37),NASHVILLE,7,July,1,Sunday,2024,20,8:00pm-8:59pm,2,Urban,4,Minor Arterial,36.26938056,-86.68988056,2,Dark - Not Lighted,15,Non-Motorist on Personal Conveyance,1,Clear,1
47,Tennessee,470600,CARTER (19),NOT APPLICABLE,7,July,3,Tuesday,2024,18,6:00pm-6:59pm,1,Rural,7,Local,36.28438889,-82.25693889,3,Dark - Lighted,30,Utility Pole/Light Support,10,Cloudy,1
47,Tennessee,470601,KNOX (93),NOT APPLICABLE,7,July,1,Sunday,2024,20,8:00pm-8:59pm,1,Rural,1,Interstate,35.99468056,-83.67631944,2,Dark - Not Lighted,42,Tree (Standing Only),2,Rain,1
47,Tennessee,470602,SEQUATCHIE (153),NOT APPLICABLE,7,July,7,Saturday,2024,22,10:00pm-10:59pm,1,Rural,7,Local,35.35338056,-85.48785,2,Dark - Not Lighted,12,Motor Vehicle In-Transport,1,Clear,1
47,Tennessee,470603,DAVIDSON (37),MADISON,7,July,7,Saturday,2024,21,9:00pm-9:59pm,2,Urban,3,Other Principal Arterial,36.2388,-86.72391111,3,Dark - Lighted,8,Pedestrian,1,Clear,1
47,Tennessee,470604,DAVIDSON (37),NASHVILLE,7,July,5,Thursday,2024,16,4:00pm-4:59pm,2,Urban,1,Interstate,36.09608889,-86.76283056,1,Daylight,12,Motor Vehicle In-Transport,10,Cloudy,1
47,Tennessee,470605,MONTGOMERY (125),CLARKSVILLE,7,July,3,Tuesday,2024,21,9:00pm-9:59pm,2,Urban,1,Interstate,36.60208889,-87.28491944,2,Dark - Not Lighted,35,Embankment,2,Rain,1
47,Tennessee,470606,SHELBY (157),MEMPHIS,7,July,4,Wednesday,2024,5,5:00am-5:59am,2,Urban,3,Other Principal Arterial,35.03850556,-89.91716944,1,Daylight,8,Pedestrian,1,Clear,1
47,Tennessee,470607,GREENE (59),GREENEVILLE,7,July,4,Wednesday,2024,13,1:00pm-1:59pm,2,Urban,3,Other Principal Arterial,36.17738889,-82.78858889,1,Daylight,34,Ditch,1,Clear,1
47,Tennessee,470608,KNOX (93),KNOXVILLE,8,August,5,Thursday,2024,21,9:00pm-9:59pm,2,Urban,4,Minor Arterial,35.92611944,-83.90971111,3,Dark - Lighted,12,Motor Vehicle In-Transport,2,Rain,1
47,Tennessee,470609,COCKE (29),OLDTOWN,7,July,3,Tuesday,2024,20,8:00pm-8:59pm,2,Urban,7,Local,35.97608056,-83.21983889,1,Daylight,18,Other Object (not fixed),2,Rain,2
47,Tennessee,470610,CUMBERLAND (35),NOT APPLICABLE,8,August,5,Thursday,2024,4,4:00am-4:59am,1,Rural,1,Interstate,35.94521111,-84.93588889,2,Dark - Not Lighted,38,Fence,1,Clear,1
47,Tennessee,470611,WILSON (189),LEBANON,7,July,6,Friday,2024,20,8:00pm-8:59pm,2,Urban,3,Other Principal Arterial,36.18915,-86.26991111,3,Dark - Lighted,12,Motor Vehicle In-Transport,1,Clear,1
47,Tennessee,470612,SHELBY (157),MEMPHIS,7,July,1,Sunday,2024,20,8:00pm-8:59pm,2,Urban,4,Minor Arterial,35.02905,-89.86635,6,Dark - Unknown Lighting,12,Motor Vehicle In-Transport,1,Clear,3
47,Tennessee,470613,HAYWOOD (75),NOT APPLICABLE,8,August,5,Thursday,2024,99,Unknown Hours,1,Rural,1,Interstate,35.52523889,-89.25938889,1,Daylight,23,Bridge Rail (Includes parapet),1,Clear,1
47,Tennessee,470616,CUMBERLAND (35),PLEASANT HILL,7,July,3,Tuesday,2024,15,3:00pm-3:59pm,1,Rural,3,Other Principal Arterial,35.9744,-85.18073056,1,Daylight,12,Motor Vehicle In-Transport,1,Clear,1
47,Tennessee,470617,WILLIAMSON (187),FRANKLIN,7,July,6,Friday,2024,15,3:00pm-3:59pm,2,Urban,3,Other Principal Arterial,35.94335,-86.89276944,1,Daylight,12,Motor Vehicle In-Transport,10,Cloudy,1
47,Tennessee,470618,BRADLEY (11),CLEVELAND,8,August,7,Saturday,2024,18,6:00pm-6:59pm,2,Urban,5,Major Collector,35.16647222,-84.82508889,1,Daylight,12,Motor Vehicle In-Transport,1,Clear,1
47,Tennessee,470619,MADISON (113),JACKSON,8,August,1,Sunday,2024,19,7:00pm-7:59pm,2,Urban,5,Major Collector,35.69986944,-88.90823056,1,Daylight,12,Motor Vehicle In-Transport,1,Clear,2
47,Tennessee,470620,SHELBY (157),MEMPHIS,8,August,7,Saturday,2024,2,2:00am-2:59am,2,Urban,3,Other Principal Arterial,35.14946111,-89.94465,3,Dark - Lighted,30,Utility Pole/Light Support,1,Clear,1
47,Tennessee,470621,JEFFERSON (89),JEFFERSON CITY,7,July,5,Thursday,2024,12,12:00pm-12:59pm,2,Urban,3,Other Principal Arterial,36.12846944,-83.46573056,1,Daylight,12,Motor Vehicle In-Transport,2,Rain,1
47,Tennessee,470623,SHELBY (157),MEMPHIS,8,August,6,Friday,2024,3,3:00am-3:59am,2,Urban,3,Other Principal Arterial,35.1323,-90.04766111,3,Dark - Lighted,12,Motor Vehicle In-Transport,1,Clear,1
47,Tennessee,470625,DAVIDSON (37),NASHVILLE,8,August,6,Friday,2024,20,8:00pm-8:59pm,2,Urban,3,Other Principal Arterial,36.08626111,-86.64826111,3,Dark - Lighted,8,Pedestrian,1,Clear,1
47,Tennessee,470626,DAVIDSON (37),NASHVILLE,8,August,7,Saturday,2024,23,11:00pm-11:59pm,2,Urban,3,Other Principal Arterial,36.29976944,-86.69661111,3,Dark - Lighted,12,Motor Vehicle In-Transport,1,Clear,2
47,Tennessee,470627,SHELBY (157),MEMPHIS,8,August,3,Tuesday,2024,18,6:00pm-6:59pm,2,Urban,3,Other Principal Arterial,35.02061111,-89.93113056,1,Daylight,12,Motor Vehicle In-Transport,1,Clear,1
47,Tennessee,470628,DAVIDSON (37),NASHVILLE,7,July,6,Friday,2024,21,9:00pm-9:59pm,2,Urban,3,Other Principal Arterial,36.19013056,-86.82541944,3,Dark - Lighted,14,Parked Motor Vehicle,10,Cloudy,1
47,Tennessee,470629,DAVIDSON (37),NASHVILLE,7,July,4,Wednesday,2024,21,9:00pm-9:59pm,2,Urban,1,Interstate,36.15368056,-86.84948889,3,Dark - Lighted,12,Motor Vehicle In-Transport,1,Clear,1
47,Tennessee,470630,SEQUATCHIE (153),DUNLAP,8,August,6,Friday,2024,99,Unknown Hours,1,Rural,3,Other Principal Arterial,35.35388056,-85.40136944,1,Daylight,12,Motor Vehicle In-Transport,1,Clear,1
47,Tennessee,470632,CAMPBELL (13),NOT APPLICABLE,7,July,1,Sunday,2024,14,2:00pm-2:59pm,1,Rural,1,Interstate,36.42991111,-84.29335,1,Daylight,12,Motor Vehicle In-Transport,10,Cloudy,1
47,Tennessee,470633,TROUSDALE (169),HARTSVILLE,8,August,3,Tuesday,2024,15,3:00pm-3:59pm,1,Rural,7,Local,36.38606944,-86.19868056,1,Daylight,33,Curb,1,Clear,1
47,Tennessee,470634,WILSON (189),LEBANON,8,August,3,Tuesday,2024,23,11:00pm-11:59pm,2,Urban,1,Interstate,36.18258056,-86.31506944,3,Dark - Lighted,57,Cable Barrier,1,Clear,1
47,Tennessee,470635,MARION (115),NOT APPLICABLE,7,July,7,Saturday,2024,22,10:00pm-10:59pm,1,Rural,5,Major Collector,35.08163056,-85.54765,2,Dark - Not Lighted,8,Pedestrian,1,Clear,1
47,Tennessee,470636,DAVIDSON (37),NASHVILLE,8,August,7,Saturday,2024,17,5:00pm-5:59pm,2,Urban,5,Major Collector,36.23165,-86.80398056,1,Daylight,12,Motor Vehicle In-Transport,1,Clear,1
47,Tennessee,470637,WILSON (189),NOT APPLICABLE,8,August,3,Tuesday,2024,13,1:00pm-1:59pm,1,Rural,3,Other Principal Arterial,36.2585,-86.43861944,1,Daylight,32,Culvert,1,Clear,1
47,Tennessee,470638,GILES (55),NOT APPLICABLE,8,August,4,Wednesday,2024,19,7:00pm-7:59pm,1,Rural,7,Local,35.03118889,-87.09585,1,Daylight,34,Ditch,1,Clear,1
47,Tennessee,470639,LAUDERDALE (97),NOT APPLICABLE,8,August,5,Thursday,2024,17,5:00pm-5:59pm,1,Rural,5,Major Collector,35.82205,-89.39141111,1,Daylight,42,Tree (Standing Only),1,Clear,1
47,Tennessee,470640,SHELBY (157),MEMPHIS,8,August,6,Friday,2024,14,2:00pm-2:59pm,2,Urban,5,Major Collector,35.1538,-89.96757222,1,Daylight,10,Railway Vehicle,1,Clear,1
47,Tennessee,470641,HAMILTON (65),NOT APPLICABLE,8,August,1,Sunday,2024,4,4:00am-4:59am,1,Rural,4,Minor Arterial,35.1122,-85.36766944,2,Dark - Not Lighted,34,Ditch,1,Clear,1
47,Tennessee,470643,CHEATHAM (21),PEGRAM,8,August,1,Sunday,2024,1,1:00am-1:59am,1,Rural,1,Interstate,36.08721944,-87.05191111,2,Dark - Not Lighted,12,Motor Vehicle In-Transport,1,Clear,1
47,Tennessee,470644,MCMINN (107),NOT APPLICABLE,7,July,1,Sunday,2024,2,2:00am-2:59am,1,Rural,1,Interstate,35.37001111,-84.7354,2,Dark - Not Lighted,42,Tree (Standing Only),99,Reported as Unknown,2
47,Tennessee,470645,SHELBY (157),MEMPHIS,8,August,1,Sunday,2024,2,2:00am-2:59am,2,Urban,4,Minor Arterial,35.06245,-89.90821944,3,Dark - Lighted,12,Motor Vehicle In-Transport,1,Clear,1
47,Tennessee,470646,JACKSON (87),NOT APPLICABLE,8,August,7,Saturday,2024,21,9:00pm-9:59pm,1,Rural,5,Major Collector,36.35088889,-85.67976111,2,Dark - Not Lighted,35,Embankment,1,Clear,1
47,Tennessee,470647,RUTHERFORD (149),NOT APPLICABLE,8,August,7,Saturday,2024,14,2:00pm-2:59pm,1,Rural,4,Minor Arterial,35.92911111,-86.23091111,1,Daylight,12,Motor Vehicle In-Transport,1,Clear,1
47,Tennessee,470648,SHELBY (157),MEMPHIS,8,August,2,Monday,2024,23,11:00pm-11:59pm,2,Urban,3,Other Principal Arterial,35.13781944,-90.02203056,2,Dark - Not Lighted,8,Pedestrian,1,Clear,1
47,Tennessee,470649,SHELBY (157),MEMPHIS,8,August,5,Thursday,2024,12,12:00pm-12:59pm,2,Urban,4,Minor Arterial,35.066375,-90.06793889,1,Daylight,1,Rollover/Overturn,1,Clear,1
47,Tennessee,470650,KNOX (93),KNOXVILLE,8,August,5,Thursday,2024,23,11:00pm-11:59pm,1,Rural,1,Interstate,35.99663889,-83.71446111,2,Dark - Not Lighted,1,Rollover/Overturn,1,Clear,1
47,Tennessee,470651,BLOUNT (9),LOUISVILLE,8,August,2,Monday,2024,7,7:00am-7:59am,2,Urban,3,Other Principal Arterial,35.85725,-83.96,1,Daylight,12,Motor Vehicle In-Transport,1,Clear,1
47,Tennessee,470653,DAVIDSON (37),NASHVILLE,8,August,3,Tuesday,2024,19,7:00pm-7:59pm,2,Urban,7,Local,36.10341111,-86.88868889,1,Daylight,9,Pedalcyclist,1,Clear,1
47,Tennessee,470654,RUTHERFORD (149),NOT APPLICABLE,8,August,3,Tuesday,2024,17,5:00pm-5:59pm,1,Rural,3,Other Principal Arterial,35.69955,-86.41993889,1,Daylight,12,Motor Vehicle In-Transport,1,Clear,1
47,Tennessee,470655,DAVIDSON (37),NASHVILLE,8,August,1,Sunday,2024,23,11:00pm-11:59pm,2,Urban,3,Other Principal Arterial,36.11671944,-86.92323056,3,Dark - Lighted,12,Motor Vehicle In-Transport,1,Clear,2
47,Tennessee,470656,MCNAIRY (109),NOT APPLICABLE,7,July,2,Monday,2024,4,4:00am-4:59am,1,Rural,7,Local,35.02,-88.716,2,Dark - Not Lighted,34,Ditch,2,Rain,1
47,Tennessee,470657,SEVIER (155),PIGEON FORGE,8,August,3,Tuesday,2024,23,11:00pm-11:59pm,2,Urban,3,Other Principal Arterial,35.7945,-83.59391111,3,Dark - Lighted,12,Motor Vehicle In-Transport,1,Clear,1
47,Tennessee,470659,MADISON (113),NOT APPLICABLE,8,August,3,Tuesday,2024,99,Unknown Hours,1,Rural,7,Local,35.59083056,-88.66813889,9,Reported as Unknown,30,Utility Pole/Light Support,99,Reported as Unknown,1
47,Tennessee,470660,HICKMAN (81),CENTERVILLE,8,August,7,Saturday,2024,8,8:00am-8:59am,1,Rural,4,Minor Arterial,35.77145,-87.46366944,3,Dark - Lighted,12,Motor Vehicle In-Transport,1,Clear,1
47,Tennessee,470661,DEKALB (41),NOT APPLICABLE,8,August,1,Sunday,2024,13,1:00pm-1:59pm,1,Rural,5,Major Collector,36.08456111,-85.84173056,1,Daylight,1,Rollover/Overturn,1,Clear,1
47,Tennessee,470662,MCMINN (107),NOT APPLICABLE,8,August,2,Monday,2024,19,7:00pm-7:59pm,1,Rural,1,Interstate,35.3346,-84.75603056,5,Dusk,42,Tree (Standing Only),1,Clear,1
47,Tennessee,470663,SULLIVAN (163),NOT APPLICABLE,8,August,1,Sunday,2024,17,5:00pm-5:59pm,1,Rural,4,Minor Arterial,36.5651,-82.07161111,1,Daylight,12,Motor Vehicle In-Transport,1,Clear,1
47,Tennessee,470664,RUTHERFORD (149),NOT APPLICABLE,8,August,6,Friday,2024,12,12:00pm-12:59pm,1,Rural,4,Minor Arterial,35.92806111,-86.26886944,1,Daylight,32,Culvert,1,Clear,1
47,Tennessee,470665,SHELBY (157),MEMPHIS,8,August,5,Thursday,2024,13,1:00pm-1:59pm,2,Urban,3,Other Principal Arterial,35.01141667,-90.09723889,1,Daylight,12,Motor Vehicle In-Transport,1,Clear,1
47,Tennessee,470666,SHELBY (157),MEMPHIS,8,August,6,Friday,2024,9,9:00am-9:59am,2,Urban,4,Minor Arterial,35.25916111,-89.92945,1,Daylight,12,Motor Vehicle In-Transport,1,Clear,1
47,Tennessee,470668,FAYETTE (47),NOT APPLICABLE,8,August,3,Tuesday,2024,5,5:00am-5:59am,1,Rural,6,Minor Collector,35.26013889,-89.44491944,3,Dark - Lighted,8,Pedestrian,1,Clear,1
47,Tennessee,470669,SHELBY (157),NOT APPLICABLE,8,August,5,Thursday,2024,10,10:00am-10:59am,1,Rural,3,Other Principal Arterial,35.21013889,-89.65328889,1,Daylight,21,Bridge Pier or Support,1,Clear,1
47,Tennessee,470670,DAVIDSON (37),NASHVILLE,8,August,5,Thursday,2024,15,3:00pm-3:59pm,2,Urban,3,Other Principal Arterial,36.22028889,-86.83683056,1,Daylight,42,Tree (Standing Only),1,Clear,1
47,Tennessee,470671,SEVIER (155),NOT APPLICABLE,8,August,7,Saturday,2024,14,2:00pm-2:59pm,1,Rural,7,Local,35.71683056,-83.67348889,1,Daylight,42,Tree (Standing Only),1,Clear,1
47,Tennessee,470672,CUMBERLAND (35),CROSSVILLE,8,August,1,Sunday,2024,0,0:00am-0:59am,2,Urban,4,Minor Arterial,35.97928056,-85.05381944,3,Dark - Lighted,12,Motor Vehicle In-Transport,10,Cloudy,1
47,Tennessee,470673,KNOX (93),KNOXVILLE,8,August,7,Saturday,2024,20,8:00pm-8:59pm,2,Urban,3,Other Principal Arterial,35.97935,-83.906,3,Dark - Lighted,8,Pedestrian,1,Clear,1
47,Tennessee,470674,RUTHERFORD (149),MURFREESBORO,8,August,1,Sunday,2024,6,6:00am-6:59am,2,Urban,4,Minor Arterial,35.86051944,-86.42976944,6,Dark - Unknown Lighting,8,Pedestrian,2,Rain,1