STATE,STATENAME,ST_CASE,COUNTYNAME,CITYNAME,MONTH,MONTHNAME,DAY_WEEK,DAY_WEEKNAME,YEAR,HOUR,HOURNAME,RUR_URB,RUR_URBNAME,FUNC_SYS,FUNC_SYSNAME,LATITUDE,LONGITUD,LGT_COND,LGT_CONDNAME,HARM_EV,HARM_EVNAME,WEATHER,WEATHERNAME,FATALS
48,Texas,480251,UPSHUR (459),NOT APPLICABLE,1,January,4,Wednesday,2024,11,11:00am-11:59am,1,Rural,5,Major Collector,32.69115833,-94.73752222,1,Daylight,32,Culvert,10,Cloudy,1
48,Texas,480252,HARRIS (201),HOUSTON,1,January,1,Sunday,2024,6,6:00am-6:59am,2,Urban,4,Minor Arterial,29.627925,-95.4253,3,Dark - Lighted,12,Motor Vehicle In-Transport,1,Clear,1
48,Texas,480253,DALLAS (113),GARLAND,1,January,3,Tuesday,2024,9,9:00am-9:59am,2,Urban,7,Local,32.92857222,-96.68303889,7,Other,12,Motor Vehicle In-Transport,2,Rain,1
48,Texas,480254,ECTOR (135),NOT APPLICABLE,1,January,4,Wednesday,2024,13,1:00pm-1:59pm,1,Rural,3,Other Principal Arterial,31.88436944,-102.4570028,1,Daylight,12,Motor Vehicle In-Transport,10,Cloudy,2
48,Texas,480255,HARTLEY (205),NOT APPLICABLE,1,January,4,Wednesday,2024,0,0:00am-0:59am,1,Rural,3,Other Principal Arterial,35.86664722,-102.232625,2,Dark - Not Lighted,12,Motor Vehicle In-Transport,5,"Fog, Smog, Smoke",1
48,Texas,480256,TARRANT (439),NOT APPLICABLE,1,January,6,Friday,2024,20,8:00pm-8:59pm,2,Urban,5,Major Collector,32.762975,-97.50758056,2,Dark - Not Lighted,32,Culvert,2,Rain,1
48,Texas,480257,DENTON (121),Other,1,January,3,Tuesday,2024,20,8:00pm-8:59pm,2,Urban,3,Other Principal Arterial,33.026325,-97.28803889,2,Dark - Not Lighted,33,Curb,1,Clear,1
48,Texas,480258,GRAYSON (181),NOT APPLICABLE,1,January,4,Wednesday,2024,5,5:00am-5:59am,1,Rural,4,Minor Arterial,33.76625,-96.90282778,2,Dark - Not Lighted,42,Tree (Standing Only),10,Cloudy,1
48,Texas,480259,HARRIS (201),HOUSTON,1,January,4,Wednesday,2024,20,8:00pm-8:59pm,2,Urban,1,Interstate,29.76986389,-95.33401389,3,Dark - Lighted,12,Motor Vehicle In-Transport,10,Cloudy,1
48,Texas,480260,HARDIN (199),NOT APPLICABLE,2,February,6,Friday,2024,18,6:00pm-6:59pm,1,Rural,4,Minor Arterial,30.35002222,-94.21578056,2,Dark - Not Lighted,12,Motor Vehicle In-Transport,10,Cloudy,3
48,Texas,480261,MIDLAND (329),MIDLAND,2,February,7,Saturday,2024,18,6:00pm-6:59pm,2,Urban,4,Minor Arterial,32.00734167,-102.1136972,2,Dark - Not Lighted,8,Pedestrian,1,Clear,1
48,Texas,480262,NUECES (355),NOT APPLICABLE,2,February,2,Monday,2024,19,7:00pm-7:59pm,1,Rural,4,Minor Arterial,27.8964,-97.778675,2,Dark - Not Lighted,8,Pedestrian,1,Clear,1
48,Texas,480263,HARRIS (201),HOUSTON,2,February,3,Tuesday,2024,18,6:00pm-6:59pm,6,Trafficway Not in State Inventory,96,Trafficway Not in State Inventory,29.77658056,-95.29711389,1,Daylight,8,Pedestrian,1,Clear,1
48,Texas,480264,FAYETTE (149),NOT APPLICABLE,2,February,3,Tuesday,2024,15,3:00pm-3:59pm,1,Rural,3,Other Principal Arterial,29.92827222,-96.97150278,1,Daylight,12,Motor Vehicle In-Transport,1,Clear,1
48,Texas,480265,HOWARD (227),BIG SPRING,2,February,7,Saturday,2024,14,2:00pm-2:59pm,2,Urban,1,Interstate,32.2625,-101.4559333,1,Daylight,52,Guardrail End,1,Clear,2
48,Texas,480266,TYLER (457),NOT APPLICABLE,2,February,7,Saturday,2024,3,3:00am-3:59am,1,Rural,3,Other Principal Arterial,30.68766667,-94.39485,2,Dark - Not Lighted,12,Motor Vehicle In-Transport,2,Rain,1
48,Texas,480267,HIDALGO (215),PHARR,1,January,1,Sunday,2024,19,7:00pm-7:59pm,2,Urban,4,Minor Arterial,26.23770833,-98.15979444,2,Dark - Not Lighted,8,Pedestrian,2,Rain,1
48,Texas,480268,EASTLAND (133),NOT APPLICABLE,1,January,4,Wednesday,2024,15,3:00pm-3:59pm,1,Rural,4,Minor Arterial,32.099875,-99.04076389,1,Daylight,34,Ditch,2,Rain,1
48,Texas,480269,HARRIS (201),HOUSTON,1,January,7,Saturday,2024,2,2:00am-2:59am,2,Urban,1,Interstate,29.81356944,-95.34203333,2,Dark - Not Lighted,25,Concrete Traffic Barrier,2,Rain,1
48,Texas,480270,CAMERON (61),NOT APPLICABLE,1,January,2,Monday,2024,0,0:00am-0:59am,2,Urban,5,Major Collector,26.01571944,-97.55331111,2,Dark - Not Lighted,1,Rollover/Overturn,1,Clear,1
48,Texas,480271,HIDALGO (215),SAN JUAN,1,January,4,Wednesday,2024,21,9:00pm-9:59pm,2,Urban,3,Other Principal Arterial,26.08941944,-98.16371389,3,Dark - Lighted,12,Motor Vehicle In-Transport,1,Clear,1
48,Texas,480272,WISE (497),NOT APPLICABLE,2,February,5,Thursday,2024,6,6:00am-6:59am,1,Rural,3,Other Principal Arterial,33.38084444,-97.713125,2,Dark - Not Lighted,1,Rollover/Overturn,2,Rain,1
48,Texas,480273,COOKE (97),NOT APPLICABLE,2,February,6,Friday,2024,15,3:00pm-3:59pm,1,Rural,5,Major Collector,33.57857222,-97.34846667,1,Daylight,12,Motor Vehicle In-Transport,10,Cloudy,3
48,Texas,480274,BEXAR (29),SAN ANTONIO,2,February,1,Sunday,2024,2,2:00am-2:59am,2,Urban,4,Minor Arterial,29.52690278,-98.50536111,3,Dark - Lighted,33,Curb,1,Clear,1
48,Texas,480275,BEXAR (29),SAN ANTONIO,2,February,1,Sunday,2024,3,3:00am-3:59am,2,Urban,1,Interstate,29.49478611,-98.55346111,3,Dark - Lighted,8,Pedestrian,1,Clear,1
48,Texas,480276,DALLAS (113),DUNCANVILLE,2,February,4,Wednesday,2024,12,12:00pm-12:59pm,2,Urban,1,Interstate,32.66891944,-96.92393333,1,Daylight,12,Motor Vehicle In-Transport,1,Clear,1
48,Texas,480277,PECOS (371),NOT APPLICABLE,2,February,3,Tuesday,2024,21,9:00pm-9:59pm,1,Rural,1,Interstate,30.75962222,-101.9227028,6,Dark - Unknown Lighting,12,Motor Vehicle In-Transport,1,Clear,1
48,Texas,480278,JEFFERSON (245),PORT ARTHUR,2,February,5,Thursday,2024,21,9:00pm-9:59pm,2,Urban,3,Other Principal Arterial,29.92495556,-93.96425556,3,Dark - Lighted,8,Pedestrian,1,Clear,1
48,Texas,480279,ELLIS (139),MIDLOTHIAN,1,January,4,Wednesday,2024,1,1:00am-1:59am,2,Urban,2,Other Freeways and Expressways,32.4797,-97.01445556,3,Dark - Lighted,30,Utility Pole/Light Support,1,Clear,1
48,Texas,480280,WISE (497),NOT APPLICABLE,1,January,6,Friday,2024,17,5:00pm-5:59pm,1,Rural,3,Other Principal Arterial,33.18266389,-97.83190833,5,Dusk,12,Motor Vehicle In-Transport,1,Clear,1
48,Texas,480281,HARRIS (201),HOUSTON,1,January,1,Sunday,2024,2,2:00am-2:59am,2,Urban,1,Interstate,29.68387222,-95.53404167,3,Dark - Lighted,12,Motor Vehicle In-Transport,1,Clear,2
48,Texas,480282,HARRIS (201),HOUSTON,1,January,1,Sunday,2024,0,0:00am-0:59am,2,Urban,1,Interstate,29.73050278,-95.41630833,3,Dark - Lighted,12,Motor Vehicle In-Transport,1,Clear,1
48,Texas,480283,HARRIS (201),HOUSTON,1,January,2,Monday,2024,12,12:00pm-12:59pm,2,Urban,4,Minor Arterial,29.75873611,-95.36604722,1,Daylight,8,Pedestrian,1,Clear,1
48,Texas,480284,DALLAS (113),GARLAND,1,January,3,Tuesday,2024,18,6:00pm-6:59pm,2,Urban,4,Minor Arterial,32.86127222,-96.64231944,3,Dark - Lighted,12,Motor Vehicle In-Transport,10,Cloudy,1
48,Texas,480285,MONTGOMERY (339),CONROE,1,January,4,Wednesday,2024,16,4:00pm-4:59pm,2,Urban,3,Other Principal Arterial,30.34221944,-95.54631667,1,Daylight,12,Motor Vehicle In-Transport,10,Cloudy,1
48,Texas,480286,TRAVIS (453),AUSTIN,2,February,5,Thursday,2024,7,7:00am-7:59am,2,Urban,4,Minor Arterial,30.41953611,-97.66141389,3,Dark - Lighted,8,Pedestrian,1,Clear,1
48,Texas,480287,DALLAS (113),DALLAS,2,February,7,Saturday,2024,22,10:00pm-10:59pm,2,Urban,3,Other Principal Arterial,32.7816,-96.68263333,3,Dark - Lighted,30,Utility Pole/Light Support,1,Clear,1
48,Texas,480288,HARRIS (201),HOUSTON,2,February,7,Saturday,2024,20,8:00pm-8:59pm,2,Urban,3,Other Principal Arterial,29.84738333,-95.41124444,3,Dark - Lighted,8,Pedestrian,1,Clear,1
48,Texas,480289,SMITH (423),NOT APPLICABLE,2,February,1,Sunday,2024,19,7:00pm-7:59pm,2,Urban,3,Other Principal Arterial,32.35898889,-95.37685,3,Dark - Lighted,12,Motor Vehicle In-Transport,10,Cloudy,1
48,Texas,480290,HARRIS (201),HOUSTON,2,February,1,Sunday,2024,7,7:00am-7:59am,2,Urban,7,Local,29.75783333,-95.28711111,3,Dark - Lighted,18,Other Object (not fixed),1,Clear,1
48,Texas,480291,TRAVIS (453),AUSTIN,2,February,1,Sunday,2024,4,4:00am-4:59am,2,Urban,5,Major Collector,30.34615556,-97.71022778,3,Dark - Lighted,5,Fell/Jumped from Vehicle,1,Clear,1
48,Texas,480292,HIDALGO (215),ELSA,2,February,2,Monday,2024,12,12:00pm-12:59pm,2,Urban,3,Other Principal Arterial,26.29314167,-98.00934722,1,Daylight,12,Motor Vehicle In-Transport,1,Clear,1
48,Texas,480293,PARKER (367),WEATHERFORD,2,February,5,Thursday,2024,20,8:00pm-8:59pm,2,Urban,5,Major Collector,32.72679167,-97.79791389,2,Dark - Not Lighted,12,Motor Vehicle In-Transport,10,Cloudy,2
48,Texas,480294,FAYETTE (149),NOT APPLICABLE,2,February,5,Thursday,2024,6,6:00am-6:59am,1,Rural,3,Other Principal Arterial,29.87249167,-96.88694444,4,Dawn,12,Motor Vehicle In-Transport,1,Clear,1
48,Texas,480295,GUADALUPE (187),SCHERTZ,2,February,5,Thursday,2024,5,5:00am-5:59am,2,Urban,4,Minor Arterial,29.59701111,-98.29426667,6,Dark - Unknown Lighting,8,Pedestrian,2,Rain,1
48,Texas,480296,CAMERON (61),BROWNSVILLE,2,February,6,Friday,2024,20,8:00pm-8:59pm,2,Urban,5,Major Collector,25.93211667,-97.49364722,3,Dark - Lighted,12,Motor Vehicle In-Transport,1,Clear,1
48,Texas,480297,DALLAS (113),LANCASTER,2,February,7,Saturday,2024,2,2:00am-2:59am,2,Urban,1,Interstate,32.64235278,-96.80275556,2,Dark - Not Lighted,12,Motor Vehicle In-Transport,2,Rain,1
48,Texas,480298,BELL (27),NOT APPLICABLE,2,February,7,Saturday,2024,5,5:00am-5:59am,2,Urban,3,Other Principal Arterial,31.12230556,-97.76963333,2,Dark - Not Lighted,25,Concrete Traffic Barrier,2,Rain,1
48,Texas,480299,DENTON (121),CARROLLTON,2,February,7,Saturday,2024,3,3:00am-3:59am,2,Urban,2,Other Freeways and Expressways,33.00603056,-96.95080556,3,Dark - Lighted,12,Motor Vehicle In-Transport,1,Clear,1
48,Texas,480300,BROWN (49),NOT APPLICABLE,2,February,1,Sunday,2024,5,5:00am-5:59am,1,Rural,3,Other Principal Arterial,32.05678889,-98.94670278,2,Dark - Not Lighted,1,Rollover/Overturn,3,Sleet or Hail,1
48,Texas,480301,HIDALGO (215),NOT APPLICABLE,1,January,4,Wednesday,2024,22,10:00pm-10:59pm,2,Urban,5,Major Collector,26.13633333,-98.298375,2,Dark - Not Lighted,43,Other Fixed Object,1,Clear,3
48,Texas,480303,ECTOR (135),ODESSA,1,January,4,Wednesday,2024,18,6:00pm-6:59pm,2,Urban,4,Minor Arterial,31.87208333,-102.3693028,1,Daylight,12,Motor Vehicle In-Transport,1,Clear,1
48,Texas,480304,COLLIN (85),NOT APPLICABLE,1,January,4,Wednesday,2024,15,3:00pm-3:59pm,2,Urban,4,Minor Arterial,33.10040278,-96.52202778,1,Daylight,12,Motor Vehicle In-Transport,1,Clear,1
48,Texas,480305,HARRIS (201),HOUSTON,2,February,2,Monday,2024,2,2:00am-2:59am,2,Urban,3,Other Principal Arterial,29.66256944,-95.46413889,3,Dark - Lighted,42,Tree (Standing Only),1,Clear,1
48,Texas,480306,DALLAS (113),DALLAS,2,February,2,Monday,2024,15,3:00pm-3:59pm,2,Urban,2,Other Freeways and Expressways,32.77899444,-96.91722222,1,Daylight,25,Concrete Traffic Barrier,10,Cloudy,1
48,Texas,480307,TAYLOR (441),NOT APPLICABLE,2,February,5,Thursday,2024,14,2:00pm-2:59pm,1,Rural,1,Interstate,32.46177778,-99.94564722,1,Daylight,52,Guardrail End,1,Clear,1
48,Texas,480308,TARRANT (439),ARLINGTON,2,February,3,Tuesday,2024,10,10:00am-10:59am,2,Urban,3,Other Principal Arterial,32.64866389,-97.14948889,1,Daylight,12,Motor Vehicle In-Transport,1,Clear,1
48,Texas,480309,COLLIN (85),Other,2,February,2,Monday,2024,16,4:00pm-4:59pm,2,Urban,4,Minor Arterial,33.39955556,-96.56475,1,Daylight,12,Motor Vehicle In-Transport,1,Clear,1
48,Texas,480310,DALLAS (113),GARLAND,2,February,7,Saturday,2024,0,0:00am-0:59am,2,Urban,1,Interstate,32.84113889,-96.63370556,3,Dark - Lighted,12,Motor Vehicle In-Transport,2,Rain,1
48,Texas,480311,ECTOR (135),ODESSA,2,February,6,Friday,2024,6,6:00am-6:59am,2,Urban,3,Other Principal Arterial,31.87875556,-102.4013083,3,Dark - Lighted,8,Pedestrian,10,Cloudy,1
48,Texas,480312,FORT BEND (157),NOT APPLICABLE,1,January,2,Monday,2024,18,6:00pm-6:59pm,1,Rural,7,Local,29.70359722,-95.94446111,2,Dark - Not Lighted,12,Motor Vehicle In-Transport,1,Clear,1
48,Texas,480313,DALLAS (113),DALLAS,1,January,3,Tuesday,2024,19,7:00pm-7:59pm,2,Urban,3,Other Principal Arterial,32.82038056,-96.84786389,3,Dark - Lighted,8,Pedestrian,1,Clear,1
48,Texas,480314,HENDERSON (213),NOT APPLICABLE,2,February,2,Monday,2024,11,11:00am-11:59am,1,Rural,5,Major Collector,32.34441667,-95.72833611,1,Daylight,42,Tree (Standing Only),1,Clear,1
48,Texas,480315,FORT BEND (157),SUGAR LAND,2,February,4,Wednesday,2024,10,10:00am-10:59am,2,Urban,3,Other Principal Arterial,29.62432778,-95.61383333,1,Daylight,12,Motor Vehicle In-Transport,1,Clear,1
48,Texas,480316,BEXAR (29),SAN ANTONIO,2,February,6,Friday,2024,19,7:00pm-7:59pm,2,Urban,5,Major Collector,29.43608889,-98.61492222,2,Dark - Not Lighted,15,Non-Motorist on Personal Conveyance,1,Clear,1
48,Texas,480317,HARRIS (201),NOT APPLICABLE,2,February,7,Saturday,2024,23,11:00pm-11:59pm,2,Urban,3,Other Principal Arterial,29.86884444,-95.06208889,3,Dark - Lighted,12,Motor Vehicle In-Transport,1,Clear,1
48,Texas,480318,HARRIS (201),NOT APPLICABLE,2,February,2,Monday,2024,1,1:00am-1:59am,2,Urban,5,Major Collector,29.94487778,-95.56610556,3,Dark - Lighted,1,Rollover/Overturn,1,Clear,1
48,Texas,480319,COLLIN (85),PLANO,2,February,6,Friday,2024,15,3:00pm-3:59pm,2,Urban,3,Other Principal Arterial,33.02443333,-96.76980278,1,Daylight,12,Motor Vehicle In-Transport,10,Cloudy,1
48,Texas,480320,BANDERA (19),NOT APPLICABLE,1,January,2,Monday,2024,13,1:00pm-1:59pm,1,Rural,5,Major Collector,29.67721111,-98.96296389,1,Daylight,59,Traffic Sign Support,1,Clear,1
48,Texas,480321,HUDSPETH (229),NOT APPLICABLE,1,January,2,Monday,2024,22,10:00pm-10:59pm,1,Rural,1,Interstate,31.14201111,-105.2454667,2,Dark - Not Lighted,12,Motor Vehicle In-Transport,1,Clear,1
48,Texas,480322,HARRIS (201),HOUSTON,1,January,3,Tuesday,2024,23,11:00pm-11:59pm,2,Urban,4,Minor Arterial,29.85901667,-95.37183611,3,Dark - Lighted,8,Pedestrian,1,Clear,1
48,Texas,480323,ELLIS (139),Other,2,February,5,Thursday,2024,5,5:00am-5:59am,2,Urban,3,Other Principal Arterial,32.51039167,-97.06406111,2,Dark - Not Lighted,12,Motor Vehicle In-Transport,1,Clear,1
48,Texas,480324,HAYS (209),KYLE,2,February,6,Friday,2024,23,11:00pm-11:59pm,2,Urban,5,Major Collector,30.026525,-97.85185556,3,Dark - Lighted,12,Motor Vehicle In-Transport,2,Rain,1
48,Texas,480325,HARRIS (201),HOUSTON,2,February,6,Friday,2024,17,5:00pm-5:59pm,2,Urban,7,Local,29.80285556,-95.51958333,1,Daylight,5,Fell/Jumped from Vehicle,10,Cloudy,1
48,Texas,480326,MIDLAND (329),MIDLAND,2,February,5,Thursday,2024,16,4:00pm-4:59pm,2,Urban,4,Minor Arterial,31.98119722,-102.0590611,1,Daylight,8,Pedestrian,1,Clear,1
48,Texas,480327,MIDLAND (329),MIDLAND,2,February,5,Thursday,2024,18,6:00pm-6:59pm,2,Urban,3,Other Principal Arterial,31.93184167,-102.2229972,2,Dark - Not Lighted,12,Motor Vehicle In-Transport,10,Cloudy,1
48,Texas,480328,RAINS (379),NOT APPLICABLE,2,February,6,Friday,2024,17,5:00pm-5:59pm,1,Rural,4,Minor Arterial,32.79532778,-95.79344444,5,Dusk,12,Motor Vehicle In-Transport,2,Rain,1
48,Texas,480329,DALLAS (113),DALLAS,2,February,7,Saturday,2024,4,4:00am-4:59am,2,Urban,2,Other Freeways and Expressways,32.65428056,-96.88033611,3,Dark - Lighted,1,Rollover/Overturn,2,Rain,1
48,Texas,480330,DALLAS (113),DALLAS,2,February,7,Saturday,2024,6,6:00am-6:59am,2,Urban,1,Interstate,32.76645,-96.89612778,3,Dark - Lighted,12,Motor Vehicle In-Transport,2,Rain,1
48,Texas,480331,RANDALL (381),NOT APPLICABLE,2,February,7,Saturday,2024,2,2:00am-2:59am,1,Rural,5,Major Collector,34.89001111,-101.9093417,2,Dark - Not Lighted,35,Embankment,10,Cloudy,1
48,Texas,480333,CHAMBERS (71),MONT BELVIEU,1,January,3,Tuesday,2024,10,10:00am-10:59am,2,Urban,4,Minor Arterial,29.84903056,-94.88463333,1,Daylight,30,Utility Pole/Light Support,1,Clear,2
48,Texas,480334,MATAGORDA (321),NOT APPLICABLE,1,January,2,Monday,2024,5,5:00am-5:59am,1,Rural,4,Minor Arterial,28.95372778,-96.06068889,2,Dark - Not Lighted,12,Motor Vehicle In-Transport,2,Rain,1
48,Texas,480336,MORRIS (343),NOT APPLICABLE,1,January,1,Sunday,2024,3,3:00am-3:59am,1,Rural,4,Minor Arterial,33.18762778,-94.80859444,2,Dark - Not Lighted,1,Rollover/Overturn,1,Clear,1
48,Texas,480337,HARRIS (201),NOT APPLICABLE,2,February,5,Thursday,2024,14,2:00pm-2:59pm,2,Urban,4,Minor Arterial,29.92409722,-95.35581944,1,Daylight,12,Motor Vehicle In-Transport,1,Clear,1
48,Texas,480338,ELLIS (139),NOT APPLICABLE,2,February,5,Thursday,2024,18,6:00pm-6:59pm,1,Rural,6,Minor Collector,32.28073333,-96.50263611,2,Dark - Not Lighted,8,Pedestrian,1,Clear,1
48,Texas,480340,CORYELL (99),NOT APPLICABLE,2,February,6,Friday,2024,4,4:00am-4:59am,2,Urban,1,Interstate,31.122425,-97.80522222,2,Dark - Not Lighted,8,Pedestrian,1,Clear,1
48,Texas,480341,MONTAGUE (337),NOT APPLICABLE,2,February,7,Saturday,2024,3,3:00am-3:59am,1,Rural,5,Major Collector,33.68360556,-97.53221667,2,Dark - Not Lighted,59,Traffic Sign Support,10,Cloudy,1
48,Texas,480342,REEVES (389),NOT APPLICABLE,2,February,2,Monday,2024,5,5:00am-5:59am,1,Rural,3,Other Principal Arterial,31.45868889,-103.5097278,2,Dark - Not Lighted,12,Motor Vehicle In-Transport,1,Clear,1
48,Texas,480343,KAUFMAN (257),NOT APPLICABLE,2,February,3,Tuesday,2024,20,8:00pm-8:59pm,1,Rural,7,Local,32.40717778,-96.08712222,2,Dark - Not Lighted,42,Tree (Standing Only),1,Clear,1
48,Texas,480344,GRAYSON (181),NOT APPLICABLE,2,February,5,Thursday,2024,14,2:00pm-2:59pm,1,Rural,3,Other Principal Arterial,33.72944167,-96.51643611,1,Daylight,12,Motor Vehicle In-Transport,10,Cloudy,1
48,Texas,480345,LIBERTY (291),NOT APPLICABLE,2,February,5,Thursday,2024,22,10:00pm-10:59pm,1,Rural,5,Major Collector,30.06959167,-94.69528333,2,Dark - Not Lighted,8,Pedestrian,1,Clear,1
48,Texas,480346,HARRIS (201),HOUSTON,2,February,6,Friday,2024,1,1:00am-1:59am,2,Urban,4,Minor Arterial,29.6914,-95.23518889,2,Dark - Not Lighted,33,Curb,1,Clear,1
48,Texas,480347,HILL (217),HILLSBORO,2,February,7,Saturday,2024,15,3:00pm-3:59pm,1,Rural,1,Interstate,31.96626667,-97.11945278,1,Daylight,25,Concrete Traffic Barrier,2,Rain,2
48,Texas,480348,DENTON (121),NEW HOPE (HISTORICAL),2,February,7,Saturday,2024,13,1:00pm-1:59pm,2,Urban,3,Other Principal Arterial,33.23149444,-97.00454722,1,Daylight,18,Other Object (not fixed),10,Cloudy,1
48,Texas,480349,NAVARRO (349),MILDRED,2,February,7,Saturday,2024,11,11:00am-11:59am,1,Rural,4,Minor Arterial,32.029025,-96.35092222,1,Daylight,12,Motor Vehicle In-Transport,2,Rain,1
48,Texas,480350,HARRIS (201),NOT APPLICABLE,2,February,1,Sunday,2024,0,0:00am-0:59am,2,Urban,3,Other Principal Arterial,29.91562778,-95.44304444,3,Dark - Lighted,12,Motor Vehicle In-Transport,10,Cloudy,1
48,Texas,480351,WEBB (479),LAREDO,2,February,2,Monday,2024,2,2:00am-2:59am,2,Urban,3,Other Principal Arterial,27.54169167,-99.45267778,3,Dark - Lighted,12,Motor Vehicle In-Transport,1,Clear,1
48,Texas,480352,TRAVIS (453),AUSTIN,2,February,4,Wednesday,2024,2,2:00am-2:59am,2,Urban,3,Other Principal Arterial,30.23538611,-97.86030833,3,Dark - Lighted,12,Motor Vehicle In-Transport,1,Clear,1
48,Texas,480353,MORRIS (343),OMAHA,2,February,4,Wednesday,2024,7,7:00am-7:59am,1,Rural,4,Minor Arterial,33.180875,-94.72833889,1,Daylight,35,Embankment,1,Clear,1
48,Texas,480354,CAMERON (61),SAN BENITO,2,February,4,Wednesday,2024,17,5:00pm-5:59pm,2,Urban,3,Other Principal Arterial,26.11185556,-97.60604167,1,Daylight,39,Wall,1,Clear,1
48,Texas,480356,HARRIS (201),NOT APPLICABLE,2,February,6,Friday,2024,2,2:00am-2:59am,2,Urban,4,Minor Arterial,30.06023333,-95.45284167,3,Dark - Lighted,32,Culvert,10,Cloudy,1
48,Texas,480357,ANGELINA (5),DIBOLL,2,February,6,Friday,2024,16,4:00pm-4:59pm,1,Rural,3,Other Principal Arterial,31.173825,-94.78669722,1,Daylight,9,Pedalcyclist,1,Clear,1
48,Texas,480358,KAUFMAN (257),Other,2,February,6,Friday,2024,23,11:00pm-11:59pm,2,Urban,1,Interstate,32.69898056,-96.49603333,2,Dark - Not Lighted,1,Rollover/Overturn,1,Clear,1
48,Texas,480359,DENTON (121),CORINTH,2,February,7,Saturday,2024,2,2:00am-2:59am,2,Urban,1,Interstate,33.15366389,-97.06235556,3,Dark - Lighted,12,Motor Vehicle In-Transport,1,Clear,1
48,Texas,480360,FORT BEND (157),MISSOURI CITY,2,February,7,Saturday,2024,19,7:00pm-7:59pm,2,Urban,4,Minor Arterial,29.59943333,-95.52678611,3,Dark - Lighted,8,Pedestrian,1,Clear,1
48,Texas,480361,DALLAS (113),MESQUITE,2,February,1,Sunday,2024,3,3:00am-3:59am,2,Urban,4,Minor Arterial,32.74688611,-96.59868056,3,Dark - Lighted,30,Utility Pole/Light Support,1,Clear,1
48,Texas,480362,HARRIS (201),HOUSTON,1,January,1,Sunday,2024,23,11:00pm-11:59pm,2,Urban,5,Major Collector,29.74849444,-95.36553611,3,Dark - Lighted,12,Motor Vehicle In-Transport,1,Clear,1
48,Texas,480363,MAVERICK (323),NOT APPLICABLE,2,February,6,Friday,2024,17,5:00pm-5:59pm,1,Rural,3,Other Principal Arterial,28.68731944,-100.4393861,1,Daylight,1,Rollover/Overturn,2,Rain,1
48,Texas,480364,GRAYSON (181),VAN ALSTYNE,2,February,6,Friday,2024,5,5:00am-5:59am,2,Urban,4,Minor Arterial,33.41310278,-96.573375,6,Dark - Unknown Lighting,8,Pedestrian,1,Clear,1
48,Texas,480365,KAUFMAN (257),NOT APPLICABLE,2,February,4,Wednesday,2024,15,3:00pm-3:59pm,2,Urban,4,Minor Arterial,32.67448056,-96.44081667,1,Daylight,12,Motor Vehicle In-Transport,1,Clear,1
48,Texas,480366,HARRIS (201),HOUSTON,2,February,7,Saturday,2024,21,9:00pm-9:59pm,2,Urban,4,Minor Arterial,29.73450833,-95.38363056,3,Dark - Lighted,33,Curb,10,Cloudy,1
48,Texas,480367,CAMERON (61),HARLINGEN,2,February,1,Sunday,2024,1,1:00am-1:59am,2,Urban,3,Other Principal Arterial,26.20980278,-97.69873889,3,Dark - Lighted,8,Pedestrian,1,Clear,1
48,Texas,480368,HARRIS (201),NOT APPLICABLE,2,February,2,Monday,2024,14,2:00pm-2:59pm,2,Urban,4,Minor Arterial,30.006375,-95.41064167,1,Daylight,33,Curb,1,Clear,1
48,Texas,480369,HARDIN (199),NOT APPLICABLE,2,February,2,Monday,2024,14,2:00pm-2:59pm,1,Rural,4,Minor Arterial,30.42230833,-94.18332222,1,Daylight,1,Rollover/Overturn,1,Clear,1
48,Texas,480370,MONTGOMERY (339),OAK RIDGE NORTH,2,February,3,Tuesday,2024,17,5:00pm-5:59pm,2,Urban,1,Interstate,30.16316944,-95.45074444,1,Daylight,42,Tree (Standing Only),1,Clear,1
48,Texas,480371,HARRIS (201),NOT APPLICABLE,2,February,6,Friday,2024,1,1:00am-1:59am,2,Urban,4,Minor Arterial,29.69019167,-95.633075,2,Dark - Not Lighted,33,Curb,1,Clear,1
48,Texas,480372,JEFFERSON (245),BEAUMONT,2,February,1,Sunday,2024,2,2:00am-2:59am,2,Urban,1,Interstate,30.09205833,-94.13608056,3,Dark - Lighted,25,Concrete Traffic Barrier,1,Clear,1
48,Texas,480373,DALLAS (113),DALLAS,2,February,4,Wednesday,2024,3,3:00am-3:59am,2,Urban,1,Interstate,32.68159444,-96.66228056,2,Dark - Not Lighted,14,Parked Motor Vehicle,1,Clear,1
48,Texas,480374,GRIMES (185),NOT APPLICABLE,1,January,2,Monday,2024,15,3:00pm-3:59pm,1,Rural,98,Not Reported,30.30758333,-95.89999167,1,Daylight,32,Culvert,2,Rain,1
48,Texas,480375,STARR (427),NOT APPLICABLE,1,January,4,Wednesday,2024,0,0:00am-0:59am,1,Rural,4,Minor Arterial,26.71999167,-98.52214167,3,Dark - Lighted,38,Fence,2,Rain,1