STATE,STATENAME,ST_CASE,COUNTYNAME,CITYNAME,MONTH,MONTHNAME,DAY_WEEK,DAY_WEEKNAME,YEAR,HOUR,HOURNAME,RUR_URB,RUR_URBNAME,FUNC_SYS,FUNC_SYSNAME,LATITUDE,LONGITUD,LGT_COND,LGT_CONDNAME,HARM_EV,HARM_EVNAME,WEATHER,WEATHERNAME,FATALS
48,Texas,480376,BEXAR (29),SAN ANTONIO,1,January,6,Friday,2024,22,10:00pm-10:59pm,2,Urban,3,Other Principal Arterial,29.42566389,-98.40560556,2,Dark - Not Lighted,8,Pedestrian,1,Clear,1
48,Texas,480377,BEXAR (29),SAN ANTONIO,2,February,4,Wednesday,2024,19,7:00pm-7:59pm,2,Urban,4,Minor Arterial,29.56211389,-98.38267778,3,Dark - Lighted,35,Embankment,1,Clear,1
48,Texas,480378,BEXAR (29),SAN ANTONIO,2,February,3,Tuesday,2024,16,4:00pm-4:59pm,2,Urban,3,Other Principal Arterial,29.33556111,-98.45349444,1,Daylight,9,Pedalcyclist,1,Clear,1
48,Texas,480379,LIBERTY (291),LIBERTY,2,February,6,Friday,2024,3,3:00am-3:59am,1,Rural,4,Minor Arterial,30.10648056,-94.74517222,3,Dark - Lighted,34,Ditch,2,Rain,1
48,Texas,480380,EL PASO (141),EL PASO,2,February,7,Saturday,2024,18,6:00pm-6:59pm,2,Urban,5,Major Collector,31.75878056,-106.3559278,3,Dark - Lighted,12,Motor Vehicle In-Transport,1,Clear,1
48,Texas,480381,KARNES (255),NOT APPLICABLE,2,February,3,Tuesday,2024,6,6:00am-6:59am,1,Rural,4,Minor Arterial,28.81550278,-97.83163056,3,Dark - Lighted,12,Motor Vehicle In-Transport,5,"Fog, Smog, Smoke",1
48,Texas,480382,HIDALGO (215),PHARR,2,February,3,Tuesday,2024,19,7:00pm-7:59pm,2,Urban,3,Other Principal Arterial,26.13695833,-98.19381667,2,Dark - Not Lighted,8,Pedestrian,1,Clear,1
48,Texas,480383,UPSHUR (459),NOT APPLICABLE,2,February,2,Monday,2024,14,2:00pm-2:59pm,1,Rural,3,Other Principal Arterial,32.63511389,-94.85430278,1,Daylight,12,Motor Vehicle In-Transport,1,Clear,1
48,Texas,480384,TAYLOR (441),ABILENE,2,February,6,Friday,2024,21,9:00pm-9:59pm,2,Urban,3,Other Principal Arterial,32.48773056,-99.73111389,3,Dark - Lighted,8,Pedestrian,1,Clear,1
48,Texas,480385,UVALDE (463),UVALDE,1,January,5,Thursday,2024,18,6:00pm-6:59pm,2,Urban,5,Major Collector,29.19871389,-99.79328056,3,Dark - Lighted,8,Pedestrian,1,Clear,1
48,Texas,480386,MIDLAND (329),MIDLAND,1,January,6,Friday,2024,23,11:00pm-11:59pm,2,Urban,7,Local,32.01080556,-102.0787861,3,Dark - Lighted,26,Other Traffic Barrier,1,Clear,1
48,Texas,480387,FORT BEND (157),NOT APPLICABLE,1,January,1,Sunday,2024,3,3:00am-3:59am,2,Urban,4,Minor Arterial,29.68037778,-95.63675,2,Dark - Not Lighted,42,Tree (Standing Only),1,Clear,1
48,Texas,480388,CHAMBERS (71),NOT APPLICABLE,2,February,2,Monday,2024,14,2:00pm-2:59pm,1,Rural,5,Major Collector,29.81021111,-94.64404444,1,Daylight,8,Pedestrian,1,Clear,1
48,Texas,480389,TARRANT (439),ARLINGTON,2,February,6,Friday,2024,14,2:00pm-2:59pm,2,Urban,4,Minor Arterial,32.75353889,-97.04568056,1,Daylight,12,Motor Vehicle In-Transport,10,Cloudy,1
48,Texas,480390,EL PASO (141),EL PASO,2,February,1,Sunday,2024,0,0:00am-0:59am,2,Urban,3,Other Principal Arterial,31.85776667,-106.4362528,3,Dark - Lighted,12,Motor Vehicle In-Transport,1,Clear,1
48,Texas,480391,DALLAS (113),RICHARDSON,2,February,2,Monday,2024,1,1:00am-1:59am,2,Urban,2,Other Freeways and Expressways,32.95068889,-96.73455278,6,Dark - Unknown Lighting,12,Motor Vehicle In-Transport,1,Clear,1
48,Texas,480392,BASTROP (21),NOT APPLICABLE,2,February,4,Wednesday,2024,22,10:00pm-10:59pm,2,Urban,3,Other Principal Arterial,30.33143611,-97.348575,3,Dark - Lighted,12,Motor Vehicle In-Transport,1,Clear,1
48,Texas,480393,CHEROKEE (73),NOT APPLICABLE,2,February,5,Thursday,2024,22,10:00pm-10:59pm,1,Rural,5,Major Collector,31.88352222,-95.09116111,2,Dark - Not Lighted,8,Pedestrian,10,Cloudy,1
48,Texas,480394,REEVES (389),NOT APPLICABLE,2,February,7,Saturday,2024,1,1:00am-1:59am,1,Rural,3,Other Principal Arterial,31.43271944,-103.4783167,2,Dark - Not Lighted,1,Rollover/Overturn,1,Clear,1
48,Texas,480395,RUNNELS (399),NOT APPLICABLE,2,February,7,Saturday,2024,14,2:00pm-2:59pm,1,Rural,5,Major Collector,31.81408333,-100.1707861,1,Daylight,1,Rollover/Overturn,1,Clear,2
48,Texas,480396,POTTER (375),AMARILLO,2,February,3,Tuesday,2024,21,9:00pm-9:59pm,2,Urban,5,Major Collector,35.192275,-101.7920889,3,Dark - Lighted,8,Pedestrian,1,Clear,1
48,Texas,480397,COOKE (97),GAINESVILLE,2,February,3,Tuesday,2024,0,0:00am-0:59am,2,Urban,1,Interstate,33.61781944,-97.14950556,2,Dark - Not Lighted,12,Motor Vehicle In-Transport,1,Clear,2
48,Texas,480398,ECTOR (135),ODESSA,2,February,4,Wednesday,2024,15,3:00pm-3:59pm,2,Urban,3,Other Principal Arterial,31.86185556,-102.3419028,1,Daylight,12,Motor Vehicle In-Transport,10,Cloudy,1
48,Texas,480399,HARRIS (201),HOUSTON,1,January,1,Sunday,2024,1,1:00am-1:59am,2,Urban,3,Other Principal Arterial,29.71773056,-95.51829722,2,Dark - Not Lighted,33,Curb,1,Clear,1
48,Texas,480400,TRAVIS (453),NOT APPLICABLE,1,January,4,Wednesday,2024,13,1:00pm-1:59pm,2,Urban,3,Other Principal Arterial,30.26936389,-97.62710278,1,Daylight,14,Parked Motor Vehicle,1,Clear,1
48,Texas,480401,HARRIS (201),HOUSTON,2,February,2,Monday,2024,12,12:00pm-12:59pm,2,Urban,1,Interstate,29.78484167,-95.54381667,1,Daylight,12,Motor Vehicle In-Transport,1,Clear,1
48,Texas,480402,EL PASO (141),HORIZON CITY,2,February,4,Wednesday,2024,17,5:00pm-5:59pm,2,Urban,4,Minor Arterial,31.680775,-106.1989306,7,Other,8,Pedestrian,1,Clear,1
48,Texas,480404,DALLAS (113),DALLAS,2,February,1,Sunday,2024,2,2:00am-2:59am,2,Urban,3,Other Principal Arterial,32.72040556,-96.87019167,3,Dark - Lighted,12,Motor Vehicle In-Transport,2,Rain,1
48,Texas,480405,TRAVIS (453),NOT APPLICABLE,2,February,2,Monday,2024,2,2:00am-2:59am,2,Urban,3,Other Principal Arterial,30.16074444,-97.69402778,2,Dark - Not Lighted,12,Motor Vehicle In-Transport,1,Clear,1
48,Texas,480406,FALLS (145),NOT APPLICABLE,2,February,3,Tuesday,2024,23,11:00pm-11:59pm,2,Urban,3,Other Principal Arterial,31.29420278,-96.87460278,2,Dark - Not Lighted,58,Ground,1,Clear,1
48,Texas,480407,HARRIS (201),NOT APPLICABLE,2,February,3,Tuesday,2024,15,3:00pm-3:59pm,2,Urban,2,Other Freeways and Expressways,29.87261111,-95.557525,1,Daylight,12,Motor Vehicle In-Transport,1,Clear,1
48,Texas,480408,CASTRO (69),NOT APPLICABLE,2,February,5,Thursday,2024,13,1:00pm-1:59pm,1,Rural,4,Minor Arterial,34.67415,-102.3189556,1,Daylight,12,Motor Vehicle In-Transport,1,Clear,1
48,Texas,480409,DALLAS (113),DALLAS,2,February,6,Friday,2024,11,11:00am-11:59am,2,Urban,3,Other Principal Arterial,32.68564167,-96.819675,1,Daylight,12,Motor Vehicle In-Transport,1,Clear,1
48,Texas,480410,DALLAS (113),DALLAS,2,February,6,Friday,2024,19,7:00pm-7:59pm,2,Urban,3,Other Principal Arterial,32.80723889,-96.68270278,3,Dark - Lighted,8,Pedestrian,10,Cloudy,1
48,Texas,480411,SMITH (423),NOT APPLICABLE,2,February,7,Saturday,2024,18,6:00pm-6:59pm,1,Rural,5,Major Collector,32.37981944,-95.10905278,3,Dark - Lighted,12,Motor Vehicle In-Transport,10,Cloudy,1
48,Texas,480412,TRAVIS (453),NOT APPLICABLE,2,February,7,Saturday,2024,12,12:00pm-12:59pm,2,Urban,4,Minor Arterial,30.42854444,-97.64681389,1,Daylight,12,Motor Vehicle In-Transport,10,Cloudy,1
48,Texas,480413,DALLAS (113),DALLAS,2,February,3,Tuesday,2024,15,3:00pm-3:59pm,2,Urban,4,Minor Arterial,32.93978333,-96.76265833,1,Daylight,8,Pedestrian,1,Clear,2
48,Texas,480416,COLLIN (85),FARMERSVILLE,2,February,6,Friday,2024,8,8:00am-8:59am,1,Rural,3,Other Principal Arterial,33.159425,-96.40746944,1,Daylight,12,Motor Vehicle In-Transport,1,Clear,1
48,Texas,480417,PALO PINTO (363),MINERAL WELLS,2,February,6,Friday,2024,20,8:00pm-8:59pm,2,Urban,4,Minor Arterial,32.82661111,-98.11246389,2,Dark - Not Lighted,8,Pedestrian,1,Clear,1
48,Texas,480418,DALLAS (113),DALLAS,1,January,3,Tuesday,2024,20,8:00pm-8:59pm,2,Urban,4,Minor Arterial,32.64774444,-96.81665556,2,Dark - Not Lighted,8,Pedestrian,1,Clear,1
48,Texas,480419,KERR (265),KERRVILLE,1,January,4,Wednesday,2024,14,2:00pm-2:59pm,2,Urban,3,Other Principal Arterial,30.04413333,-99.14436389,1,Daylight,15,Non-Motorist on Personal Conveyance,1,Clear,1
48,Texas,480420,BEXAR (29),ELMENDORF,2,February,3,Tuesday,2024,16,4:00pm-4:59pm,2,Urban,3,Other Principal Arterial,29.27368056,-98.31863611,2,Dark - Not Lighted,8,Pedestrian,1,Clear,1
48,Texas,480421,CARSON (65),WHITE DEER,2,February,5,Thursday,2024,18,6:00pm-6:59pm,1,Rural,5,Major Collector,35.441875,-101.1701083,2,Dark - Not Lighted,9,Pedalcyclist,1,Clear,1
48,Texas,480422,JASPER (241),NOT APPLICABLE,2,February,5,Thursday,2024,11,11:00am-11:59am,1,Rural,3,Other Principal Arterial,30.87366389,-94.09760833,1,Daylight,12,Motor Vehicle In-Transport,1,Clear,1
48,Texas,480423,MONTGOMERY (339),NOT APPLICABLE,2,February,6,Friday,2024,18,6:00pm-6:59pm,2,Urban,4,Minor Arterial,30.25853333,-95.40006111,2,Dark - Not Lighted,12,Motor Vehicle In-Transport,1,Clear,2
48,Texas,480424,TARRANT (439),FORT WORTH,2,February,7,Saturday,2024,21,9:00pm-9:59pm,2,Urban,1,Interstate,32.76031667,-97.16175,2,Dark - Not Lighted,12,Motor Vehicle In-Transport,1,Clear,1
48,Texas,480425,HARRIS (201),NOT APPLICABLE,2,February,1,Sunday,2024,23,11:00pm-11:59pm,2,Urban,2,Other Freeways and Expressways,29.88806667,-95.75787222,3,Dark - Lighted,57,Cable Barrier,1,Clear,1
48,Texas,480426,BELL (27),NOT APPLICABLE,2,February,2,Monday,2024,15,3:00pm-3:59pm,1,Rural,5,Major Collector,30.99131389,-97.63395556,1,Daylight,44,"Pavement Surface Irregularity (Ruts, Potholes, Grates, etc.)",1,Clear,1
48,Texas,480427,TARRANT (439),FORT WORTH,2,February,6,Friday,2024,18,6:00pm-6:59pm,2,Urban,3,Other Principal Arterial,32.72235,-97.44364167,5,Dusk,12,Motor Vehicle In-Transport,1,Clear,1
48,Texas,480428,HARRIS (201),NOT APPLICABLE,2,February,7,Saturday,2024,3,3:00am-3:59am,2,Urban,7,Local,30.06495278,-95.58875833,2,Dark - Not Lighted,42,Tree (Standing Only),1,Clear,1
48,Texas,480430,CALHOUN (57),NOT APPLICABLE,2,February,6,Friday,2024,15,3:00pm-3:59pm,1,Rural,4,Minor Arterial,28.69513611,-96.51482778,1,Daylight,38,Fence,10,Cloudy,1
48,Texas,480431,TRAVIS (453),AUSTIN,2,February,2,Monday,2024,17,5:00pm-5:59pm,2,Urban,2,Other Freeways and Expressways,30.24171389,-97.68998611,3,Dark - Lighted,12,Motor Vehicle In-Transport,1,Clear,1
48,Texas,480432,TRAVIS (453),AUSTIN,2,February,5,Thursday,2024,13,1:00pm-1:59pm,2,Urban,6,Minor Collector,30.22196944,-97.7077,1,Daylight,8,Pedestrian,1,Clear,1
48,Texas,480433,TRAVIS (453),AUSTIN,2,February,6,Friday,2024,6,6:00am-6:59am,2,Urban,5,Major Collector,30.34,-97.61808333,3,Dark - Lighted,33,Curb,10,Cloudy,1
48,Texas,480434,ARANSAS (7),ROCKPORT,2,February,1,Sunday,2024,1,1:00am-1:59am,2,Urban,5,Major Collector,28.04805278,-97.03364444,2,Dark - Not Lighted,38,Fence,1,Clear,1
48,Texas,480435,HARRISON (203),NOT APPLICABLE,2,February,4,Wednesday,2024,13,1:00pm-1:59pm,1,Rural,5,Major Collector,32.56992778,-94.48664722,1,Daylight,42,Tree (Standing Only),1,Clear,1
48,Texas,480436,EASTLAND (133),NOT APPLICABLE,2,February,5,Thursday,2024,16,4:00pm-4:59pm,1,Rural,4,Minor Arterial,32.34513889,-98.704175,1,Daylight,12,Motor Vehicle In-Transport,1,Clear,1
48,Texas,480437,MONTGOMERY (339),CONROE,2,February,6,Friday,2024,18,6:00pm-6:59pm,2,Urban,4,Minor Arterial,30.35885556,-95.47428056,3,Dark - Lighted,12,Motor Vehicle In-Transport,1,Clear,1
48,Texas,480438,HARRIS (201),HOUSTON,2,February,7,Saturday,2024,2,2:00am-2:59am,2,Urban,1,Interstate,29.950425,-95.41779167,2,Dark - Not Lighted,12,Motor Vehicle In-Transport,2,Rain,1
48,Texas,480439,HARRIS (201),HOUSTON,2,February,6,Friday,2024,23,11:00pm-11:59pm,2,Urban,1,Interstate,29.71216944,-95.26605,3,Dark - Lighted,25,Concrete Traffic Barrier,10,Cloudy,1
48,Texas,480440,HARRIS (201),HOUSTON,2,February,7,Saturday,2024,23,11:00pm-11:59pm,1,Rural,5,Major Collector,29.68528889,-95.53234444,3,Dark - Lighted,8,Pedestrian,1,Clear,1
48,Texas,480441,DALLAS (113),DALLAS,2,February,1,Sunday,2024,4,4:00am-4:59am,2,Urban,2,Other Freeways and Expressways,32.70234444,-96.65648889,3,Dark - Lighted,12,Motor Vehicle In-Transport,1,Clear,1
48,Texas,480442,WALKER (471),NOT APPLICABLE,1,January,7,Saturday,2024,2,2:00am-2:59am,1,Rural,4,Minor Arterial,30.75948333,-95.51048889,2,Dark - Not Lighted,12,Motor Vehicle In-Transport,2,Rain,1
48,Texas,480443,ANGELINA (5),NOT APPLICABLE,2,February,7,Saturday,2024,3,3:00am-3:59am,1,Rural,4,Minor Arterial,31.11741389,-94.29913889,2,Dark - Not Lighted,1,Rollover/Overturn,1,Clear,1
48,Texas,480444,MARTIN (317),NOT APPLICABLE,2,February,2,Monday,2024,5,5:00am-5:59am,1,Rural,4,Minor Arterial,32.28329444,-101.7631056,2,Dark - Not Lighted,12,Motor Vehicle In-Transport,1,Clear,1
48,Texas,480445,GRIMES (185),NOT APPLICABLE,2,February,3,Tuesday,2024,11,11:00am-11:59am,1,Rural,5,Major Collector,30.60717778,-96.09310278,1,Daylight,1,Rollover/Overturn,1,Clear,1
48,Texas,480446,JEFFERSON (245),NOT APPLICABLE,2,February,4,Wednesday,2024,15,3:00pm-3:59pm,1,Rural,5,Major Collector,29.96533611,-94.40324167,1,Daylight,34,Ditch,1,Clear,1
48,Texas,480447,GREGG (183),LONGVIEW,2,February,7,Saturday,2024,12,12:00pm-12:59pm,2,Urban,7,Local,32.53487778,-94.81715556,1,Daylight,14,Parked Motor Vehicle,1,Clear,1
48,Texas,480448,WICHITA (485),WICHITA FALLS,2,February,7,Saturday,2024,15,3:00pm-3:59pm,2,Urban,3,Other Principal Arterial,33.89457222,-98.44459167,1,Daylight,21,Bridge Pier or Support,1,Clear,1
48,Texas,480449,MONTGOMERY (339),CONROE,2,February,2,Monday,2024,11,11:00am-11:59am,2,Urban,1,Interstate,30.22853889,-95.45776389,1,Daylight,33,Curb,1,Clear,1
48,Texas,480450,ELLIS (139),PALMER,2,February,2,Monday,2024,16,4:00pm-4:59pm,1,Rural,1,Interstate,32.45811389,-96.66266111,1,Daylight,33,Curb,10,Cloudy,1
48,Texas,480451,WILLIAMSON (491),AUSTIN,2,February,1,Sunday,2024,16,4:00pm-4:59pm,2,Urban,7,Local,30.43471111,-97.76000556,1,Daylight,12,Motor Vehicle In-Transport,1,Clear,1
48,Texas,480452,TRAVIS (453),NOT APPLICABLE,2,February,1,Sunday,2024,21,9:00pm-9:59pm,2,Urban,4,Minor Arterial,30.14268333,-97.66933056,3,Dark - Lighted,12,Motor Vehicle In-Transport,1,Clear,3
48,Texas,480453,SHACKELFORD (417),NOT APPLICABLE,2,February,4,Wednesday,2024,15,3:00pm-3:59pm,1,Rural,5,Major Collector,32.64303333,-99.23001111,1,Daylight,12,Motor Vehicle In-Transport,1,Clear,1
48,Texas,480454,DE WITT (123),NOT APPLICABLE,2,February,5,Thursday,2024,22,10:00pm-10:59pm,1,Rural,6,Minor Collector,29.215175,-97.45019722,2,Dark - Not Lighted,39,Wall,1,Clear,1
48,Texas,480455,SMITH (423),LINDALE,2,February,7,Saturday,2024,0,0:00am-0:59am,2,Urban,1,Interstate,32.46888611,-95.43358889,6,Dark - Unknown Lighting,25,Concrete Traffic Barrier,1,Clear,1
48,Texas,480456,BEXAR (29),SAN ANTONIO,2,February,7,Saturday,2024,21,9:00pm-9:59pm,2,Urban,1,Interstate,29.44589167,-98.35796389,2,Dark - Not Lighted,12,Motor Vehicle In-Transport,1,Clear,1
48,Texas,480457,GREGG (183),NOT APPLICABLE,2,February,7,Saturday,2024,8,8:00am-8:59am,1,Rural,1,Interstate,32.43325833,-94.79023333,1,Daylight,12,Motor Vehicle In-Transport,1,Clear,1
48,Texas,480458,HARRIS (201),PASADENA,2,February,3,Tuesday,2024,13,1:00pm-1:59pm,2,Urban,3,Other Principal Arterial,29.63368889,-95.16786111,1,Daylight,12,Motor Vehicle In-Transport,1,Clear,1
48,Texas,480459,SCURRY (415),NOT APPLICABLE,2,February,2,Monday,2024,13,1:00pm-1:59pm,1,Rural,5,Major Collector,32.60559167,-101.0014083,1,Daylight,12,Motor Vehicle In-Transport,1,Clear,1
48,Texas,480460,SCURRY (415),NOT APPLICABLE,2,February,2,Monday,2024,20,8:00pm-8:59pm,1,Rural,3,Other Principal Arterial,32.82043611,-100.9790417,2,Dark - Not Lighted,12,Motor Vehicle In-Transport,1,Clear,2
48,Texas,480461,HARRIS (201),HOUSTON,2,February,2,Monday,2024,17,5:00pm-5:59pm,2,Urban,4,Minor Arterial,29.72558889,-95.59225556,1,Daylight,8,Pedestrian,1,Clear,1
48,Texas,480462,HARRIS (201),HOUSTON,2,February,1,Sunday,2024,20,8:00pm-8:59pm,2,Urban,4,Minor Arterial,29.7319,-95.49001111,3,Dark - Lighted,12,Motor Vehicle In-Transport,1,Clear,2
48,Texas,480463,TAYLOR (441),ABILENE,2,February,3,Tuesday,2024,11,11:00am-11:59am,2,Urban,3,Other Principal Arterial,32.50569167,-99.73961111,1,Daylight,12,Motor Vehicle In-Transport,1,Clear,1
48,Texas,480464,WILLIAMSON (491),TAYLOR,2,February,4,Wednesday,2024,14,2:00pm-2:59pm,1,Rural,4,Minor Arterial,30.54988889,-97.40891944,1,Daylight,12,Motor Vehicle In-Transport,1,Clear,1
48,Texas,480465,DALLAS (113),CARROLLTON,2,February,5,Thursday,2024,10,10:00am-10:59am,2,Urban,5,Major Collector,32.98488056,-96.89029444,1,Daylight,12,Motor Vehicle In-Transport,1,Clear,1
48,Texas,480466,ROCKWALL (397),ROYSE CITY,3,March,7,Saturday,2024,17,5:00pm-5:59pm,2,Urban,1,Interstate,32.9808,-96.29981111,1,Daylight,20,Impact Attenuator/Crash Cushion,1,Clear,1
48,Texas,480467,EL PASO (141),EL PASO,2,February,1,Sunday,2024,17,5:00pm-5:59pm,2,Urban,5,Major Collector,31.91071389,-106.4129417,1,Daylight,12,Motor Vehicle In-Transport,1,Clear,1
48,Texas,480468,DALLAS (113),CARROLLTON,2,February,1,Sunday,2024,18,6:00pm-6:59pm,2,Urban,4,Minor Arterial,32.96897778,-96.85370278,5,Dusk,12,Motor Vehicle In-Transport,1,Clear,1
48,Texas,480469,HIDALGO (215),NOT APPLICABLE,2,February,2,Monday,2024,12,12:00pm-12:59pm,2,Urban,5,Major Collector,26.21373611,-97.97555278,1,Daylight,12,Motor Vehicle In-Transport,1,Clear,1
48,Texas,480470,JIM WELLS (249),ALICE,2,February,7,Saturday,2024,17,5:00pm-5:59pm,2,Urban,3,Other Principal Arterial,27.75096667,-98.06489167,1,Daylight,46,Traffic Signal Support,1,Clear,1
48,Texas,480471,COOKE (97),VALLEY VIEW,2,February,1,Sunday,2024,3,3:00am-3:59am,1,Rural,1,Interstate,33.47119722,-97.16340833,2,Dark - Not Lighted,12,Motor Vehicle In-Transport,1,Clear,1
48,Texas,480472,SABINE (403),NOT APPLICABLE,2,February,2,Monday,2024,8,8:00am-8:59am,1,Rural,3,Other Principal Arterial,31.22344444,-93.986275,1,Daylight,12,Motor Vehicle In-Transport,98,Not Reported,1
48,Texas,480473,HARRIS (201),HOUSTON,2,February,2,Monday,2024,15,3:00pm-3:59pm,2,Urban,5,Major Collector,29.79616389,-95.39797778,1,Daylight,8,Pedestrian,1,Clear,1
48,Texas,480474,ERATH (143),NOT APPLICABLE,2,February,4,Wednesday,2024,16,4:00pm-4:59pm,2,Urban,3,Other Principal Arterial,32.18727222,-98.26339167,1,Daylight,12,Motor Vehicle In-Transport,1,Clear,1
48,Texas,480475,UPSHUR (459),NOT APPLICABLE,2,February,7,Saturday,2024,4,4:00am-4:59am,1,Rural,3,Other Principal Arterial,32.66770278,-94.75230556,2,Dark - Not Lighted,1,Rollover/Overturn,1,Clear,1
48,Texas,480476,BRAZOS (41),BRYAN,2,February,1,Sunday,2024,6,6:00am-6:59am,2,Urban,5,Major Collector,30.67603333,-96.35855,4,Dawn,43,Other Fixed Object,1,Clear,1
48,Texas,480477,DALLAS (113),DALLAS,2,February,2,Monday,2024,3,3:00am-3:59am,2,Urban,1,Interstate,32.793875,-96.70114167,3,Dark - Lighted,8,Pedestrian,1,Clear,1
48,Texas,480478,MIDLAND (329),NOT APPLICABLE,2,February,2,Monday,2024,8,8:00am-8:59am,1,Rural,3,Other Principal Arterial,31.97285833,-102.0034889,1,Daylight,12,Motor Vehicle In-Transport,1,Clear,1
48,Texas,480479,HARRIS (201),NOT APPLICABLE,2,February,3,Tuesday,2024,19,7:00pm-7:59pm,2,Urban,3,Other Principal Arterial,30.00579444,-95.462675,2,Dark - Not Lighted,8,Pedestrian,1,Clear,1
48,Texas,480480,COOKE (97),VALLEY VIEW,3,March,7,Saturday,2024,22,10:00pm-10:59pm,1,Rural,1,Interstate,33.54122222,-97.16614444,2,Dark - Not Lighted,57,Cable Barrier,1,Clear,1
48,Texas,480481,ANDERSON (1),NOT APPLICABLE,3,March,7,Saturday,2024,21,9:00pm-9:59pm,1,Rural,3,Other Principal Arterial,31.89376389,-95.55036111,2,Dark - Not Lighted,1,Rollover/Overturn,1,Clear,1
48,Texas,480482,MONTGOMERY (339),NOT APPLICABLE,3,March,1,Sunday,2024,3,3:00am-3:59am,2,Urban,1,Interstate,30.11351111,-95.43737778,3,Dark - Lighted,12,Motor Vehicle In-Transport,10,Cloudy,1
48,Texas,480483,COLLIN (85),PLANO,2,February,7,Saturday,2024,10,10:00am-10:59am,2,Urban,2,Other Freeways and Expressways,33.00438056,-96.70848611,1,Daylight,25,Concrete Traffic Barrier,1,Clear,1
48,Texas,480484,JOHNSON (251),BURLESON,2,February,1,Sunday,2024,3,3:00am-3:59am,2,Urban,1,Interstate,32.55044722,-97.31809444,3,Dark - Lighted,12,Motor Vehicle In-Transport,1,Clear,1
48,Texas,480485,MATAGORDA (321),BAY CITY,2,February,2,Monday,2024,21,9:00pm-9:59pm,2,Urban,3,Other Principal Arterial,28.98352778,-95.93907222,1,Daylight,12,Motor Vehicle In-Transport,1,Clear,1
48,Texas,480486,HARRIS (201),HOUSTON,2,February,5,Thursday,2024,22,10:00pm-10:59pm,2,Urban,5,Major Collector,29.81239722,-95.42240556,3,Dark - Lighted,8,Pedestrian,1,Clear,1
48,Texas,480487,HARRIS (201),HOUSTON,2,February,2,Monday,2024,13,1:00pm-1:59pm,2,Urban,1,Interstate,29.77738611,-95.42805833,1,Daylight,12,Motor Vehicle In-Transport,1,Clear,1
48,Texas,480488,PARKER (367),Other,2,February,1,Sunday,2024,6,6:00am-6:59am,2,Urban,1,Interstate,32.72966389,-97.60312778,1,Daylight,8,Pedestrian,1,Clear,1
48,Texas,480490,BEXAR (29),NOT APPLICABLE,2,February,5,Thursday,2024,4,4:00am-4:59am,2,Urban,5,Major Collector,29.42133889,-98.78730556,2,Dark - Not Lighted,12,Motor Vehicle In-Transport,1,Clear,1
48,Texas,480491,CAMERON (61),NOT APPLICABLE,2,February,3,Tuesday,2024,14,2:00pm-2:59pm,1,Rural,5,Major Collector,26.13855556,-97.47033889,1,Daylight,12,Motor Vehicle In-Transport,1,Clear,1
48,Texas,480492,LEON (289),NOT APPLICABLE,2,February,4,Wednesday,2024,22,10:00pm-10:59pm,2,Urban,1,Interstate,31.38761389,-96.02692222,2,Dark - Not Lighted,12,Motor Vehicle In-Transport,1,Clear,1
48,Texas,480493,NACOGDOCHES (347),NOT APPLICABLE,2,February,1,Sunday,2024,19,7:00pm-7:59pm,2,Urban,4,Minor Arterial,31.68008889,-94.66563611,2,Dark - Not Lighted,12,Motor Vehicle In-Transport,1,Clear,1
48,Texas,480494,HOCKLEY (219),NOT APPLICABLE,2,February,1,Sunday,2024,15,3:00pm-3:59pm,2,Urban,4,Minor Arterial,33.59361389,-102.3270444,1,Daylight,12,Motor Vehicle In-Transport,1,Clear,1
48,Texas,480495,ECTOR (135),NOT APPLICABLE,2,February,4,Wednesday,2024,0,0:00am-0:59am,2,Urban,4,Minor Arterial,31.89429722,-102.5439472,2,Dark - Not Lighted,12,Motor Vehicle In-Transport,1,Clear,1
48,Texas,480496,EL PASO (141),EL PASO,2,February,5,Thursday,2024,5,5:00am-5:59am,2,Urban,2,Other Freeways and Expressways,31.82623889,-106.4113778,3,Dark - Lighted,8,Pedestrian,10,Cloudy,1
48,Texas,480497,MONTGOMERY (339),NOT APPLICABLE,2,February,5,Thursday,2024,16,4:00pm-4:59pm,2,Urban,5,Major Collector,30.07627222,-95.24460278,1,Daylight,12,Motor Vehicle In-Transport,1,Clear,1
48,Texas,480498,DALLAS (113),DALLAS,3,March,6,Friday,2024,22,10:00pm-10:59pm,2,Urban,1,Interstate,32.67030556,-96.93004167,2,Dark - Not Lighted,12,Motor Vehicle In-Transport,1,Clear,1
48,Texas,480499,TYLER (457),WARREN,3,March,7,Saturday,2024,21,9:00pm-9:59pm,1,Rural,3,Other Principal Arterial,30.61226389,-94.40618611,3,Dark - Lighted,8,Pedestrian,1,Clear,1
48,Texas,480500,JEFFERSON (245),BEAUMONT,3,March,7,Saturday,2024,19,7:00pm-7:59pm,2,Urban,4,Minor Arterial,30.12339722,-94.13909722,2,Dark - Not Lighted,8,Pedestrian,1,Clear,1
48,Texas,480501,SHELBY (419),NOT APPLICABLE,3,March,7,Saturday,2024,20,8:00pm-8:59pm,1,Rural,5,Major Collector,31.91551667,-93.99489722,2,Dark - Not Lighted,59,Traffic Sign Support,10,Cloudy,1