STATE,STATENAME,ST_CASE,COUNTYNAME,CITYNAME,MONTH,MONTHNAME,DAY_WEEK,DAY_WEEKNAME,YEAR,HOUR,HOURNAME,RUR_URB,RUR_URBNAME,FUNC_SYS,FUNC_SYSNAME,LATITUDE,LONGITUD,LGT_COND,LGT_CONDNAME,HARM_EV,HARM_EVNAME,WEATHER,WEATHERNAME,FATALS
48,Texas,480880,HARRIS (201),NOT APPLICABLE,4,April,7,Saturday,2024,2,2:00am-2:59am,1,Rural,5,Major Collector,29.853075,-94.99674444,2,Dark - Not Lighted,12,Motor Vehicle In-Transport,1,Clear,1
48,Texas,480881,DENTON (121),DENTON,4,April,1,Sunday,2024,2,2:00am-2:59am,2,Urban,3,Other Principal Arterial,33.20140833,-97.09129722,3,Dark - Lighted,33,Curb,1,Clear,1
48,Texas,480882,DALLAS (113),DALLAS,4,April,1,Sunday,2024,0,0:00am-0:59am,2,Urban,1,Interstate,32.88401389,-96.89799167,3,Dark - Lighted,8,Pedestrian,1,Clear,1
48,Texas,480883,SMITH (423),TYLER,4,April,1,Sunday,2024,2,2:00am-2:59am,2,Urban,3,Other Principal Arterial,32.39135,-95.30958056,2,Dark - Not Lighted,12,Motor Vehicle In-Transport,10,Cloudy,1
48,Texas,480884,HARRIS (201),NOT APPLICABLE,4,April,4,Wednesday,2024,7,7:00am-7:59am,2,Urban,5,Major Collector,29.84185833,-95.03815,8,Not Reported,30,Utility Pole/Light Support,10,Cloudy,1
48,Texas,480886,BEXAR (29),SAN ANTONIO,2,February,5,Thursday,2024,20,8:00pm-8:59pm,2,Urban,4,Minor Arterial,29.55661667,-98.54812778,3,Dark - Lighted,12,Motor Vehicle In-Transport,1,Clear,1
48,Texas,480887,REEVES (389),NOT APPLICABLE,3,March,2,Monday,2024,11,11:00am-11:59am,1,Rural,3,Other Principal Arterial,31.87918889,-103.9478611,1,Daylight,38,Fence,1,Clear,1
48,Texas,480888,LLANO (299),NOT APPLICABLE,3,March,7,Saturday,2024,16,4:00pm-4:59pm,1,Rural,4,Minor Arterial,30.76673056,-98.78689167,1,Daylight,12,Motor Vehicle In-Transport,1,Clear,1
48,Texas,480889,HAYS (209),NOT APPLICABLE,3,March,7,Saturday,2024,16,4:00pm-4:59pm,1,Rural,7,Local,29.90778611,-97.97757222,1,Daylight,1,Rollover/Overturn,10,Cloudy,1
48,Texas,480890,ATASCOSA (13),NOT APPLICABLE,3,March,7,Saturday,2024,23,11:00pm-11:59pm,1,Rural,7,Local,28.947675,-98.314175,2,Dark - Not Lighted,1,Rollover/Overturn,1,Clear,1
48,Texas,480891,BELL (27),NOT APPLICABLE,3,March,1,Sunday,2024,6,6:00am-6:59am,1,Rural,3,Other Principal Arterial,30.97503333,-97.27113611,1,Daylight,8,Pedestrian,1,Clear,1
48,Texas,480893,ELLIS (139),NOT APPLICABLE,4,April,2,Monday,2024,6,6:00am-6:59am,2,Urban,5,Major Collector,32.452725,-96.78777778,4,Dawn,12,Motor Vehicle In-Transport,1,Clear,1
48,Texas,480894,BEXAR (29),SAN ANTONIO,4,April,5,Thursday,2024,19,7:00pm-7:59pm,2,Urban,3,Other Principal Arterial,29.44814444,-98.65049722,1,Daylight,12,Motor Vehicle In-Transport,1,Clear,1
48,Texas,480895,MARTIN (317),NOT APPLICABLE,4,April,7,Saturday,2024,22,10:00pm-10:59pm,1,Rural,7,Local,32.16004722,-101.8480806,2,Dark - Not Lighted,58,Ground,1,Clear,1
48,Texas,480896,HARRIS (201),NOT APPLICABLE,4,April,1,Sunday,2024,5,5:00am-5:59am,2,Urban,4,Minor Arterial,29.83912222,-95.22730556,2,Dark - Not Lighted,8,Pedestrian,1,Clear,1
48,Texas,480897,BEXAR (29),SAN ANTONIO,4,April,3,Tuesday,2024,21,9:00pm-9:59pm,2,Urban,2,Other Freeways and Expressways,29.40741389,-98.58303056,3,Dark - Lighted,8,Pedestrian,1,Clear,1
48,Texas,480898,ECTOR (135),ODESSA,4,April,5,Thursday,2024,0,0:00am-0:59am,2,Urban,5,Major Collector,31.85173611,-102.3207,3,Dark - Lighted,30,Utility Pole/Light Support,1,Clear,1
48,Texas,480899,WILLIAMSON (491),ROUND ROCK,4,April,5,Thursday,2024,0,0:00am-0:59am,2,Urban,4,Minor Arterial,30.47826111,-97.68526944,3,Dark - Lighted,8,Pedestrian,1,Clear,1
48,Texas,480900,BRAZORIA (39),ANGLETON,2,February,6,Friday,2024,17,5:00pm-5:59pm,2,Urban,5,Major Collector,29.16366389,-95.42401389,3,Dark - Lighted,10,Railway Vehicle,1,Clear,1
48,Texas,480901,HENDERSON (213),ATHENS,3,March,4,Wednesday,2024,12,12:00pm-12:59pm,2,Urban,3,Other Principal Arterial,32.20425833,-95.84824444,1,Daylight,12,Motor Vehicle In-Transport,1,Clear,1
48,Texas,480902,JASPER (241),NOT APPLICABLE,4,April,6,Friday,2024,13,1:00pm-1:59pm,1,Rural,5,Major Collector,30.85923611,-94.02096944,1,Daylight,42,Tree (Standing Only),1,Clear,1
48,Texas,480903,HARRIS (201),HOUSTON,4,April,7,Saturday,2024,22,10:00pm-10:59pm,2,Urban,1,Interstate,29.786625,-95.45227778,2,Dark - Not Lighted,25,Concrete Traffic Barrier,1,Clear,1
48,Texas,480904,WALKER (471),HUNTSVILLE,4,April,3,Tuesday,2024,16,4:00pm-4:59pm,2,Urban,7,Local,30.70696944,-95.51093333,1,Daylight,44,"Pavement Surface Irregularity (Ruts, Potholes, Grates, etc.)",10,Cloudy,1
48,Texas,480905,TRAVIS (453),AUSTIN,4,April,4,Wednesday,2024,20,8:00pm-8:59pm,2,Urban,4,Minor Arterial,30.24740278,-97.77457778,3,Dark - Lighted,15,Non-Motorist on Personal Conveyance,10,Cloudy,1
48,Texas,480906,BRAZORIA (39),PEARLAND,4,April,4,Wednesday,2024,20,8:00pm-8:59pm,2,Urban,3,Other Principal Arterial,29.54663333,-95.23029167,2,Dark - Not Lighted,12,Motor Vehicle In-Transport,10,Cloudy,1
48,Texas,480907,ANDERSON (1),PALESTINE,4,April,6,Friday,2024,0,0:00am-0:59am,2,Urban,3,Other Principal Arterial,31.75258333,-95.62425833,2,Dark - Not Lighted,8,Pedestrian,1,Clear,1
48,Texas,480908,TRAVIS (453),AUSTIN,4,April,6,Friday,2024,2,2:00am-2:59am,2,Urban,3,Other Principal Arterial,30.24398333,-97.72980556,3,Dark - Lighted,8,Pedestrian,1,Clear,1
48,Texas,480909,TARRANT (439),FORT WORTH,4,April,6,Friday,2024,6,6:00am-6:59am,2,Urban,1,Interstate,32.75835,-97.26011111,3,Dark - Lighted,8,Pedestrian,1,Clear,1
48,Texas,480910,DALLAS (113),DALLAS,2,February,1,Sunday,2024,2,2:00am-2:59am,2,Urban,7,Local,32.71315833,-96.78846944,6,Dark - Unknown Lighting,14,Parked Motor Vehicle,1,Clear,1
48,Texas,480911,DALLAS (113),DALLAS,2,February,5,Thursday,2024,8,8:00am-8:59am,2,Urban,1,Interstate,32.81864167,-96.86957778,1,Daylight,12,Motor Vehicle In-Transport,1,Clear,1
48,Texas,480912,DALLAS (113),GARLAND,3,March,7,Saturday,2024,23,11:00pm-11:59pm,2,Urban,4,Minor Arterial,32.92056389,-96.64809722,3,Dark - Lighted,12,Motor Vehicle In-Transport,2,Rain,1
48,Texas,480913,REEVES (389),NOT APPLICABLE,3,March,3,Tuesday,2024,23,11:00pm-11:59pm,1,Rural,3,Other Principal Arterial,31.63905278,-103.6439944,2,Dark - Not Lighted,12,Motor Vehicle In-Transport,1,Clear,1
48,Texas,480914,BEXAR (29),SAN ANTONIO,4,April,3,Tuesday,2024,20,8:00pm-8:59pm,2,Urban,4,Minor Arterial,29.54644444,-98.56374167,3,Dark - Lighted,8,Pedestrian,1,Clear,1
48,Texas,480915,HARRIS (201),HOUSTON,4,April,5,Thursday,2024,9,9:00am-9:59am,2,Urban,4,Minor Arterial,29.66541389,-95.33728333,1,Daylight,12,Motor Vehicle In-Transport,1,Clear,1
48,Texas,480916,MIDLAND (329),NOT APPLICABLE,4,April,5,Thursday,2024,17,5:00pm-5:59pm,2,Urban,3,Other Principal Arterial,31.94796944,-102.1674333,1,Daylight,12,Motor Vehicle In-Transport,1,Clear,1
48,Texas,480918,MARTIN (317),Other,4,April,2,Monday,2024,15,3:00pm-3:59pm,1,Rural,3,Other Principal Arterial,32.09651389,-102.0963611,1,Daylight,12,Motor Vehicle In-Transport,1,Clear,2
48,Texas,480919,RUSK (401),NOT APPLICABLE,4,April,2,Monday,2024,9,9:00am-9:59am,1,Rural,4,Minor Arterial,32.27763333,-94.592025,1,Daylight,42,Tree (Standing Only),1,Clear,1
48,Texas,480920,GRAYSON (181),DENISON,4,April,5,Thursday,2024,8,8:00am-8:59am,2,Urban,2,Other Freeways and Expressways,33.70319444,-96.58783611,1,Daylight,24,Guardrail Face,1,Clear,1
48,Texas,480921,HARRIS (201),BAYTOWN,4,April,5,Thursday,2024,4,4:00am-4:59am,2,Urban,1,Interstate,29.79625278,-95.03511667,2,Dark - Not Lighted,8,Pedestrian,1,Clear,1
48,Texas,480922,POTTER (375),NOT APPLICABLE,4,April,6,Friday,2024,16,4:00pm-4:59pm,1,Rural,3,Other Principal Arterial,35.42347778,-101.8452111,1,Daylight,1,Rollover/Overturn,1,Clear,1
48,Texas,480923,HARRIS (201),SPRING VALLEY,4,April,7,Saturday,2024,3,3:00am-3:59am,2,Urban,1,Interstate,29.78388611,-95.49461667,3,Dark - Lighted,12,Motor Vehicle In-Transport,1,Clear,1
48,Texas,480924,HAYS (209),BUDA,4,April,1,Sunday,2024,0,0:00am-0:59am,2,Urban,4,Minor Arterial,30.07145278,-97.87411111,3,Dark - Lighted,8,Pedestrian,1,Clear,1
48,Texas,480925,COMAL (91),NOT APPLICABLE,4,April,3,Tuesday,2024,8,8:00am-8:59am,1,Rural,4,Minor Arterial,29.70841944,-98.31087778,1,Daylight,12,Motor Vehicle In-Transport,10,Cloudy,1
48,Texas,480926,STARR (427),RIO GRANDE CITY,3,March,5,Thursday,2024,20,8:00pm-8:59pm,2,Urban,4,Minor Arterial,26.39044167,-98.80019444,2,Dark - Not Lighted,8,Pedestrian,1,Clear,1
48,Texas,480927,FREESTONE (161),NOT APPLICABLE,3,March,6,Friday,2024,0,0:00am-0:59am,1,Rural,5,Major Collector,31.62770278,-96.34535833,2,Dark - Not Lighted,12,Motor Vehicle In-Transport,1,Clear,1
48,Texas,480928,ELLIS (139),NOT APPLICABLE,4,April,3,Tuesday,2024,8,8:00am-8:59am,2,Urban,4,Minor Arterial,32.410075,-96.77018056,1,Daylight,12,Motor Vehicle In-Transport,1,Clear,1
48,Texas,480929,ELLIS (139),PALMER,4,April,6,Friday,2024,4,4:00am-4:59am,1,Rural,1,Interstate,32.43440833,-96.66086111,2,Dark - Not Lighted,1,Rollover/Overturn,1,Clear,1
48,Texas,480930,SMITH (423),NOT APPLICABLE,4,April,1,Sunday,2024,20,8:00pm-8:59pm,1,Rural,1,Interstate,32.48138333,-95.50412778,2,Dark - Not Lighted,25,Concrete Traffic Barrier,1,Clear,1
48,Texas,480931,FRIO (163),NOT APPLICABLE,4,April,1,Sunday,2024,22,10:00pm-10:59pm,1,Rural,1,Interstate,28.76198056,-99.13518611,2,Dark - Not Lighted,12,Motor Vehicle In-Transport,1,Clear,1
48,Texas,480932,LLANO (299),NOT APPLICABLE,4,April,5,Thursday,2024,18,6:00pm-6:59pm,1,Rural,4,Minor Arterial,30.74342222,-98.89686944,1,Daylight,42,Tree (Standing Only),1,Clear,1
48,Texas,480934,FORT BEND (157),NOT APPLICABLE,4,April,7,Saturday,2024,12,12:00pm-12:59pm,1,Rural,5,Major Collector,29.44632778,-95.67386667,1,Daylight,43,Other Fixed Object,1,Clear,1
48,Texas,480935,DALLAS (113),DALLAS,3,March,2,Monday,2024,10,10:00am-10:59am,2,Urban,3,Other Principal Arterial,32.66228889,-96.83111944,1,Daylight,12,Motor Vehicle In-Transport,1,Clear,1
48,Texas,480936,BELL (27),NOT APPLICABLE,4,April,2,Monday,2024,11,11:00am-11:59am,1,Rural,3,Other Principal Arterial,30.99349722,-97.28459444,1,Daylight,12,Motor Vehicle In-Transport,1,Clear,1
48,Texas,480937,CASS (67),NOT APPLICABLE,4,April,4,Wednesday,2024,5,5:00am-5:59am,1,Rural,5,Major Collector,33.14444167,-94.18806667,2,Dark - Not Lighted,42,Tree (Standing Only),1,Clear,1
48,Texas,480938,EASTLAND (133),NOT APPLICABLE,4,April,4,Wednesday,2024,0,0:00am-0:59am,1,Rural,4,Minor Arterial,32.273025,-98.5665,2,Dark - Not Lighted,8,Pedestrian,1,Clear,1
48,Texas,480939,CORYELL (99),COPPERAS COVE,4,April,1,Sunday,2024,20,8:00pm-8:59pm,2,Urban,3,Other Principal Arterial,31.09467778,-97.91583333,5,Dusk,1,Rollover/Overturn,1,Clear,1
48,Texas,480940,CALHOUN (57),POINT COMFORT,4,April,3,Tuesday,2024,3,3:00am-3:59am,2,Urban,4,Minor Arterial,28.67848611,-96.55016111,3,Dark - Lighted,12,Motor Vehicle In-Transport,2,Rain,1
48,Texas,480941,TOM GREEN (451),NOT APPLICABLE,4,April,3,Tuesday,2024,14,2:00pm-2:59pm,2,Urban,3,Other Principal Arterial,31.38851944,-100.4204944,1,Daylight,12,Motor Vehicle In-Transport,1,Clear,1
48,Texas,480942,NUECES (355),CORPUS CHRISTI,4,April,3,Tuesday,2024,16,4:00pm-4:59pm,2,Urban,4,Minor Arterial,27.72543611,-97.46574167,1,Daylight,12,Motor Vehicle In-Transport,1,Clear,1
48,Texas,480943,GAINES (165),NOT APPLICABLE,4,April,4,Wednesday,2024,22,10:00pm-10:59pm,1,Rural,3,Other Principal Arterial,32.93260556,-102.5714,2,Dark - Not Lighted,12,Motor Vehicle In-Transport,1,Clear,1
48,Texas,480944,TRAVIS (453),AUSTIN,4,April,4,Wednesday,2024,19,7:00pm-7:59pm,2,Urban,7,Local,30.33431389,-97.67291944,1,Daylight,30,Utility Pole/Light Support,1,Clear,1
48,Texas,480945,VICTORIA (469),VICTORIA,4,April,6,Friday,2024,23,11:00pm-11:59pm,2,Urban,3,Other Principal Arterial,28.87471389,-96.99759722,3,Dark - Lighted,12,Motor Vehicle In-Transport,1,Clear,1
48,Texas,480946,HOOD (221),NOT APPLICABLE,4,April,7,Saturday,2024,1,1:00am-1:59am,1,Rural,5,Major Collector,32.54961944,-97.83291111,2,Dark - Not Lighted,12,Motor Vehicle In-Transport,1,Clear,1
48,Texas,480947,CARSON (65),PANHANDLE,4,April,1,Sunday,2024,12,12:00pm-12:59pm,1,Rural,7,Local,35.34988333,-101.38965,1,Daylight,42,Tree (Standing Only),1,Clear,1
48,Texas,480948,WILLIAMSON (491),LEANDER,4,April,2,Monday,2024,18,6:00pm-6:59pm,2,Urban,3,Other Principal Arterial,30.56329444,-97.84649722,5,Dusk,12,Motor Vehicle In-Transport,1,Clear,1
48,Texas,480949,JEFF DAVIS (243),NOT APPLICABLE,3,March,6,Friday,2024,11,11:00am-11:59am,1,Rural,5,Major Collector,30.914825,-104.1473694,1,Daylight,1,Rollover/Overturn,1,Clear,1
48,Texas,480950,DALLAS (113),BALCH SPRINGS,4,April,4,Wednesday,2024,23,11:00pm-11:59pm,2,Urban,3,Other Principal Arterial,32.73403333,-96.63433889,3,Dark - Lighted,8,Pedestrian,1,Clear,1
48,Texas,480951,TARRANT (439),FORT WORTH,4,April,6,Friday,2024,21,9:00pm-9:59pm,2,Urban,2,Other Freeways and Expressways,32.69920833,-97.26178056,2,Dark - Not Lighted,8,Pedestrian,1,Clear,1
48,Texas,480952,LEE (287),NOT APPLICABLE,4,April,1,Sunday,2024,19,7:00pm-7:59pm,1,Rural,3,Other Principal Arterial,30.25502778,-96.94004444,2,Dark - Not Lighted,1,Rollover/Overturn,1,Clear,1
48,Texas,480953,LEE (287),NOT APPLICABLE,4,April,5,Thursday,2024,23,11:00pm-11:59pm,1,Rural,7,Local,30.146125,-96.93176389,2,Dark - Not Lighted,38,Fence,1,Clear,1
48,Texas,480954,MCLENNAN (309),NOT APPLICABLE,4,April,5,Thursday,2024,4,4:00am-4:59am,1,Rural,5,Major Collector,31.52551667,-97.29111667,3,Dark - Lighted,25,Concrete Traffic Barrier,1,Clear,1
48,Texas,480955,BELL (27),BELTON,4,April,7,Saturday,2024,4,4:00am-4:59am,2,Urban,4,Minor Arterial,31.04874444,-97.486525,2,Dark - Not Lighted,25,Concrete Traffic Barrier,1,Clear,1
48,Texas,480956,ELLIS (139),PALMER,4,April,7,Saturday,2024,2,2:00am-2:59am,1,Rural,1,Interstate,32.42761389,-96.65850278,2,Dark - Not Lighted,12,Motor Vehicle In-Transport,1,Clear,1
48,Texas,480957,PECOS (371),NOT APPLICABLE,4,April,1,Sunday,2024,6,6:00am-6:59am,1,Rural,3,Other Principal Arterial,30.61359722,-103.2861944,2,Dark - Not Lighted,1,Rollover/Overturn,1,Clear,1
48,Texas,480958,DALLAS (113),DALLAS,4,April,4,Wednesday,2024,6,6:00am-6:59am,2,Urban,4,Minor Arterial,32.67941944,-96.67671389,2,Dark - Not Lighted,12,Motor Vehicle In-Transport,1,Clear,1
48,Texas,480959,HARRIS (201),HOUSTON,3,March,7,Saturday,2024,3,3:00am-3:59am,2,Urban,4,Minor Arterial,29.88475556,-95.36920833,3,Dark - Lighted,8,Pedestrian,2,Rain,1
48,Texas,480960,MONTGOMERY (339),NOT APPLICABLE,3,March,5,Thursday,2024,17,5:00pm-5:59pm,2,Urban,2,Other Freeways and Expressways,30.12988611,-95.22072778,1,Daylight,12,Motor Vehicle In-Transport,1,Clear,1
48,Texas,480961,HARRIS (201),NOT APPLICABLE,3,March,1,Sunday,2024,4,4:00am-4:59am,2,Urban,3,Other Principal Arterial,29.71394722,-95.15285556,3,Dark - Lighted,39,Wall,10,Cloudy,1
48,Texas,480962,HARRIS (201),HOUSTON,4,April,5,Thursday,2024,9,9:00am-9:59am,2,Urban,5,Major Collector,29.784525,-95.484675,1,Daylight,12,Motor Vehicle In-Transport,1,Clear,1
48,Texas,480963,JEFFERSON (245),NOT APPLICABLE,4,April,2,Monday,2024,18,6:00pm-6:59pm,1,Rural,3,Other Principal Arterial,30.04256111,-94.37351389,1,Daylight,12,Motor Vehicle In-Transport,10,Cloudy,1
48,Texas,480964,BELL (27),NOT APPLICABLE,4,April,3,Tuesday,2024,19,7:00pm-7:59pm,2,Urban,7,Local,31.08445833,-97.42297778,2,Dark - Not Lighted,3,Immersion or Partial Immersion,2,Rain,1
48,Texas,480965,PECOS (371),FORT STOCKTON,4,April,1,Sunday,2024,14,2:00pm-2:59pm,2,Urban,3,Other Principal Arterial,30.8981,-102.9044472,1,Daylight,12,Motor Vehicle In-Transport,1,Clear,1
48,Texas,480966,TARRANT (439),GRAPEVINE,4,April,3,Tuesday,2024,23,11:00pm-11:59pm,2,Urban,3,Other Principal Arterial,32.96561667,-97.03631111,3,Dark - Lighted,12,Motor Vehicle In-Transport,1,Clear,1
48,Texas,480967,DENTON (121),FRISCO,4,April,3,Tuesday,2024,4,4:00am-4:59am,2,Urban,3,Other Principal Arterial,33.17851111,-96.88650833,3,Dark - Lighted,30,Utility Pole/Light Support,10,Cloudy,1
48,Texas,480968,GALVESTON (167),TEXAS CITY,4,April,5,Thursday,2024,22,10:00pm-10:59pm,2,Urban,4,Minor Arterial,29.35896667,-94.92727222,2,Dark - Not Lighted,59,Traffic Sign Support,10,Cloudy,1
48,Texas,480969,SMITH (423),TYLER,4,April,6,Friday,2024,22,10:00pm-10:59pm,2,Urban,3,Other Principal Arterial,32.31876667,-95.32458611,3,Dark - Lighted,8,Pedestrian,10,Cloudy,1
48,Texas,480970,ECTOR (135),ODESSA,4,April,7,Saturday,2024,5,5:00am-5:59am,2,Urban,3,Other Principal Arterial,31.89154444,-102.3422444,3,Dark - Lighted,30,Utility Pole/Light Support,2,Rain,1
48,Texas,480971,HARRIS (201),HOUSTON,1,January,2,Monday,2024,5,5:00am-5:59am,2,Urban,4,Minor Arterial,29.626125,-95.27101667,3,Dark - Lighted,38,Fence,2,Rain,1
48,Texas,480972,HARRIS (201),HOUSTON,3,March,1,Sunday,2024,4,4:00am-4:59am,2,Urban,1,Interstate,29.85457778,-95.39909167,3,Dark - Lighted,5,Fell/Jumped from Vehicle,1,Clear,1
48,Texas,480973,HARRIS (201),HOUSTON,4,April,3,Tuesday,2024,4,4:00am-4:59am,2,Urban,3,Other Principal Arterial,29.82680278,-95.49535,2,Dark - Not Lighted,12,Motor Vehicle In-Transport,1,Clear,1
48,Texas,480974,HARRIS (201),NOT APPLICABLE,4,April,4,Wednesday,2024,17,5:00pm-5:59pm,2,Urban,4,Minor Arterial,29.800625,-95.14228056,1,Daylight,8,Pedestrian,1,Clear,1
48,Texas,480975,DALLAS (113),DALLAS,4,April,5,Thursday,2024,21,9:00pm-9:59pm,2,Urban,1,Interstate,32.91504167,-96.86646111,3,Dark - Lighted,8,Pedestrian,1,Clear,1
48,Texas,480976,LIBERTY (291),NOT APPLICABLE,4,April,2,Monday,2024,21,9:00pm-9:59pm,1,Rural,5,Major Collector,29.94232222,-94.84075,2,Dark - Not Lighted,8,Pedestrian,1,Clear,1
48,Texas,480977,HARRIS (201),NOT APPLICABLE,4,April,6,Friday,2024,17,5:00pm-5:59pm,2,Urban,4,Minor Arterial,29.88375,-95.13811944,1,Daylight,42,Tree (Standing Only),1,Clear,1
48,Texas,480978,HARRIS (201),NOT APPLICABLE,4,April,7,Saturday,2024,2,2:00am-2:59am,2,Urban,3,Other Principal Arterial,29.89811944,-95.46236944,2,Dark - Not Lighted,12,Motor Vehicle In-Transport,1,Clear,1
48,Texas,480979,HARRIS (201),HOUSTON,4,April,2,Monday,2024,21,9:00pm-9:59pm,2,Urban,2,Other Freeways and Expressways,29.71977222,-95.37746111,2,Dark - Not Lighted,8,Pedestrian,1,Clear,1
48,Texas,480980,EL PASO (141),EL PASO,4,April,3,Tuesday,2024,23,11:00pm-11:59pm,2,Urban,1,Interstate,31.77803333,-106.4524,3,Dark - Lighted,12,Motor Vehicle In-Transport,1,Clear,1
48,Texas,480981,NEWTON (351),NOT APPLICABLE,4,April,4,Wednesday,2024,3,3:00am-3:59am,1,Rural,4,Minor Arterial,30.54626667,-93.80398056,2,Dark - Not Lighted,12,Motor Vehicle In-Transport,1,Clear,1
48,Texas,480982,GLASSCOCK (173),NOT APPLICABLE,4,April,6,Friday,2024,11,11:00am-11:59am,1,Rural,5,Major Collector,31.65513333,-101.7412028,1,Daylight,12,Motor Vehicle In-Transport,10,Cloudy,1
48,Texas,480983,LEON (289),NOT APPLICABLE,4,April,6,Friday,2024,23,11:00pm-11:59pm,1,Rural,5,Major Collector,31.24075556,-96.13234444,2,Dark - Not Lighted,1,Rollover/Overturn,1,Clear,1
48,Texas,480984,BEXAR (29),SAN ANTONIO,4,April,7,Saturday,2024,1,1:00am-1:59am,2,Urban,2,Other Freeways and Expressways,29.40486111,-98.55654444,3,Dark - Lighted,12,Motor Vehicle In-Transport,1,Clear,1
48,Texas,480985,TARRANT (439),FORT WORTH,4,April,7,Saturday,2024,3,3:00am-3:59am,2,Urban,4,Minor Arterial,32.82878611,-97.42071944,3,Dark - Lighted,33,Curb,1,Clear,1
48,Texas,480986,BEXAR (29),SAN ANTONIO,4,April,1,Sunday,2024,17,5:00pm-5:59pm,2,Urban,3,Other Principal Arterial,29.43569722,-98.70434722,1,Daylight,12,Motor Vehicle In-Transport,1,Clear,1
48,Texas,480987,BEXAR (29),NOT APPLICABLE,4,April,3,Tuesday,2024,6,6:00am-6:59am,2,Urban,3,Other Principal Arterial,29.29074722,-98.35649722,2,Dark - Not Lighted,12,Motor Vehicle In-Transport,1,Clear,1
48,Texas,480988,DENTON (121),DENTON,4,April,5,Thursday,2024,16,4:00pm-4:59pm,1,Rural,5,Major Collector,33.26088611,-97.13140278,1,Daylight,12,Motor Vehicle In-Transport,1,Clear,1
48,Texas,480989,MONTGOMERY (339),NOT APPLICABLE,4,April,6,Friday,2024,21,9:00pm-9:59pm,2,Urban,5,Major Collector,30.38901944,-95.65624444,2,Dark - Not Lighted,12,Motor Vehicle In-Transport,10,Cloudy,1
48,Texas,480990,YOAKUM (501),NOT APPLICABLE,4,April,6,Friday,2024,7,7:00am-7:59am,1,Rural,5,Major Collector,32.96443333,-103.0645833,1,Daylight,12,Motor Vehicle In-Transport,1,Clear,1
48,Texas,480991,NUECES (355),CORPUS CHRISTI,4,April,2,Monday,2024,20,8:00pm-8:59pm,2,Urban,5,Major Collector,27.77530278,-97.42380556,3,Dark - Lighted,8,Pedestrian,1,Clear,1
48,Texas,480992,HARRIS (201),NOT APPLICABLE,4,April,2,Monday,2024,13,1:00pm-1:59pm,1,Rural,3,Other Principal Arterial,29.94677222,-95.01979167,1,Daylight,42,Tree (Standing Only),10,Cloudy,1
48,Texas,480993,BOSQUE (35),NOT APPLICABLE,4,April,3,Tuesday,2024,13,1:00pm-1:59pm,1,Rural,5,Major Collector,32.01805833,-97.78485278,1,Daylight,12,Motor Vehicle In-Transport,1,Clear,2
48,Texas,480994,BEXAR (29),NOT APPLICABLE,4,April,3,Tuesday,2024,7,7:00am-7:59am,2,Urban,3,Other Principal Arterial,29.61876944,-98.78357222,2,Dark - Not Lighted,12,Motor Vehicle In-Transport,2,Rain,1
48,Texas,480995,SMITH (423),LINDALE,4,April,6,Friday,2024,20,8:00pm-8:59pm,2,Urban,3,Other Principal Arterial,32.47020278,-95.38862778,3,Dark - Lighted,8,Pedestrian,10,Cloudy,1
48,Texas,480996,COLLIN (85),ALLEN,4,April,6,Friday,2024,23,11:00pm-11:59pm,2,Urban,4,Minor Arterial,33.10925833,-96.62396944,3,Dark - Lighted,31,"Post, Pole or Other Supports",1,Clear,1
48,Texas,480997,KINNEY (271),NOT APPLICABLE,4,April,6,Friday,2024,6,6:00am-6:59am,1,Rural,3,Other Principal Arterial,29.23939167,-100.1657333,4,Dawn,12,Motor Vehicle In-Transport,10,Cloudy,2
48,Texas,480998,HARRIS (201),NOT APPLICABLE,4,April,7,Saturday,2024,13,1:00pm-1:59pm,2,Urban,3,Other Principal Arterial,29.86755278,-95.53436667,1,Daylight,12,Motor Vehicle In-Transport,2,Rain,1
48,Texas,480999,POTTER (375),NOT APPLICABLE,4,April,7,Saturday,2024,1,1:00am-1:59am,1,Rural,1,Interstate,35.20683889,-101.6372167,2,Dark - Not Lighted,12,Motor Vehicle In-Transport,1,Clear,1
48,Texas,481000,TARRANT (439),FORT WORTH,4,April,1,Sunday,2024,17,5:00pm-5:59pm,2,Urban,4,Minor Arterial,32.74605556,-97.23187222,1,Daylight,12,Motor Vehicle In-Transport,1,Clear,1
48,Texas,481001,CALDWELL (55),NOT APPLICABLE,4,April,1,Sunday,2024,17,5:00pm-5:59pm,1,Rural,5,Major Collector,30.02378333,-97.66648056,1,Daylight,1,Rollover/Overturn,1,Clear,1
48,Texas,481002,JEFFERSON (245),BEAUMONT,4,April,2,Monday,2024,17,5:00pm-5:59pm,2,Urban,2,Other Freeways and Expressways,30.04223333,-94.12876111,1,Daylight,8,Pedestrian,1,Clear,1
48,Texas,481003,POTTER (375),AMARILLO,4,April,3,Tuesday,2024,10,10:00am-10:59am,2,Urban,1,Interstate,35.19341389,-101.8051917,1,Daylight,12,Motor Vehicle In-Transport,1,Clear,1
48,Texas,481004,HILL (217),NOT APPLICABLE,4,April,2,Monday,2024,2,2:00am-2:59am,1,Rural,3,Other Principal Arterial,31.72240833,-96.92566944,2,Dark - Not Lighted,1,Rollover/Overturn,1,Clear,2
48,Texas,481005,DALLAS (113),GRAND PRAIRIE,4,April,1,Sunday,2024,1,1:00am-1:59am,2,Urban,3,Other Principal Arterial,32.72301389,-97.01535278,3,Dark - Lighted,1,Rollover/Overturn,10,Cloudy,1