STATE,STATENAME,ST_CASE,COUNTYNAME,CITYNAME,MONTH,MONTHNAME,DAY_WEEK,DAY_WEEKNAME,YEAR,HOUR,HOURNAME,RUR_URB,RUR_URBNAME,FUNC_SYS,FUNC_SYSNAME,LATITUDE,LONGITUD,LGT_COND,LGT_CONDNAME,HARM_EV,HARM_EVNAME,WEATHER,WEATHERNAME,FATALS
48,Texas,481389,RUSK (401),NOT APPLICABLE,5,May,6,Friday,2024,20,8:00pm-8:59pm,1,Rural,3,Other Principal Arterial,32.33861667,-94.86841389,3,Dark - Lighted,1,Rollover/Overturn,10,Cloudy,1
48,Texas,481390,COLLIN (85),PLANO,5,May,6,Friday,2024,22,10:00pm-10:59pm,2,Urban,3,Other Principal Arterial,33.00706667,-96.67698611,2,Dark - Not Lighted,8,Pedestrian,10,Cloudy,1
48,Texas,481391,WILLIAMSON (491),HUTTO,5,May,7,Saturday,2024,18,6:00pm-6:59pm,2,Urban,5,Major Collector,30.55860556,-97.57029444,1,Daylight,12,Motor Vehicle In-Transport,1,Clear,1
48,Texas,481392,BLANCO (31),NOT APPLICABLE,5,May,1,Sunday,2024,7,7:00am-7:59am,1,Rural,3,Other Principal Arterial,30.25435833,-98.38931667,1,Daylight,42,Tree (Standing Only),1,Clear,1
48,Texas,481393,ELLIS (139),MIDLOTHIAN,5,May,2,Monday,2024,7,7:00am-7:59am,2,Urban,3,Other Principal Arterial,32.46332222,-96.98642778,1,Daylight,1,Rollover/Overturn,5,"Fog, Smog, Smoke",1
48,Texas,481394,COOKE (97),GAINESVILLE,5,May,1,Sunday,2024,5,5:00am-5:59am,1,Rural,1,Interstate,33.609775,-97.15254722,2,Dark - Not Lighted,12,Motor Vehicle In-Transport,2,Rain,2
48,Texas,481395,SAN JACINTO (407),NOT APPLICABLE,4,April,7,Saturday,2024,13,1:00pm-1:59pm,1,Rural,5,Major Collector,30.85287778,-95.32539722,1,Daylight,1,Rollover/Overturn,2,Rain,1
48,Texas,481396,HIDALGO (215),PHARR,4,April,6,Friday,2024,18,6:00pm-6:59pm,2,Urban,7,Local,26.20408611,-98.17378889,1,Daylight,9,Pedalcyclist,1,Clear,1
48,Texas,481397,HARRIS (201),HOUSTON,5,May,5,Thursday,2024,22,10:00pm-10:59pm,2,Urban,1,Interstate,29.82575,-95.38025556,2,Dark - Not Lighted,8,Pedestrian,2,Rain,1
48,Texas,481398,COLLIN (85),PLANO,5,May,6,Friday,2024,11,11:00am-11:59am,2,Urban,4,Minor Arterial,33.04207778,-96.78163333,1,Daylight,12,Motor Vehicle In-Transport,1,Clear,1
48,Texas,481399,NUECES (355),CORPUS CHRISTI,5,May,7,Saturday,2024,18,6:00pm-6:59pm,2,Urban,5,Major Collector,27.76603889,-97.40458333,1,Daylight,8,Pedestrian,1,Clear,1
48,Texas,481400,HILL (217),NOT APPLICABLE,5,May,7,Saturday,2024,20,8:00pm-8:59pm,1,Rural,4,Minor Arterial,31.97744722,-97.24806667,2,Dark - Not Lighted,12,Motor Vehicle In-Transport,1,Clear,1
48,Texas,481401,NAVARRO (349),RICE,5,May,1,Sunday,2024,6,6:00am-6:59am,1,Rural,1,Interstate,32.22964722,-96.48886389,2,Dark - Not Lighted,12,Motor Vehicle In-Transport,10,Cloudy,1
48,Texas,481402,BASTROP (21),NOT APPLICABLE,5,May,2,Monday,2024,14,2:00pm-2:59pm,2,Urban,3,Other Principal Arterial,30.33140833,-97.34854444,1,Daylight,12,Motor Vehicle In-Transport,1,Clear,1
48,Texas,481403,MONTGOMERY (339),CONROE,5,May,4,Wednesday,2024,18,6:00pm-6:59pm,2,Urban,5,Major Collector,30.36624167,-95.48216667,1,Daylight,12,Motor Vehicle In-Transport,10,Cloudy,1
48,Texas,481404,GALVESTON (167),NOT APPLICABLE,5,May,5,Thursday,2024,21,9:00pm-9:59pm,2,Urban,4,Minor Arterial,29.50479167,-94.95811389,2,Dark - Not Lighted,8,Pedestrian,1,Clear,1
48,Texas,481405,HIDALGO (215),PHARR,5,May,5,Thursday,2024,21,9:00pm-9:59pm,2,Urban,1,Interstate,26.23903611,-98.17708056,3,Dark - Lighted,14,Parked Motor Vehicle,1,Clear,1
48,Texas,481406,PARKER (367),WEATHERFORD,5,May,6,Friday,2024,5,5:00am-5:59am,2,Urban,4,Minor Arterial,32.72799444,-97.788675,2,Dark - Not Lighted,8,Pedestrian,10,Cloudy,1
48,Texas,481407,CALHOUN (57),NOT APPLICABLE,5,May,1,Sunday,2024,2,2:00am-2:59am,2,Urban,5,Major Collector,28.58427778,-96.62152222,2,Dark - Not Lighted,42,Tree (Standing Only),1,Clear,2
48,Texas,481408,HOUSTON (225),NOT APPLICABLE,5,May,6,Friday,2024,9,9:00am-9:59am,1,Rural,3,Other Principal Arterial,31.38861667,-94.97802778,1,Daylight,12,Motor Vehicle In-Transport,1,Clear,1
48,Texas,481409,BEXAR (29),SAN ANTONIO,5,May,1,Sunday,2024,3,3:00am-3:59am,2,Urban,2,Other Freeways and Expressways,29.40504722,-98.56149444,3,Dark - Lighted,20,Impact Attenuator/Crash Cushion,1,Clear,1
48,Texas,481410,MAVERICK (323),NOT APPLICABLE,4,April,7,Saturday,2024,23,11:00pm-11:59pm,2,Urban,3,Other Principal Arterial,28.77473889,-100.5048167,3,Dark - Lighted,1,Rollover/Overturn,1,Clear,1
48,Texas,481411,COLLIN (85),CELINA,5,May,3,Tuesday,2024,9,9:00am-9:59am,2,Urban,3,Other Principal Arterial,33.28633611,-96.78368333,1,Daylight,12,Motor Vehicle In-Transport,1,Clear,1
48,Texas,481412,MONTGOMERY (339),NOT APPLICABLE,5,May,6,Friday,2024,19,7:00pm-7:59pm,2,Urban,7,Local,30.11565,-95.25078333,1,Daylight,12,Motor Vehicle In-Transport,1,Clear,1
48,Texas,481413,BEXAR (29),NOT APPLICABLE,5,May,6,Friday,2024,8,8:00am-8:59am,2,Urban,4,Minor Arterial,29.23269167,-98.35350278,1,Daylight,12,Motor Vehicle In-Transport,1,Clear,1
48,Texas,481414,WOOD (499),NOT APPLICABLE,5,May,7,Saturday,2024,14,2:00pm-2:59pm,1,Rural,4,Minor Arterial,32.75319444,-95.47113889,1,Daylight,12,Motor Vehicle In-Transport,1,Clear,1
48,Texas,481415,COMAL (91),FISCHER,5,May,7,Saturday,2024,14,2:00pm-2:59pm,1,Rural,4,Minor Arterial,29.97482222,-98.26357222,1,Daylight,12,Motor Vehicle In-Transport,1,Clear,1
48,Texas,481416,WILLIAMSON (491),NOT APPLICABLE,5,May,2,Monday,2024,17,5:00pm-5:59pm,1,Rural,7,Local,30.79156111,-97.57451944,1,Daylight,42,Tree (Standing Only),1,Clear,1
48,Texas,481417,TOM GREEN (451),NOT APPLICABLE,5,May,4,Wednesday,2024,10,10:00am-10:59am,1,Rural,7,Local,31.34195556,-100.1775222,1,Daylight,8,Pedestrian,1,Clear,1
48,Texas,481418,BANDERA (19),NOT APPLICABLE,5,May,4,Wednesday,2024,18,6:00pm-6:59pm,1,Rural,3,Other Principal Arterial,29.73910833,-98.97168333,1,Daylight,12,Motor Vehicle In-Transport,1,Clear,1
48,Texas,481419,HARRIS (201),HOUSTON,5,May,7,Saturday,2024,1,1:00am-1:59am,2,Urban,5,Major Collector,29.78436944,-95.62963333,2,Dark - Not Lighted,8,Pedestrian,1,Clear,1
48,Texas,481420,HARRIS (201),NOT APPLICABLE,5,May,4,Wednesday,2024,21,9:00pm-9:59pm,2,Urban,3,Other Principal Arterial,29.99943333,-95.21247778,2,Dark - Not Lighted,12,Motor Vehicle In-Transport,10,Cloudy,1
48,Texas,481421,HARRIS (201),NOT APPLICABLE,5,May,6,Friday,2024,18,6:00pm-6:59pm,2,Urban,2,Other Freeways and Expressways,29.93871667,-95.26866111,1,Daylight,12,Motor Vehicle In-Transport,1,Clear,1
48,Texas,481422,HARRIS (201),NOT APPLICABLE,5,May,6,Friday,2024,0,0:00am-0:59am,2,Urban,4,Minor Arterial,29.88815833,-95.52477778,2,Dark - Not Lighted,42,Tree (Standing Only),10,Cloudy,1
48,Texas,481424,HARRIS (201),NOT APPLICABLE,5,May,1,Sunday,2024,8,8:00am-8:59am,2,Urban,5,Major Collector,29.92771389,-95.2875,1,Daylight,43,Other Fixed Object,10,Cloudy,1
48,Texas,481425,ORANGE (361),VIDOR,5,May,1,Sunday,2024,17,5:00pm-5:59pm,2,Urban,4,Minor Arterial,30.15298056,-94.01790278,1,Daylight,12,Motor Vehicle In-Transport,10,Cloudy,1
48,Texas,481426,HARRIS (201),NOT APPLICABLE,5,May,2,Monday,2024,18,6:00pm-6:59pm,2,Urban,4,Minor Arterial,29.75534444,-95.720625,1,Daylight,12,Motor Vehicle In-Transport,1,Clear,1
48,Texas,481427,COLLIN (85),CELINA,5,May,1,Sunday,2024,0,0:00am-0:59am,1,Rural,7,Local,33.33525,-96.80129722,2,Dark - Not Lighted,42,Tree (Standing Only),1,Clear,1
48,Texas,481428,GRAYSON (181),SHERMAN,5,May,5,Thursday,2024,10,10:00am-10:59am,1,Rural,5,Major Collector,33.52996389,-96.62264722,1,Daylight,12,Motor Vehicle In-Transport,2,Rain,1
48,Texas,481429,HARRIS (201),HOUSTON,4,April,7,Saturday,2024,2,2:00am-2:59am,2,Urban,1,Interstate,29.96363889,-95.41881389,3,Dark - Lighted,12,Motor Vehicle In-Transport,1,Clear,1
48,Texas,481430,ANDREWS (3),NOT APPLICABLE,5,May,1,Sunday,2024,13,1:00pm-1:59pm,1,Rural,4,Minor Arterial,32.21134167,-102.6893861,1,Daylight,35,Embankment,1,Clear,1
48,Texas,481431,BEXAR (29),SAN ANTONIO,5,May,2,Monday,2024,15,3:00pm-3:59pm,2,Urban,5,Major Collector,29.48609444,-98.65873889,1,Daylight,40,Fire Hydrant,1,Clear,1
48,Texas,481432,DALLAS (113),DALLAS,5,May,5,Thursday,2024,20,8:00pm-8:59pm,2,Urban,7,Local,32.73408056,-96.656975,3,Dark - Lighted,12,Motor Vehicle In-Transport,10,Cloudy,1
48,Texas,481433,CALDWELL (55),Other,5,May,2,Monday,2024,17,5:00pm-5:59pm,1,Rural,3,Other Principal Arterial,30.02514444,-97.70030556,1,Daylight,12,Motor Vehicle In-Transport,1,Clear,1
48,Texas,481434,WILLIAMSON (491),NOT APPLICABLE,5,May,3,Tuesday,2024,12,12:00pm-12:59pm,2,Urban,3,Other Principal Arterial,30.54661667,-97.75114722,1,Daylight,12,Motor Vehicle In-Transport,1,Clear,1
48,Texas,481435,HOOD (221),GRANBURY,5,May,5,Thursday,2024,15,3:00pm-3:59pm,2,Urban,4,Minor Arterial,32.405725,-97.79088889,1,Daylight,46,Traffic Signal Support,2,Rain,1
48,Texas,481436,EL PASO (141),EL PASO,5,May,6,Friday,2024,23,11:00pm-11:59pm,2,Urban,1,Interstate,31.77826667,-106.4514194,3,Dark - Lighted,1,Rollover/Overturn,1,Clear,1
48,Texas,481437,CALDWELL (55),NOT APPLICABLE,5,May,6,Friday,2024,19,7:00pm-7:59pm,1,Rural,7,Local,29.99114167,-97.63071389,1,Daylight,9,Pedalcyclist,1,Clear,1
48,Texas,481438,KENDALL (259),NOT APPLICABLE,5,May,1,Sunday,2024,18,6:00pm-6:59pm,1,Rural,4,Minor Arterial,29.98551111,-98.77691111,1,Daylight,1,Rollover/Overturn,1,Clear,1
48,Texas,481439,BEXAR (29),SAN ANTONIO,5,May,5,Thursday,2024,22,10:00pm-10:59pm,2,Urban,3,Other Principal Arterial,29.48893056,-98.43065833,2,Dark - Not Lighted,8,Pedestrian,10,Cloudy,1
48,Texas,481440,FREESTONE (161),NOT APPLICABLE,4,April,1,Sunday,2024,12,12:00pm-12:59pm,1,Rural,7,Local,31.81592778,-96.45481111,1,Daylight,10,Railway Vehicle,1,Clear,1
48,Texas,481441,ECTOR (135),NOT APPLICABLE,5,May,1,Sunday,2024,13,1:00pm-1:59pm,2,Urban,7,Local,31.85816667,-102.5321778,1,Daylight,12,Motor Vehicle In-Transport,1,Clear,1
48,Texas,481442,DALLAS (113),GRAND PRAIRIE,5,May,3,Tuesday,2024,15,3:00pm-3:59pm,2,Urban,5,Major Collector,32.69267222,-97.02505,1,Daylight,12,Motor Vehicle In-Transport,1,Clear,1
48,Texas,481443,NUECES (355),CORPUS CHRISTI,5,May,3,Tuesday,2024,18,6:00pm-6:59pm,2,Urban,4,Minor Arterial,27.73018333,-97.13808889,1,Daylight,12,Motor Vehicle In-Transport,1,Clear,2
48,Texas,481444,WASHINGTON (477),NOT APPLICABLE,5,May,5,Thursday,2024,18,6:00pm-6:59pm,1,Rural,4,Minor Arterial,30.35996944,-96.34695278,1,Daylight,12,Motor Vehicle In-Transport,2,Rain,1
48,Texas,481445,TRAVIS (453),AUSTIN,5,May,6,Friday,2024,1,1:00am-1:59am,2,Urban,5,Major Collector,30.28558889,-97.66404167,3,Dark - Lighted,12,Motor Vehicle In-Transport,1,Clear,1
48,Texas,481446,NUECES (355),CORPUS CHRISTI,5,May,6,Friday,2024,2,2:00am-2:59am,2,Urban,2,Other Freeways and Expressways,27.71479444,-97.38433056,3,Dark - Lighted,12,Motor Vehicle In-Transport,1,Clear,1
48,Texas,481447,BELL (27),NOT APPLICABLE,5,May,6,Friday,2024,19,7:00pm-7:59pm,1,Rural,1,Interstate,30.94016667,-97.5403,1,Daylight,14,Parked Motor Vehicle,1,Clear,1
48,Texas,481448,TRAVIS (453),AUSTIN,5,May,7,Saturday,2024,3,3:00am-3:59am,2,Urban,5,Major Collector,30.33001944,-97.62773611,2,Dark - Not Lighted,8,Pedestrian,1,Clear,1
48,Texas,481449,TRAVIS (453),AUSTIN,5,May,7,Saturday,2024,21,9:00pm-9:59pm,2,Urban,4,Minor Arterial,30.23663889,-97.74809167,2,Dark - Not Lighted,12,Motor Vehicle In-Transport,1,Clear,2
48,Texas,481450,POTTER (375),NOT APPLICABLE,5,May,7,Saturday,2024,10,10:00am-10:59am,2,Urban,3,Other Principal Arterial,35.24536389,-101.9335306,1,Daylight,12,Motor Vehicle In-Transport,1,Clear,1
48,Texas,481451,BELL (27),TEMPLE,5,May,1,Sunday,2024,0,0:00am-0:59am,2,Urban,3,Other Principal Arterial,31.11970833,-97.42348611,2,Dark - Not Lighted,8,Pedestrian,1,Clear,2
48,Texas,481452,SAN PATRICIO (409),NOT APPLICABLE,5,May,2,Monday,2024,10,10:00am-10:59am,2,Urban,5,Major Collector,28.05767222,-97.50905833,1,Daylight,12,Motor Vehicle In-Transport,1,Clear,1
48,Texas,481453,GREGG (183),NOT APPLICABLE,5,May,3,Tuesday,2024,16,4:00pm-4:59pm,1,Rural,1,Interstate,32.43255,-94.89654167,1,Daylight,12,Motor Vehicle In-Transport,1,Clear,1
48,Texas,481454,POLK (373),NOT APPLICABLE,5,May,3,Tuesday,2024,12,12:00pm-12:59pm,1,Rural,3,Other Principal Arterial,30.74831667,-95.01850556,6,Dark - Unknown Lighting,12,Motor Vehicle In-Transport,2,Rain,1
48,Texas,481455,DALLAS (113),DALLAS,5,May,3,Tuesday,2024,16,4:00pm-4:59pm,2,Urban,1,Interstate,32.72310833,-96.82670278,1,Daylight,12,Motor Vehicle In-Transport,1,Clear,2
48,Texas,481456,BOWIE (37),NOT APPLICABLE,5,May,4,Wednesday,2024,8,8:00am-8:59am,1,Rural,1,Interstate,33.47334444,-94.25459722,1,Daylight,1,Rollover/Overturn,1,Clear,2
48,Texas,481457,HARRIS (201),PASADENA,5,May,5,Thursday,2024,0,0:00am-0:59am,2,Urban,4,Minor Arterial,29.62558889,-95.28616111,3,Dark - Lighted,33,Curb,1,Clear,1
48,Texas,481458,SMITH (423),NOT APPLICABLE,5,May,5,Thursday,2024,14,2:00pm-2:59pm,1,Rural,3,Other Principal Arterial,32.36221667,-95.14333333,1,Daylight,8,Pedestrian,10,Cloudy,1
48,Texas,481459,HARRIS (201),NOT APPLICABLE,6,June,7,Saturday,2024,13,1:00pm-1:59pm,2,Urban,5,Major Collector,29.88617778,-95.12299167,1,Daylight,42,Tree (Standing Only),2,Rain,1
48,Texas,481460,KENDALL (259),NOT APPLICABLE,6,June,1,Sunday,2024,0,0:00am-0:59am,1,Rural,1,Interstate,29.89731944,-98.81746667,2,Dark - Not Lighted,14,Parked Motor Vehicle,1,Clear,1
48,Texas,481461,ELLIS (139),MIDLOTHIAN,6,June,2,Monday,2024,10,10:00am-10:59am,2,Urban,3,Other Principal Arterial,32.46472778,-96.9486,1,Daylight,12,Motor Vehicle In-Transport,10,Cloudy,1
48,Texas,481462,CRANE (103),NOT APPLICABLE,5,May,7,Saturday,2024,1,1:00am-1:59am,1,Rural,1,Interstate,31.640275,-102.7647806,2,Dark - Not Lighted,1,Rollover/Overturn,1,Clear,1
48,Texas,481463,TRAVIS (453),AUSTIN,5,May,2,Monday,2024,23,11:00pm-11:59pm,2,Urban,5,Major Collector,30.40036111,-97.74545278,3,Dark - Lighted,12,Motor Vehicle In-Transport,1,Clear,1
48,Texas,481464,MCLENNAN (309),NOT APPLICABLE,4,April,7,Saturday,2024,12,12:00pm-12:59pm,2,Urban,1,Interstate,31.43466944,-97.18673611,1,Daylight,25,Concrete Traffic Barrier,2,Rain,1
48,Texas,481465,WILSON (493),NOT APPLICABLE,5,May,5,Thursday,2024,19,7:00pm-7:59pm,1,Rural,5,Major Collector,29.33615278,-98.05700833,1,Daylight,12,Motor Vehicle In-Transport,1,Clear,1
48,Texas,481466,DALLAS (113),DALLAS,5,May,4,Wednesday,2024,20,8:00pm-8:59pm,2,Urban,2,Other Freeways and Expressways,32.69118333,-96.84793333,3,Dark - Lighted,12,Motor Vehicle In-Transport,1,Clear,1
48,Texas,481467,BEXAR (29),BALCONES HEIGHTS,5,May,1,Sunday,2024,18,6:00pm-6:59pm,2,Urban,1,Interstate,29.49706944,-98.55036389,1,Daylight,25,Concrete Traffic Barrier,1,Clear,1
48,Texas,481468,COLLIN (85),DALLAS,5,May,3,Tuesday,2024,6,6:00am-6:59am,2,Urban,4,Minor Arterial,33.007725,-96.843375,1,Daylight,12,Motor Vehicle In-Transport,10,Cloudy,1
48,Texas,481469,GALVESTON (167),LA MARQUE,5,May,2,Monday,2024,0,0:00am-0:59am,2,Urban,1,Interstate,29.35984167,-94.98455,2,Dark - Not Lighted,12,Motor Vehicle In-Transport,1,Clear,1
48,Texas,481470,HARRIS (201),HOUSTON,5,May,4,Wednesday,2024,21,9:00pm-9:59pm,2,Urban,2,Other Freeways and Expressways,29.66199167,-95.55841111,3,Dark - Lighted,8,Pedestrian,1,Clear,1
48,Texas,481471,DALLAS (113),DUNCANVILLE,5,May,5,Thursday,2024,22,10:00pm-10:59pm,2,Urban,4,Minor Arterial,32.64727778,-96.88766111,3,Dark - Lighted,39,Wall,10,Cloudy,1
48,Texas,481472,DENTON (121),Other,5,May,6,Friday,2024,0,0:00am-0:59am,2,Urban,5,Major Collector,33.00185,-97.29756667,3,Dark - Lighted,12,Motor Vehicle In-Transport,2,Rain,2
48,Texas,481473,HARRIS (201),HOUSTON,5,May,6,Friday,2024,7,7:00am-7:59am,2,Urban,4,Minor Arterial,29.76045278,-95.36714444,3,Dark - Lighted,8,Pedestrian,2,Rain,1
48,Texas,481474,EL PASO (141),EL PASO,6,June,1,Sunday,2024,15,3:00pm-3:59pm,2,Urban,2,Other Freeways and Expressways,31.73268056,-106.3799944,1,Daylight,30,Utility Pole/Light Support,1,Clear,1
48,Texas,481475,SMITH (423),NOT APPLICABLE,6,June,3,Tuesday,2024,7,7:00am-7:59am,2,Urban,3,Other Principal Arterial,32.23376111,-95.39148056,1,Daylight,1,Rollover/Overturn,10,Cloudy,1
48,Texas,481476,DALLAS (113),GARLAND,5,May,6,Friday,2024,18,6:00pm-6:59pm,2,Urban,3,Other Principal Arterial,32.92351111,-96.70008333,1,Daylight,12,Motor Vehicle In-Transport,10,Cloudy,1
48,Texas,481477,EL PASO (141),EL PASO,4,April,1,Sunday,2024,2,2:00am-2:59am,2,Urban,3,Other Principal Arterial,31.78188611,-106.4200222,3,Dark - Lighted,12,Motor Vehicle In-Transport,1,Clear,1
48,Texas,481478,ROBERTSON (395),NOT APPLICABLE,5,May,7,Saturday,2024,9,9:00am-9:59am,1,Rural,3,Other Principal Arterial,30.77653889,-96.49094722,1,Daylight,12,Motor Vehicle In-Transport,1,Clear,1
48,Texas,481479,SHERMAN (421),NOT APPLICABLE,5,May,5,Thursday,2024,12,12:00pm-12:59pm,1,Rural,5,Major Collector,36.06928333,-102.1630583,1,Daylight,58,Ground,1,Clear,1
48,Texas,481480,CROCKETT (105),NOT APPLICABLE,5,May,2,Monday,2024,17,5:00pm-5:59pm,1,Rural,4,Minor Arterial,30.89941667,-101.7932361,1,Daylight,35,Embankment,1,Clear,1
48,Texas,481481,KARNES (255),NOT APPLICABLE,5,May,6,Friday,2024,6,6:00am-6:59am,1,Rural,5,Major Collector,28.85528056,-97.83926667,4,Dawn,12,Motor Vehicle In-Transport,10,Cloudy,2
48,Texas,481482,MCLENNAN (309),ROSS,5,May,1,Sunday,2024,17,5:00pm-5:59pm,1,Rural,5,Major Collector,31.72183333,-97.12011944,1,Daylight,12,Motor Vehicle In-Transport,1,Clear,1
48,Texas,481483,PARKER (367),NOT APPLICABLE,5,May,1,Sunday,2024,14,2:00pm-2:59pm,1,Rural,4,Minor Arterial,32.84605556,-97.75396667,1,Daylight,12,Motor Vehicle In-Transport,1,Clear,4
48,Texas,481484,DALLAS (113),DALLAS,5,May,1,Sunday,2024,14,2:00pm-2:59pm,2,Urban,2,Other Freeways and Expressways,32.86206111,-96.81180556,1,Daylight,12,Motor Vehicle In-Transport,1,Clear,1
48,Texas,481485,MIDLAND (329),MIDLAND,5,May,2,Monday,2024,1,1:00am-1:59am,2,Urban,4,Minor Arterial,31.98910556,-102.0724556,3,Dark - Lighted,8,Pedestrian,10,Cloudy,1
48,Texas,481486,RANDALL (381),CANYON,5,May,2,Monday,2024,1,1:00am-1:59am,2,Urban,7,Local,34.97366111,-101.9225222,2,Dark - Not Lighted,8,Pedestrian,1,Clear,1
48,Texas,481487,VAL VERDE (465),NOT APPLICABLE,5,May,3,Tuesday,2024,21,9:00pm-9:59pm,1,Rural,5,Major Collector,29.60201944,-100.8842194,2,Dark - Not Lighted,1,Rollover/Overturn,10,Cloudy,3
48,Texas,481488,RED RIVER (387),NOT APPLICABLE,5,May,5,Thursday,2024,4,4:00am-4:59am,1,Rural,3,Other Principal Arterial,33.65227222,-95.24227222,2,Dark - Not Lighted,12,Motor Vehicle In-Transport,10,Cloudy,1
48,Texas,481489,CALLAHAN (59),NOT APPLICABLE,5,May,6,Friday,2024,15,3:00pm-3:59pm,1,Rural,5,Major Collector,32.22791667,-99.40351944,1,Daylight,12,Motor Vehicle In-Transport,1,Clear,1
48,Texas,481490,HARRIS (201),NOT APPLICABLE,6,June,1,Sunday,2024,18,6:00pm-6:59pm,2,Urban,3,Other Principal Arterial,29.87071944,-95.18714722,1,Daylight,12,Motor Vehicle In-Transport,1,Clear,2
48,Texas,481491,WARD (475),NOT APPLICABLE,6,June,2,Monday,2024,20,8:00pm-8:59pm,1,Rural,1,Interstate,31.51515833,-103.1821583,1,Daylight,1,Rollover/Overturn,1,Clear,1
48,Texas,481492,COOKE (97),GAINESVILLE,5,May,7,Saturday,2024,14,2:00pm-2:59pm,1,Rural,1,Interstate,33.68375,-97.15736111,1,Daylight,12,Motor Vehicle In-Transport,1,Clear,1
48,Texas,481493,UVALDE (463),NOT APPLICABLE,5,May,1,Sunday,2024,13,1:00pm-1:59pm,1,Rural,3,Other Principal Arterial,29.31938611,-99.54529722,1,Daylight,44,"Pavement Surface Irregularity (Ruts, Potholes, Grates, etc.)",1,Clear,1
48,Texas,481494,HARRIS (201),HOUSTON,5,May,1,Sunday,2024,16,4:00pm-4:59pm,2,Urban,5,Major Collector,29.69360278,-95.48464167,1,Daylight,33,Curb,1,Clear,1
48,Texas,481495,ERATH (143),NOT APPLICABLE,5,May,2,Monday,2024,11,11:00am-11:59am,1,Rural,7,Local,32.21977778,-98.34624444,1,Daylight,8,Pedestrian,1,Clear,1
48,Texas,481496,ERATH (143),NOT APPLICABLE,5,May,5,Thursday,2024,0,0:00am-0:59am,1,Rural,6,Minor Collector,32.16309444,-98.19033333,2,Dark - Not Lighted,38,Fence,1,Clear,1
48,Texas,481497,WOOD (499),NOT APPLICABLE,6,June,1,Sunday,2024,5,5:00am-5:59am,2,Urban,5,Major Collector,32.69860833,-95.40783889,2,Dark - Not Lighted,11,Live Animal,10,Cloudy,1
48,Texas,481498,FORT BEND (157),SUGAR LAND,6,June,4,Wednesday,2024,10,10:00am-10:59am,2,Urban,1,Interstate,29.62186389,-95.601625,1,Daylight,14,Parked Motor Vehicle,2,Rain,1
48,Texas,481499,DALLAS (113),DALLAS,6,June,1,Sunday,2024,16,4:00pm-4:59pm,2,Urban,5,Major Collector,32.74932778,-96.73123611,1,Daylight,3,Immersion or Partial Immersion,10,Cloudy,1
48,Texas,481501,NUECES (355),CORPUS CHRISTI,5,May,3,Tuesday,2024,13,1:00pm-1:59pm,2,Urban,4,Minor Arterial,27.72554444,-97.41486667,1,Daylight,12,Motor Vehicle In-Transport,10,Cloudy,1
48,Texas,481502,TOM GREEN (451),NOT APPLICABLE,5,May,6,Friday,2024,16,4:00pm-4:59pm,1,Rural,3,Other Principal Arterial,31.38252778,-100.6018167,1,Daylight,12,Motor Vehicle In-Transport,1,Clear,1
48,Texas,481503,HUDSPETH (229),NOT APPLICABLE,5,May,3,Tuesday,2024,9,9:00am-9:59am,1,Rural,1,Interstate,31.32129444,-105.8660972,1,Daylight,42,Tree (Standing Only),1,Clear,1
48,Texas,481504,GRAYSON (181),NOT APPLICABLE,5,May,3,Tuesday,2024,7,7:00am-7:59am,1,Rural,4,Minor Arterial,33.78998056,-96.87962778,1,Daylight,12,Motor Vehicle In-Transport,2,Rain,1
48,Texas,481506,MEDINA (325),NOT APPLICABLE,5,May,5,Thursday,2024,6,6:00am-6:59am,1,Rural,7,Local,29.34193056,-99.38081944,4,Dawn,1,Rollover/Overturn,10,Cloudy,3
48,Texas,481507,TARRANT (439),FORT WORTH,6,June,7,Saturday,2024,8,8:00am-8:59am,2,Urban,5,Major Collector,32.96896667,-97.38175,1,Daylight,12,Motor Vehicle In-Transport,10,Cloudy,1
48,Texas,481508,BEXAR (29),SAN ANTONIO,6,June,2,Monday,2024,15,3:00pm-3:59pm,2,Urban,3,Other Principal Arterial,29.51322222,-98.75348611,1,Daylight,33,Curb,10,Cloudy,1
48,Texas,481509,BEXAR (29),SAN ANTONIO,6,June,3,Tuesday,2024,21,9:00pm-9:59pm,2,Urban,7,Local,29.56210556,-98.62123333,3,Dark - Lighted,30,Utility Pole/Light Support,1,Clear,1
48,Texas,481510,KIMBLE (267),NOT APPLICABLE,6,June,5,Thursday,2024,6,6:00am-6:59am,1,Rural,1,Interstate,30.40647222,-99.65973889,4,Dawn,1,Rollover/Overturn,1,Clear,1
48,Texas,481511,ECTOR (135),ODESSA,6,June,7,Saturday,2024,1,1:00am-1:59am,2,Urban,3,Other Principal Arterial,31.85912778,-102.3549167,3,Dark - Lighted,8,Pedestrian,1,Clear,1
48,Texas,481512,HAYS (209),BUDA,6,June,1,Sunday,2024,2,2:00am-2:59am,2,Urban,1,Interstate,30.09111944,-97.81736667,2,Dark - Not Lighted,25,Concrete Traffic Barrier,1,Clear,1
48,Texas,481513,EL PASO (141),EL PASO,6,June,1,Sunday,2024,12,12:00pm-12:59pm,2,Urban,2,Other Freeways and Expressways,31.67531111,-106.3360056,1,Daylight,30,Utility Pole/Light Support,1,Clear,1
48,Texas,481514,TARRANT (439),FORT WORTH,6,June,1,Sunday,2024,12,12:00pm-12:59pm,2,Urban,3,Other Principal Arterial,32.74646944,-97.30337222,1,Daylight,8,Pedestrian,1,Clear,1
48,Texas,481515,DALLAS (113),DALLAS,5,May,1,Sunday,2024,2,2:00am-2:59am,2,Urban,1,Interstate,32.89304444,-96.71075278,3,Dark - Lighted,8,Pedestrian,2,Rain,1
48,Texas,481516,WISE (497),NOT APPLICABLE,5,May,3,Tuesday,2024,13,1:00pm-1:59pm,1,Rural,3,Other Principal Arterial,33.11103333,-97.65922222,1,Daylight,12,Motor Vehicle In-Transport,1,Clear,1