STATE,STATENAME,ST_CASE,COUNTYNAME,CITYNAME,MONTH,MONTHNAME,DAY_WEEK,DAY_WEEKNAME,YEAR,HOUR,HOURNAME,RUR_URB,RUR_URBNAME,FUNC_SYS,FUNC_SYSNAME,LATITUDE,LONGITUD,LGT_COND,LGT_CONDNAME,HARM_EV,HARM_EVNAME,WEATHER,WEATHERNAME,FATALS
48,Texas,481643,BEXAR (29),SAN ANTONIO,6,June,1,Sunday,2024,1,1:00am-1:59am,2,Urban,4,Minor Arterial,29.42776944,-98.57040556,3,Dark - Lighted,8,Pedestrian,1,Clear,1
48,Texas,481645,CAMERON (61),HARLINGEN,6,June,2,Monday,2024,13,1:00pm-1:59pm,2,Urban,3,Other Principal Arterial,26.18626667,-97.730375,1,Daylight,46,Traffic Signal Support,1,Clear,1
48,Texas,481646,WALKER (471),HUNTSVILLE,6,June,3,Tuesday,2024,22,10:00pm-10:59pm,2,Urban,1,Interstate,30.72909722,-95.57907778,2,Dark - Not Lighted,8,Pedestrian,1,Clear,1
48,Texas,481647,DALLAS (113),BALCH SPRINGS,6,June,7,Saturday,2024,10,10:00am-10:59am,2,Urban,3,Other Principal Arterial,32.73398056,-96.61723333,1,Daylight,12,Motor Vehicle In-Transport,1,Clear,1
48,Texas,481648,KENDALL (259),NOT APPLICABLE,6,June,7,Saturday,2024,22,10:00pm-10:59pm,1,Rural,4,Minor Arterial,29.97079722,-98.51642778,2,Dark - Not Lighted,12,Motor Vehicle In-Transport,1,Clear,1
48,Texas,481649,DALLAS (113),GARLAND,6,June,7,Saturday,2024,3,3:00am-3:59am,2,Urban,1,Interstate,32.84575278,-96.58185556,3,Dark - Lighted,1,Rollover/Overturn,1,Clear,1
48,Texas,481650,DALLAS (113),IRVING,6,June,2,Monday,2024,15,3:00pm-3:59pm,2,Urban,2,Other Freeways and Expressways,32.85838333,-97.01235556,1,Daylight,1,Rollover/Overturn,10,Cloudy,1
48,Texas,481651,DALLAS (113),RICHARDSON,6,June,3,Tuesday,2024,9,9:00am-9:59am,2,Urban,4,Minor Arterial,32.96065833,-96.69013333,1,Daylight,12,Motor Vehicle In-Transport,1,Clear,1
48,Texas,481652,JEFFERSON (245),CHINA,6,June,5,Thursday,2024,21,9:00pm-9:59pm,1,Rural,3,Other Principal Arterial,30.046525,-94.34265278,2,Dark - Not Lighted,1,Rollover/Overturn,1,Clear,1
48,Texas,481653,TARRANT (439),ARLINGTON,6,June,6,Friday,2024,18,6:00pm-6:59pm,1,Rural,3,Other Principal Arterial,32.73853333,-97.12466111,1,Daylight,12,Motor Vehicle In-Transport,1,Clear,1
48,Texas,481654,MADISON (313),NOT APPLICABLE,6,June,7,Saturday,2024,14,2:00pm-2:59pm,1,Rural,1,Interstate,30.99843333,-95.91143889,1,Daylight,44,"Pavement Surface Irregularity (Ruts, Potholes, Grates, etc.)",1,Clear,1
48,Texas,481655,MORRIS (343),NOT APPLICABLE,6,June,7,Saturday,2024,11,11:00am-11:59am,1,Rural,5,Major Collector,33.06754722,-94.80658056,1,Daylight,1,Rollover/Overturn,1,Clear,1
48,Texas,481656,BRAZORIA (39),LAKE JACKSON,6,June,7,Saturday,2024,14,2:00pm-2:59pm,2,Urban,4,Minor Arterial,29.04143889,-95.47095,1,Daylight,38,Fence,1,Clear,1
48,Texas,481657,BEXAR (29),SAN ANTONIO,6,June,1,Sunday,2024,23,11:00pm-11:59pm,2,Urban,4,Minor Arterial,29.58533333,-98.450475,3,Dark - Lighted,30,Utility Pole/Light Support,1,Clear,1
48,Texas,481658,SAN PATRICIO (409),MATHIS,6,June,1,Sunday,2024,5,5:00am-5:59am,2,Urban,5,Major Collector,28.09215833,-97.81088889,3,Dark - Lighted,35,Embankment,1,Clear,1
48,Texas,481659,LUBBOCK (303),LUBBOCK,3,March,3,Tuesday,2024,7,7:00am-7:59am,2,Urban,4,Minor Arterial,33.59232222,-101.9404472,1,Daylight,8,Pedestrian,1,Clear,1
48,Texas,481660,MOORE (341),NOT APPLICABLE,6,June,4,Wednesday,2024,22,10:00pm-10:59pm,1,Rural,3,Other Principal Arterial,35.74669444,-101.9643889,2,Dark - Not Lighted,43,Other Fixed Object,1,Clear,1
48,Texas,481661,HIDALGO (215),NOT APPLICABLE,6,June,6,Friday,2024,18,6:00pm-6:59pm,2,Urban,3,Other Principal Arterial,26.12419722,-97.96173056,1,Daylight,12,Motor Vehicle In-Transport,1,Clear,1
48,Texas,481662,DALLAS (113),GARLAND,6,June,1,Sunday,2024,5,5:00am-5:59am,2,Urban,3,Other Principal Arterial,32.86438611,-96.57329722,1,Daylight,24,Guardrail Face,1,Clear,2
48,Texas,481663,VICTORIA (469),NOT APPLICABLE,6,June,4,Wednesday,2024,13,1:00pm-1:59pm,2,Urban,3,Other Principal Arterial,28.85104722,-96.89213889,1,Daylight,12,Motor Vehicle In-Transport,10,Cloudy,1
48,Texas,481664,JEFFERSON (245),NOT APPLICABLE,6,June,6,Friday,2024,1,1:00am-1:59am,2,Urban,2,Other Freeways and Expressways,30.00349444,-94.04139444,3,Dark - Lighted,12,Motor Vehicle In-Transport,1,Clear,2
48,Texas,481665,ATASCOSA (13),NOT APPLICABLE,6,June,6,Friday,2024,19,7:00pm-7:59pm,1,Rural,4,Minor Arterial,28.78975,-98.54027778,5,Dusk,12,Motor Vehicle In-Transport,1,Clear,1
48,Texas,481666,BLANCO (31),NOT APPLICABLE,6,June,7,Saturday,2024,23,11:00pm-11:59pm,1,Rural,3,Other Principal Arterial,30.20075,-98.37583889,3,Dark - Lighted,12,Motor Vehicle In-Transport,1,Clear,1
48,Texas,481667,BEXAR (29),SAN ANTONIO,6,June,7,Saturday,2024,23,11:00pm-11:59pm,2,Urban,5,Major Collector,29.65571111,-98.62528611,2,Dark - Not Lighted,1,Rollover/Overturn,1,Clear,1
48,Texas,481668,PECOS (371),NOT APPLICABLE,6,June,7,Saturday,2024,22,10:00pm-10:59pm,1,Rural,5,Major Collector,31.238675,-102.5907472,2,Dark - Not Lighted,38,Fence,1,Clear,1
48,Texas,481669,EL PASO (141),EL PASO,4,April,1,Sunday,2024,1,1:00am-1:59am,2,Urban,3,Other Principal Arterial,31.80700833,-106.5093194,2,Dark - Not Lighted,12,Motor Vehicle In-Transport,1,Clear,1
48,Texas,481670,HARRIS (201),HOUSTON,6,June,5,Thursday,2024,20,8:00pm-8:59pm,2,Urban,7,Local,29.68310278,-95.37285833,5,Dusk,38,Fence,1,Clear,1
48,Texas,481671,CAMERON (61),NOT APPLICABLE,6,June,6,Friday,2024,21,9:00pm-9:59pm,2,Urban,7,Local,26.11111667,-97.56066667,2,Dark - Not Lighted,53,Mail Box,1,Clear,1
48,Texas,481672,CORYELL (99),NOT APPLICABLE,6,June,7,Saturday,2024,11,11:00am-11:59am,1,Rural,3,Other Principal Arterial,31.29409167,-97.56871111,1,Daylight,12,Motor Vehicle In-Transport,1,Clear,1
48,Texas,481673,DALLAS (113),DALLAS,6,June,3,Tuesday,2024,18,6:00pm-6:59pm,1,Rural,7,Local,32.86865,-96.76112222,1,Daylight,12,Motor Vehicle In-Transport,1,Clear,1
48,Texas,481674,GRAYSON (181),BELLS,6,June,4,Wednesday,2024,22,10:00pm-10:59pm,1,Rural,3,Other Principal Arterial,33.61895556,-96.41307778,2,Dark - Not Lighted,12,Motor Vehicle In-Transport,1,Clear,1
48,Texas,481675,PARKER (367),NOT APPLICABLE,6,June,6,Friday,2024,18,6:00pm-6:59pm,1,Rural,3,Other Principal Arterial,32.98023889,-97.798475,1,Daylight,12,Motor Vehicle In-Transport,1,Clear,1
48,Texas,481676,HARRISON (203),HALLSVILLE,6,June,7,Saturday,2024,2,2:00am-2:59am,2,Urban,3,Other Principal Arterial,32.50407778,-94.57774722,2,Dark - Not Lighted,1,Rollover/Overturn,1,Clear,1
48,Texas,481677,COLLIN (85),MCKINNEY,6,June,3,Tuesday,2024,16,4:00pm-4:59pm,2,Urban,4,Minor Arterial,33.17984167,-96.61876389,1,Daylight,12,Motor Vehicle In-Transport,1,Clear,1
48,Texas,481678,HARRIS (201),HUMBLE,6,June,3,Tuesday,2024,10,10:00am-10:59am,2,Urban,3,Other Principal Arterial,30.00482222,-95.25466389,1,Daylight,12,Motor Vehicle In-Transport,1,Clear,1
48,Texas,481679,COLLIN (85),WYLIE,6,June,4,Wednesday,2024,17,5:00pm-5:59pm,2,Urban,3,Other Principal Arterial,33.02283333,-96.51036944,1,Daylight,8,Pedestrian,1,Clear,1
48,Texas,481680,HARRIS (201),HOUSTON,6,June,5,Thursday,2024,7,7:00am-7:59am,2,Urban,2,Other Freeways and Expressways,29.65398611,-95.3874,1,Daylight,45,Working Motor Vehicle,10,Cloudy,1
48,Texas,481681,ECTOR (135),ODESSA,6,June,6,Friday,2024,16,4:00pm-4:59pm,2,Urban,3,Other Principal Arterial,31.89991389,-102.3184139,1,Daylight,12,Motor Vehicle In-Transport,1,Clear,1
48,Texas,481682,RED RIVER (387),NOT APPLICABLE,6,June,6,Friday,2024,6,6:00am-6:59am,1,Rural,5,Major Collector,33.55053333,-95.04956944,4,Dawn,42,Tree (Standing Only),1,Clear,1
48,Texas,481683,BEXAR (29),SAN ANTONIO,6,June,7,Saturday,2024,10,10:00am-10:59am,2,Urban,5,Major Collector,29.54543611,-98.36869722,1,Daylight,8,Pedestrian,1,Clear,1
48,Texas,481684,ELLIS (139),MILFORD,5,May,5,Thursday,2024,16,4:00pm-4:59pm,1,Rural,1,Interstate,32.140575,-96.94435556,3,Dark - Lighted,14,Parked Motor Vehicle,3,Sleet or Hail,1
48,Texas,481685,BEXAR (29),SAN ANTONIO,6,June,2,Monday,2024,1,1:00am-1:59am,2,Urban,5,Major Collector,29.41333889,-98.71034167,2,Dark - Not Lighted,8,Pedestrian,1,Clear,1
48,Texas,481686,ANGELINA (5),LUFKIN,6,June,1,Sunday,2024,9,9:00am-9:59am,2,Urban,3,Other Principal Arterial,31.315725,-94.69330833,1,Daylight,12,Motor Vehicle In-Transport,1,Clear,1
48,Texas,481687,YOUNG (503),GRAHAM,6,June,7,Saturday,2024,16,4:00pm-4:59pm,2,Urban,3,Other Principal Arterial,33.09969444,-98.58959167,1,Daylight,1,Rollover/Overturn,1,Clear,1
48,Texas,481688,GUADALUPE (187),NEW BRAUNFELS,6,June,3,Tuesday,2024,16,4:00pm-4:59pm,1,Rural,5,Major Collector,29.66611944,-98.10113611,1,Daylight,8,Pedestrian,1,Clear,1
48,Texas,481689,SMITH (423),TYLER,6,June,6,Friday,2024,0,0:00am-0:59am,2,Urban,3,Other Principal Arterial,32.34659722,-95.33704167,3,Dark - Lighted,31,"Post, Pole or Other Supports",1,Clear,1
48,Texas,481690,HARRIS (201),HOUSTON,5,May,6,Friday,2024,2,2:00am-2:59am,2,Urban,5,Major Collector,29.93679444,-95.29651667,2,Dark - Not Lighted,33,Curb,10,Cloudy,1
48,Texas,481691,HARRIS (201),HOUSTON,6,June,7,Saturday,2024,23,11:00pm-11:59pm,2,Urban,1,Interstate,29.96531667,-95.28474444,2,Dark - Not Lighted,8,Pedestrian,1,Clear,1
48,Texas,481692,TRAVIS (453),MANOR,6,June,6,Friday,2024,21,9:00pm-9:59pm,2,Urban,3,Other Principal Arterial,30.34892778,-97.55588611,5,Dusk,12,Motor Vehicle In-Transport,1,Clear,1
48,Texas,481693,FAYETTE (149),ROUND TOP,6,June,7,Saturday,2024,23,11:00pm-11:59pm,1,Rural,5,Major Collector,30.06281667,-96.69835556,3,Dark - Lighted,42,Tree (Standing Only),1,Clear,1
48,Texas,481694,FAYETTE (149),NOT APPLICABLE,6,June,1,Sunday,2024,18,6:00pm-6:59pm,1,Rural,1,Interstate,29.68900278,-96.95365833,1,Daylight,12,Motor Vehicle In-Transport,1,Clear,1
48,Texas,481695,COLORADO (89),NOT APPLICABLE,6,June,3,Tuesday,2024,11,11:00am-11:59am,1,Rural,5,Major Collector,29.70325,-96.52124722,1,Daylight,12,Motor Vehicle In-Transport,10,Cloudy,1
48,Texas,481696,EL PASO (141),EL PASO,6,June,5,Thursday,2024,22,10:00pm-10:59pm,2,Urban,7,Local,31.75504167,-106.3186167,3,Dark - Lighted,19,Building,1,Clear,1
48,Texas,481697,FORT BEND (157),NOT APPLICABLE,6,June,7,Saturday,2024,2,2:00am-2:59am,2,Urban,4,Minor Arterial,29.68295833,-95.81275278,2,Dark - Not Lighted,25,Concrete Traffic Barrier,1,Clear,1
48,Texas,481698,PARKER (367),NOT APPLICABLE,6,June,7,Saturday,2024,17,5:00pm-5:59pm,1,Rural,1,Interstate,32.72665556,-97.88480833,1,Daylight,1,Rollover/Overturn,1,Clear,1
48,Texas,481699,DALLAS (113),DALLAS,6,June,7,Saturday,2024,8,8:00am-8:59am,2,Urban,4,Minor Arterial,32.87989722,-96.78668611,1,Daylight,12,Motor Vehicle In-Transport,1,Clear,1
48,Texas,481700,TARRANT (439),ARLINGTON,6,June,1,Sunday,2024,5,5:00am-5:59am,2,Urban,1,Interstate,32.675275,-97.13860556,6,Dark - Unknown Lighting,14,Parked Motor Vehicle,1,Clear,1
48,Texas,481701,GALVESTON (167),SANTA FE,6,June,2,Monday,2024,16,4:00pm-4:59pm,2,Urban,4,Minor Arterial,29.39106944,-95.08715833,1,Daylight,12,Motor Vehicle In-Transport,1,Clear,1
48,Texas,481702,HARRIS (201),HOUSTON,6,June,7,Saturday,2024,23,11:00pm-11:59pm,2,Urban,4,Minor Arterial,29.93173889,-95.40203611,3,Dark - Lighted,8,Pedestrian,1,Clear,1
48,Texas,481703,MONTGOMERY (339),NOT APPLICABLE,6,June,5,Thursday,2024,8,8:00am-8:59am,2,Urban,5,Major Collector,30.23851111,-95.3006,1,Daylight,12,Motor Vehicle In-Transport,10,Cloudy,1
48,Texas,481704,HIDALGO (215),NOT APPLICABLE,6,June,7,Saturday,2024,23,11:00pm-11:59pm,2,Urban,6,Minor Collector,26.31452222,-98.40306111,2,Dark - Not Lighted,8,Pedestrian,1,Clear,1
48,Texas,481705,HARRIS (201),HOUSTON,6,June,1,Sunday,2024,22,10:00pm-10:59pm,2,Urban,3,Other Principal Arterial,29.85154444,-95.54510833,3,Dark - Lighted,33,Curb,1,Clear,1
48,Texas,481706,GALVESTON (167),GALVESTON,6,June,1,Sunday,2024,17,5:00pm-5:59pm,2,Urban,3,Other Principal Arterial,29.28297778,-94.79868889,1,Daylight,12,Motor Vehicle In-Transport,1,Clear,1
48,Texas,481707,COOKE (97),NOT APPLICABLE,6,June,3,Tuesday,2024,16,4:00pm-4:59pm,1,Rural,5,Major Collector,33.75859722,-96.999475,1,Daylight,12,Motor Vehicle In-Transport,1,Clear,1
48,Texas,481708,GALVESTON (167),GALVESTON,6,June,4,Wednesday,2024,1,1:00am-1:59am,2,Urban,3,Other Principal Arterial,29.29587222,-94.80767778,3,Dark - Lighted,9,Pedalcyclist,1,Clear,1
48,Texas,481709,TRAVIS (453),AUSTIN,6,June,4,Wednesday,2024,5,5:00am-5:59am,2,Urban,4,Minor Arterial,30.18407778,-97.78183333,2,Dark - Not Lighted,8,Pedestrian,1,Clear,1
48,Texas,481710,BEXAR (29),SAN ANTONIO,6,June,3,Tuesday,2024,23,11:00pm-11:59pm,2,Urban,4,Minor Arterial,29.43368611,-98.54301667,2,Dark - Not Lighted,35,Embankment,1,Clear,1
48,Texas,481711,FRIO (163),NOT APPLICABLE,6,June,7,Saturday,2024,12,12:00pm-12:59pm,1,Rural,5,Major Collector,28.76817222,-99.26326667,1,Daylight,12,Motor Vehicle In-Transport,1,Clear,1
48,Texas,481712,RAINS (379),NOT APPLICABLE,6,June,1,Sunday,2024,20,8:00pm-8:59pm,1,Rural,3,Other Principal Arterial,32.85845556,-95.73691111,5,Dusk,12,Motor Vehicle In-Transport,1,Clear,2
48,Texas,481713,FRANKLIN (159),NOT APPLICABLE,6,June,1,Sunday,2024,8,8:00am-8:59am,1,Rural,4,Minor Arterial,33.36641944,-95.24044722,1,Daylight,12,Motor Vehicle In-Transport,1,Clear,1
48,Texas,481714,BLANCO (31),NOT APPLICABLE,6,June,3,Tuesday,2024,9,9:00am-9:59am,1,Rural,3,Other Principal Arterial,29.99677222,-98.40584167,1,Daylight,12,Motor Vehicle In-Transport,10,Cloudy,1
48,Texas,481715,COOKE (97),NOT APPLICABLE,6,June,5,Thursday,2024,1,1:00am-1:59am,1,Rural,7,Local,33.48558889,-97.22346667,2,Dark - Not Lighted,1,Rollover/Overturn,1,Clear,1
48,Texas,481716,GRIMES (185),NOT APPLICABLE,6,June,6,Friday,2024,16,4:00pm-4:59pm,1,Rural,5,Major Collector,30.51508889,-96.003775,1,Daylight,12,Motor Vehicle In-Transport,1,Clear,1
48,Texas,481717,EASTLAND (133),NOT APPLICABLE,6,June,2,Monday,2024,10,10:00am-10:59am,1,Rural,4,Minor Arterial,32.35546944,-98.72108056,1,Daylight,12,Motor Vehicle In-Transport,1,Clear,1
48,Texas,481719,RUSK (401),NOT APPLICABLE,6,June,3,Tuesday,2024,17,5:00pm-5:59pm,1,Rural,3,Other Principal Arterial,31.93963889,-94.69150833,1,Daylight,42,Tree (Standing Only),1,Clear,1
48,Texas,481720,CRANE (103),NOT APPLICABLE,6,June,6,Friday,2024,23,11:00pm-11:59pm,1,Rural,3,Other Principal Arterial,31.50594722,-102.3563194,2,Dark - Not Lighted,12,Motor Vehicle In-Transport,1,Clear,1
48,Texas,481721,TARRANT (439),FORT WORTH,6,June,6,Friday,2024,18,6:00pm-6:59pm,2,Urban,5,Major Collector,32.76525833,-97.30173611,1,Daylight,12,Motor Vehicle In-Transport,1,Clear,1
48,Texas,481722,DALLAS (113),DALLAS,6,June,6,Friday,2024,2,2:00am-2:59am,2,Urban,3,Other Principal Arterial,32.85779444,-96.87369722,3,Dark - Lighted,8,Pedestrian,10,Cloudy,1
48,Texas,481723,HARRIS (201),SPRING,6,June,6,Friday,2024,1,1:00am-1:59am,2,Urban,5,Major Collector,30.08244167,-95.43641111,3,Dark - Lighted,8,Pedestrian,1,Clear,1
48,Texas,481724,WASHINGTON (477),NOT APPLICABLE,6,June,3,Tuesday,2024,6,6:00am-6:59am,1,Rural,3,Other Principal Arterial,30.27540833,-96.47801111,1,Daylight,12,Motor Vehicle In-Transport,1,Clear,1
48,Texas,481725,ECTOR (135),ODESSA,6,June,4,Wednesday,2024,14,2:00pm-2:59pm,2,Urban,3,Other Principal Arterial,31.85458333,-102.3489333,1,Daylight,12,Motor Vehicle In-Transport,1,Clear,1
48,Texas,481726,UPTON (461),NOT APPLICABLE,6,June,7,Saturday,2024,14,2:00pm-2:59pm,1,Rural,4,Minor Arterial,31.50887222,-101.9434889,1,Daylight,12,Motor Vehicle In-Transport,1,Clear,1
48,Texas,481727,KAUFMAN (257),NOT APPLICABLE,6,June,7,Saturday,2024,2,2:00am-2:59am,1,Rural,5,Major Collector,32.805175,-96.26949167,2,Dark - Not Lighted,34,Ditch,1,Clear,1
48,Texas,481728,DALLAS (113),LANCASTER,6,June,1,Sunday,2024,21,9:00pm-9:59pm,2,Urban,3,Other Principal Arterial,32.56711944,-96.76362778,2,Dark - Not Lighted,12,Motor Vehicle In-Transport,1,Clear,1
48,Texas,481729,GRIMES (185),NOT APPLICABLE,6,June,3,Tuesday,2024,11,11:00am-11:59am,1,Rural,3,Other Principal Arterial,30.27312778,-96.04206389,1,Daylight,12,Motor Vehicle In-Transport,10,Cloudy,1
48,Texas,481730,CAMERON (61),BROWNSVILLE,6,June,6,Friday,2024,1,1:00am-1:59am,2,Urban,3,Other Principal Arterial,25.98001389,-97.49569722,3,Dark - Lighted,33,Curb,1,Clear,1
48,Texas,481731,WILLIAMSON (491),NOT APPLICABLE,6,June,7,Saturday,2024,0,0:00am-0:59am,2,Urban,2,Other Freeways and Expressways,30.6025,-97.59754722,3,Dark - Lighted,12,Motor Vehicle In-Transport,1,Clear,1
48,Texas,481732,HARRIS (201),HOUSTON,6,June,1,Sunday,2024,21,9:00pm-9:59pm,2,Urban,4,Minor Arterial,29.61392222,-95.40563056,3,Dark - Lighted,8,Pedestrian,1,Clear,1
48,Texas,481733,BEXAR (29),SAN ANTONIO,6,June,1,Sunday,2024,20,8:00pm-8:59pm,2,Urban,4,Minor Arterial,29.52767222,-98.60189444,1,Daylight,1,Rollover/Overturn,1,Clear,1
48,Texas,481734,ANDREWS (3),NOT APPLICABLE,6,June,2,Monday,2024,19,7:00pm-7:59pm,1,Rural,5,Major Collector,32.12293889,-103.0077583,5,Dusk,12,Motor Vehicle In-Transport,1,Clear,1
48,Texas,481735,WEBB (479),LAREDO,6,June,3,Tuesday,2024,18,6:00pm-6:59pm,2,Urban,4,Minor Arterial,27.52230278,-99.49264444,1,Daylight,8,Pedestrian,1,Clear,1
48,Texas,481736,TARRANT (439),EULESS,6,June,5,Thursday,2024,7,7:00am-7:59am,2,Urban,2,Other Freeways and Expressways,32.86738611,-97.10128889,1,Daylight,14,Parked Motor Vehicle,1,Clear,1
48,Texas,481737,DALLAS (113),DALLAS,6,June,7,Saturday,2024,0,0:00am-0:59am,2,Urban,3,Other Principal Arterial,32.85306667,-96.88635,2,Dark - Not Lighted,8,Pedestrian,1,Clear,1
48,Texas,481738,HARRIS (201),NOT APPLICABLE,6,June,2,Monday,2024,23,11:00pm-11:59pm,2,Urban,3,Other Principal Arterial,29.91042778,-95.627875,2,Dark - Not Lighted,8,Pedestrian,1,Clear,1
48,Texas,481739,GRAYSON (181),SHERMAN,6,June,4,Wednesday,2024,11,11:00am-11:59am,2,Urban,5,Major Collector,33.58889722,-96.60456667,1,Daylight,12,Motor Vehicle In-Transport,1,Clear,1
48,Texas,481740,TRAVIS (453),NOT APPLICABLE,6,June,6,Friday,2024,21,9:00pm-9:59pm,1,Rural,7,Local,30.15795278,-97.59956111,2,Dark - Not Lighted,12,Motor Vehicle In-Transport,2,Rain,1
48,Texas,481741,TRAVIS (453),NOT APPLICABLE,6,June,7,Saturday,2024,17,5:00pm-5:59pm,2,Urban,3,Other Principal Arterial,30.26431667,-97.62302778,1,Daylight,12,Motor Vehicle In-Transport,1,Clear,1
48,Texas,481742,PALO PINTO (363),NOT APPLICABLE,6,June,1,Sunday,2024,13,1:00pm-1:59pm,1,Rural,6,Minor Collector,32.74483889,-98.12553889,1,Daylight,1,Rollover/Overturn,1,Clear,1
48,Texas,481743,TRAVIS (453),AUSTIN,6,June,2,Monday,2024,6,6:00am-6:59am,2,Urban,4,Minor Arterial,30.349,-97.67643889,4,Dawn,8,Pedestrian,1,Clear,1
48,Texas,481744,DALLAS (113),DALLAS,6,June,4,Wednesday,2024,6,6:00am-6:59am,2,Urban,1,Interstate,32.79761389,-96.68425833,4,Dawn,8,Pedestrian,1,Clear,1
48,Texas,481745,DENTON (121),FLOWER MOUND,6,June,5,Thursday,2024,13,1:00pm-1:59pm,2,Urban,3,Other Principal Arterial,33.04749444,-97.06966667,1,Daylight,12,Motor Vehicle In-Transport,1,Clear,1
48,Texas,481746,DALLAS (113),BALCH SPRINGS,6,June,5,Thursday,2024,14,2:00pm-2:59pm,2,Urban,5,Major Collector,32.70527222,-96.58653333,1,Daylight,1,Rollover/Overturn,1,Clear,1
48,Texas,481747,WISE (497),DECATUR,6,June,6,Friday,2024,11,11:00am-11:59am,2,Urban,4,Minor Arterial,33.22319167,-97.59450833,1,Daylight,12,Motor Vehicle In-Transport,1,Clear,1
48,Texas,481750,RUSK (401),HENDERSON,6,June,7,Saturday,2024,2,2:00am-2:59am,2,Urban,4,Minor Arterial,32.17669444,-94.77755556,2,Dark - Not Lighted,12,Motor Vehicle In-Transport,1,Clear,1
48,Texas,481751,TRAVIS (453),AUSTIN,6,June,7,Saturday,2024,23,11:00pm-11:59pm,2,Urban,2,Other Freeways and Expressways,30.22615278,-97.83136667,3,Dark - Lighted,1,Rollover/Overturn,1,Clear,1
48,Texas,481752,HENDERSON (213),NOT APPLICABLE,6,June,7,Saturday,2024,10,10:00am-10:59am,1,Rural,5,Major Collector,32.28146944,-95.63946111,1,Daylight,35,Embankment,1,Clear,1
48,Texas,481753,BEXAR (29),SAN ANTONIO,6,June,1,Sunday,2024,14,2:00pm-2:59pm,2,Urban,3,Other Principal Arterial,29.51531944,-98.63448333,1,Daylight,33,Curb,1,Clear,1
48,Texas,481754,BEXAR (29),SAN ANTONIO,6,June,6,Friday,2024,1,1:00am-1:59am,2,Urban,4,Minor Arterial,29.42745833,-98.57110833,3,Dark - Lighted,12,Motor Vehicle In-Transport,1,Clear,1
48,Texas,481755,HARRIS (201),HOUSTON,6,June,1,Sunday,2024,21,9:00pm-9:59pm,2,Urban,3,Other Principal Arterial,29.73171944,-95.38355833,3,Dark - Lighted,12,Motor Vehicle In-Transport,1,Clear,1
48,Texas,481756,DALLAS (113),DALLAS,6,June,7,Saturday,2024,23,11:00pm-11:59pm,2,Urban,3,Other Principal Arterial,32.71331667,-96.69303056,2,Dark - Not Lighted,8,Pedestrian,1,Clear,1
48,Texas,481757,COLORADO (89),NOT APPLICABLE,6,June,1,Sunday,2024,8,8:00am-8:59am,1,Rural,1,Interstate,29.71778333,-96.45201389,1,Daylight,12,Motor Vehicle In-Transport,1,Clear,2
48,Texas,481758,TAYLOR (441),MERKEL,6,June,6,Friday,2024,14,2:00pm-2:59pm,1,Rural,1,Interstate,32.477825,-100.0172528,1,Daylight,1,Rollover/Overturn,1,Clear,1
48,Texas,481759,GRAYSON (181),DENISON,6,June,2,Monday,2024,21,9:00pm-9:59pm,2,Urban,2,Other Freeways and Expressways,33.72760278,-96.58531389,2,Dark - Not Lighted,12,Motor Vehicle In-Transport,1,Clear,1
48,Texas,481760,FORT BEND (157),MISSOURI CITY,6,June,5,Thursday,2024,20,8:00pm-8:59pm,2,Urban,7,Local,29.58356944,-95.52536389,3,Dark - Lighted,12,Motor Vehicle In-Transport,1,Clear,2
48,Texas,481761,DALLAS (113),DALLAS,6,June,6,Friday,2024,3,3:00am-3:59am,2,Urban,3,Other Principal Arterial,32.66246389,-96.78582222,9,Reported as Unknown,24,Guardrail Face,99,Reported as Unknown,1
48,Texas,481762,HIDALGO (215),NOT APPLICABLE,6,June,2,Monday,2024,14,2:00pm-2:59pm,2,Urban,4,Minor Arterial,26.32643333,-98.38444167,1,Daylight,12,Motor Vehicle In-Transport,1,Clear,2
48,Texas,481763,MCLENNAN (309),NOT APPLICABLE,6,June,2,Monday,2024,22,10:00pm-10:59pm,1,Rural,3,Other Principal Arterial,31.62876111,-97.41448889,2,Dark - Not Lighted,24,Guardrail Face,1,Clear,1
48,Texas,481764,DENTON (121),DENTON,6,June,3,Tuesday,2024,10,10:00am-10:59am,2,Urban,3,Other Principal Arterial,33.25931944,-97.11356667,1,Daylight,12,Motor Vehicle In-Transport,1,Clear,1
48,Texas,481765,LUBBOCK (303),NOT APPLICABLE,6,June,3,Tuesday,2024,15,3:00pm-3:59pm,2,Urban,3,Other Principal Arterial,33.485525,-101.7158056,1,Daylight,1,Rollover/Overturn,1,Clear,2
48,Texas,481766,MIDLAND (329),MIDLAND,6,June,4,Wednesday,2024,22,10:00pm-10:59pm,2,Urban,3,Other Principal Arterial,31.94460278,-102.2421361,2,Dark - Not Lighted,12,Motor Vehicle In-Transport,1,Clear,1
48,Texas,481767,PANOLA (365),NOT APPLICABLE,6,June,4,Wednesday,2024,21,9:00pm-9:59pm,2,Urban,3,Other Principal Arterial,32.17599444,-94.32471111,2,Dark - Not Lighted,12,Motor Vehicle In-Transport,1,Clear,1
48,Texas,481768,SMITH (423),NOT APPLICABLE,6,June,6,Friday,2024,16,4:00pm-4:59pm,2,Urban,3,Other Principal Arterial,32.24308611,-95.34757778,1,Daylight,12,Motor Vehicle In-Transport,1,Clear,1
48,Texas,481769,NUECES (355),CORPUS CHRISTI,6,June,7,Saturday,2024,1,1:00am-1:59am,2,Urban,2,Other Freeways and Expressways,27.73026111,-97.43468333,3,Dark - Lighted,25,Concrete Traffic Barrier,1,Clear,1