STATE,STATENAME,ST_CASE,COUNTYNAME,CITYNAME,MONTH,MONTHNAME,DAY_WEEK,DAY_WEEKNAME,YEAR,HOUR,HOURNAME,RUR_URB,RUR_URBNAME,FUNC_SYS,FUNC_SYSNAME,LATITUDE,LONGITUD,LGT_COND,LGT_CONDNAME,HARM_EV,HARM_EVNAME,WEATHER,WEATHERNAME,FATALS
48,Texas,481770,BEXAR (29),SAN ANTONIO,6,June,1,Sunday,2024,19,7:00pm-7:59pm,2,Urban,4,Minor Arterial,29.341275,-98.50401667,1,Daylight,42,Tree (Standing Only),1,Clear,1
48,Texas,481771,COLLIN (85),RICHARDSON,6,June,1,Sunday,2024,17,5:00pm-5:59pm,2,Urban,4,Minor Arterial,32.99708611,-96.65956944,1,Daylight,12,Motor Vehicle In-Transport,1,Clear,1
48,Texas,481772,DALLAS (113),DALLAS,6,June,2,Monday,2024,0,0:00am-0:59am,2,Urban,2,Other Freeways and Expressways,32.68443889,-96.84979444,3,Dark - Lighted,12,Motor Vehicle In-Transport,1,Clear,1
48,Texas,481773,HARRIS (201),HOUSTON,6,June,2,Monday,2024,23,11:00pm-11:59pm,2,Urban,98,Not Reported,29.64348611,-95.38653611,3,Dark - Lighted,12,Motor Vehicle In-Transport,1,Clear,1
48,Texas,481774,ELLIS (139),ALMA,6,June,2,Monday,2024,16,4:00pm-4:59pm,1,Rural,5,Major Collector,32.28288611,-96.55336667,1,Daylight,12,Motor Vehicle In-Transport,1,Clear,1
48,Texas,481775,HARTLEY (205),DALHART,6,June,5,Thursday,2024,14,2:00pm-2:59pm,2,Urban,5,Major Collector,36.04082222,-102.4965889,1,Daylight,24,Guardrail Face,1,Clear,1
48,Texas,481776,WEBB (479),LAREDO,6,June,4,Wednesday,2024,0,0:00am-0:59am,2,Urban,3,Other Principal Arterial,27.47019167,-99.4479,3,Dark - Lighted,12,Motor Vehicle In-Transport,1,Clear,1
48,Texas,481777,DALLAS (113),DALLAS,6,June,1,Sunday,2024,1,1:00am-1:59am,2,Urban,1,Interstate,32.76615,-96.80569167,3,Dark - Lighted,25,Concrete Traffic Barrier,1,Clear,1
48,Texas,481778,GRAYSON (181),NOT APPLICABLE,6,June,1,Sunday,2024,19,7:00pm-7:59pm,1,Rural,4,Minor Arterial,33.68417778,-96.90570278,1,Daylight,12,Motor Vehicle In-Transport,1,Clear,1
48,Texas,481779,ECTOR (135),NOT APPLICABLE,6,June,2,Monday,2024,14,2:00pm-2:59pm,2,Urban,5,Major Collector,31.82995556,-102.4572417,1,Daylight,12,Motor Vehicle In-Transport,1,Clear,1
48,Texas,481780,SAN JACINTO (407),NOT APPLICABLE,6,June,3,Tuesday,2024,9,9:00am-9:59am,1,Rural,3,Other Principal Arterial,30.74289444,-95.26817778,1,Daylight,12,Motor Vehicle In-Transport,10,Cloudy,1
48,Texas,481782,TARRANT (439),HALTOM CITY,6,June,6,Friday,2024,20,8:00pm-8:59pm,2,Urban,3,Other Principal Arterial,32.79503889,-97.28541944,1,Daylight,1,Rollover/Overturn,1,Clear,1
48,Texas,481783,TOM GREEN (451),SAN ANGELO,6,June,7,Saturday,2024,18,6:00pm-6:59pm,1,Rural,7,Local,31.39605278,-100.4713167,1,Daylight,5,Fell/Jumped from Vehicle,1,Clear,1
48,Texas,481784,NUECES (355),CORPUS CHRISTI,6,June,7,Saturday,2024,3,3:00am-3:59am,2,Urban,3,Other Principal Arterial,27.75755833,-97.3776,3,Dark - Lighted,39,Wall,1,Clear,1
48,Texas,481785,KERR (265),NOT APPLICABLE,7,July,2,Monday,2024,6,6:00am-6:59am,1,Rural,3,Other Principal Arterial,29.98493056,-99.11131944,4,Dawn,12,Motor Vehicle In-Transport,1,Clear,1
48,Texas,481786,REEVES (389),NOT APPLICABLE,7,July,2,Monday,2024,15,3:00pm-3:59pm,1,Rural,1,Interstate,31.41669722,-103.4076806,1,Daylight,12,Motor Vehicle In-Transport,1,Clear,1
48,Texas,481787,FORT BEND (157),MISSOURI CITY,7,July,3,Tuesday,2024,3,3:00am-3:59am,2,Urban,3,Other Principal Arterial,29.51824722,-95.48216667,2,Dark - Not Lighted,12,Motor Vehicle In-Transport,1,Clear,1
48,Texas,481788,MAVERICK (323),NOT APPLICABLE,7,July,3,Tuesday,2024,13,1:00pm-1:59pm,1,Rural,3,Other Principal Arterial,29.05323056,-100.637575,1,Daylight,12,Motor Vehicle In-Transport,1,Clear,1
48,Texas,481789,MORRIS (343),NOT APPLICABLE,7,July,3,Tuesday,2024,7,7:00am-7:59am,1,Rural,4,Minor Arterial,33.18765278,-94.80339444,1,Daylight,38,Fence,1,Clear,1
48,Texas,481790,GRIMES (185),NOT APPLICABLE,7,July,3,Tuesday,2024,16,4:00pm-4:59pm,1,Rural,6,Minor Collector,30.54725,-95.92273056,1,Daylight,1,Rollover/Overturn,1,Clear,1
48,Texas,481791,FRIO (163),NOT APPLICABLE,7,July,4,Wednesday,2024,5,5:00am-5:59am,1,Rural,5,Major Collector,28.81093611,-99.39443056,4,Dawn,12,Motor Vehicle In-Transport,1,Clear,1
48,Texas,481793,CALDWELL (55),NOT APPLICABLE,7,July,4,Wednesday,2024,9,9:00am-9:59am,1,Rural,5,Major Collector,29.79315833,-97.61048056,1,Daylight,12,Motor Vehicle In-Transport,10,Cloudy,1
48,Texas,481794,EL PASO (141),EL PASO,7,July,6,Friday,2024,1,1:00am-1:59am,2,Urban,3,Other Principal Arterial,31.80768611,-106.2604611,3,Dark - Lighted,33,Curb,1,Clear,1
48,Texas,481795,ROBERTSON (395),NOT APPLICABLE,6,June,1,Sunday,2024,12,12:00pm-12:59pm,1,Rural,3,Other Principal Arterial,30.801525,-96.5108,1,Daylight,12,Motor Vehicle In-Transport,1,Clear,1
48,Texas,481796,NUECES (355),NOT APPLICABLE,6,June,6,Friday,2024,21,9:00pm-9:59pm,2,Urban,5,Major Collector,27.83785,-97.633775,3,Dark - Lighted,8,Pedestrian,1,Clear,1
48,Texas,481797,ECTOR (135),NOT APPLICABLE,6,June,3,Tuesday,2024,13,1:00pm-1:59pm,1,Rural,4,Minor Arterial,32.00690278,-102.3711222,1,Daylight,12,Motor Vehicle In-Transport,1,Clear,2
48,Texas,481798,GALVESTON (167),LEAGUE CITY,6,June,6,Friday,2024,23,11:00pm-11:59pm,2,Urban,3,Other Principal Arterial,29.51955556,-95.10131944,2,Dark - Not Lighted,25,Concrete Traffic Barrier,99,Reported as Unknown,1
48,Texas,481799,ELLIS (139),NOT APPLICABLE,6,June,6,Friday,2024,3,3:00am-3:59am,1,Rural,5,Major Collector,32.30463333,-96.8151,2,Dark - Not Lighted,42,Tree (Standing Only),1,Clear,1
48,Texas,481800,SMITH (423),NOT APPLICABLE,6,June,1,Sunday,2024,7,7:00am-7:59am,2,Urban,3,Other Principal Arterial,32.35138889,-95.22815556,1,Daylight,1,Rollover/Overturn,1,Clear,1
48,Texas,481801,MOTLEY (345),NOT APPLICABLE,6,June,5,Thursday,2024,0,0:00am-0:59am,1,Rural,4,Minor Arterial,34.01005556,-100.7385083,2,Dark - Not Lighted,12,Motor Vehicle In-Transport,1,Clear,1
48,Texas,481802,WILLIAMSON (491),GEORGETOWN,6,June,4,Wednesday,2024,20,8:00pm-8:59pm,2,Urban,2,Other Freeways and Expressways,30.67994167,-97.65250556,5,Dusk,12,Motor Vehicle In-Transport,2,Rain,1
48,Texas,481803,DALLAS (113),WILMER,6,June,7,Saturday,2024,3,3:00am-3:59am,2,Urban,1,Interstate,32.55883056,-96.66401667,2,Dark - Not Lighted,52,Guardrail End,1,Clear,1
48,Texas,481804,GREGG (183),KILGORE,6,June,1,Sunday,2024,16,4:00pm-4:59pm,2,Urban,1,Interstate,32.43436389,-94.83523056,1,Daylight,12,Motor Vehicle In-Transport,1,Clear,1
48,Texas,481805,HARRIS (201),NOT APPLICABLE,6,June,6,Friday,2024,2,2:00am-2:59am,2,Urban,3,Other Principal Arterial,30.02650556,-95.39793056,3,Dark - Lighted,33,Curb,1,Clear,1
48,Texas,481806,WILBARGER (487),VERNON,6,June,1,Sunday,2024,4,4:00am-4:59am,2,Urban,2,Other Freeways and Expressways,34.15854444,-99.27226944,3,Dark - Lighted,1,Rollover/Overturn,1,Clear,2
48,Texas,481807,BEXAR (29),SAN ANTONIO,7,July,4,Wednesday,2024,6,6:00am-6:59am,2,Urban,2,Other Freeways and Expressways,29.45338889,-98.68689444,4,Dawn,1,Rollover/Overturn,1,Clear,1
48,Texas,481808,RANDALL (381),NOT APPLICABLE,7,July,5,Thursday,2024,20,8:00pm-8:59pm,2,Urban,6,Minor Collector,35.07235833,-101.8835611,1,Daylight,12,Motor Vehicle In-Transport,1,Clear,1
48,Texas,481809,BRAZORIA (39),PEARLAND,7,July,6,Friday,2024,0,0:00am-0:59am,2,Urban,3,Other Principal Arterial,29.50095556,-95.25758611,2,Dark - Not Lighted,8,Pedestrian,1,Clear,1
48,Texas,481810,FRIO (163),PEARSALL,7,July,6,Friday,2024,22,10:00pm-10:59pm,2,Urban,1,Interstate,28.88315833,-99.11670278,2,Dark - Not Lighted,14,Parked Motor Vehicle,1,Clear,2
48,Texas,481811,BROWN (49),NOT APPLICABLE,7,July,7,Saturday,2024,8,8:00am-8:59am,1,Rural,5,Major Collector,31.78740278,-99.03248333,1,Daylight,59,Traffic Sign Support,1,Clear,1
48,Texas,481812,COMAL (91),NEW BRAUNFELS,7,July,7,Saturday,2024,22,10:00pm-10:59pm,2,Urban,5,Major Collector,29.67400833,-98.15429444,3,Dark - Lighted,39,Wall,2,Rain,1
48,Texas,481813,BEXAR (29),SAN ANTONIO,7,July,7,Saturday,2024,7,7:00am-7:59am,2,Urban,5,Major Collector,29.55406389,-98.79644444,1,Daylight,18,Other Object (not fixed),1,Clear,1
48,Texas,481814,HARRIS (201),HOUSTON,5,May,6,Friday,2024,9,9:00am-9:59am,2,Urban,1,Interstate,29.77373333,-95.24026111,1,Daylight,12,Motor Vehicle In-Transport,2,Rain,1
48,Texas,481815,TRAVIS (453),AUSTIN,5,May,3,Tuesday,2024,19,7:00pm-7:59pm,2,Urban,4,Minor Arterial,30.24364444,-97.78232222,1,Daylight,12,Motor Vehicle In-Transport,1,Clear,1
48,Texas,481816,JACK (237),NOT APPLICABLE,6,June,1,Sunday,2024,3,3:00am-3:59am,1,Rural,4,Minor Arterial,33.07965556,-98.06537222,2,Dark - Not Lighted,38,Fence,1,Clear,1
48,Texas,481817,POLK (373),NOT APPLICABLE,6,June,2,Monday,2024,18,6:00pm-6:59pm,1,Rural,5,Major Collector,30.63160278,-94.91323333,1,Daylight,42,Tree (Standing Only),10,Cloudy,1
48,Texas,481818,HAYS (209),NOT APPLICABLE,6,June,7,Saturday,2024,15,3:00pm-3:59pm,2,Urban,5,Major Collector,30.11727778,-97.97108333,1,Daylight,12,Motor Vehicle In-Transport,1,Clear,1
48,Texas,481819,TARRANT (439),FORT WORTH,6,June,2,Monday,2024,0,0:00am-0:59am,2,Urban,1,Interstate,32.7424,-97.34013333,2,Dark - Not Lighted,25,Concrete Traffic Barrier,1,Clear,1
48,Texas,481820,WOOD (499),NOT APPLICABLE,6,June,4,Wednesday,2024,13,1:00pm-1:59pm,2,Urban,3,Other Principal Arterial,32.67550278,-95.53666944,1,Daylight,42,Tree (Standing Only),2,Rain,1
48,Texas,481821,SHELBY (419),NOT APPLICABLE,6,June,6,Friday,2024,1,1:00am-1:59am,2,Urban,3,Other Principal Arterial,31.89125,-94.42073889,2,Dark - Not Lighted,12,Motor Vehicle In-Transport,1,Clear,1
48,Texas,481822,HARRIS (201),NOT APPLICABLE,6,June,6,Friday,2024,0,0:00am-0:59am,2,Urban,5,Major Collector,29.88486667,-95.31701111,3,Dark - Lighted,45,Working Motor Vehicle,1,Clear,1
48,Texas,481823,HARRISON (203),NOT APPLICABLE,6,June,7,Saturday,2024,0,0:00am-0:59am,1,Rural,1,Interstate,32.49143056,-94.35375278,3,Dark - Lighted,12,Motor Vehicle In-Transport,1,Clear,1
48,Texas,481824,WASHINGTON (477),NOT APPLICABLE,7,July,2,Monday,2024,20,8:00pm-8:59pm,1,Rural,6,Minor Collector,30.16405278,-96.31311667,1,Daylight,38,Fence,1,Clear,1
48,Texas,481825,EL PASO (141),NOT APPLICABLE,7,July,2,Monday,2024,23,11:00pm-11:59pm,2,Urban,5,Major Collector,31.65926389,-106.2405944,3,Dark - Lighted,8,Pedestrian,1,Clear,1
48,Texas,481826,TARRANT (439),FORT WORTH,7,July,1,Sunday,2024,7,7:00am-7:59am,2,Urban,1,Interstate,32.68371389,-97.40915,1,Daylight,52,Guardrail End,1,Clear,1
48,Texas,481827,WILLIAMSON (491),ROUND ROCK,7,July,2,Monday,2024,8,8:00am-8:59am,2,Urban,1,Interstate,30.49711944,-97.67938333,1,Daylight,20,Impact Attenuator/Crash Cushion,10,Cloudy,1
48,Texas,481828,DALLAS (113),DALLAS,6,June,4,Wednesday,2024,4,4:00am-4:59am,2,Urban,3,Other Principal Arterial,32.90926667,-96.72941667,3,Dark - Lighted,8,Pedestrian,10,Cloudy,1
48,Texas,481829,MONTGOMERY (339),NOT APPLICABLE,7,July,4,Wednesday,2024,23,11:00pm-11:59pm,2,Urban,5,Major Collector,30.12659167,-95.45529722,2,Dark - Not Lighted,44,"Pavement Surface Irregularity (Ruts, Potholes, Grates, etc.)",1,Clear,1
48,Texas,481830,VAN ZANDT (467),NOT APPLICABLE,7,July,5,Thursday,2024,21,9:00pm-9:59pm,1,Rural,6,Minor Collector,32.47225278,-96.02901111,2,Dark - Not Lighted,11,Live Animal,1,Clear,1
48,Texas,481831,DALLAS (113),DALLAS,6,June,6,Friday,2024,23,11:00pm-11:59pm,2,Urban,3,Other Principal Arterial,32.67269167,-96.76280278,3,Dark - Lighted,12,Motor Vehicle In-Transport,1,Clear,1
48,Texas,481832,FANNIN (147),NOT APPLICABLE,7,July,2,Monday,2024,17,5:00pm-5:59pm,1,Rural,4,Minor Arterial,33.52919444,-96.22198611,1,Daylight,12,Motor Vehicle In-Transport,1,Clear,1
48,Texas,481833,ROBERTSON (395),NOT APPLICABLE,6,June,4,Wednesday,2024,6,6:00am-6:59am,1,Rural,6,Minor Collector,30.83536667,-96.51832222,2,Dark - Not Lighted,12,Motor Vehicle In-Transport,1,Clear,1
48,Texas,481834,ARANSAS (7),NOT APPLICABLE,7,July,4,Wednesday,2024,13,1:00pm-1:59pm,1,Rural,4,Minor Arterial,28.27031667,-96.96359444,1,Daylight,12,Motor Vehicle In-Transport,2,Rain,2
48,Texas,481835,TRAVIS (453),AUSTIN,7,July,5,Thursday,2024,1,1:00am-1:59am,2,Urban,2,Other Freeways and Expressways,30.42113333,-97.74708611,3,Dark - Lighted,12,Motor Vehicle In-Transport,1,Clear,1
48,Texas,481836,TRAVIS (453),AUSTIN,7,July,1,Sunday,2024,21,9:00pm-9:59pm,2,Urban,3,Other Principal Arterial,30.44387778,-97.74225833,3,Dark - Lighted,12,Motor Vehicle In-Transport,1,Clear,1
48,Texas,481837,TARRANT (439),GRAPEVINE,7,July,7,Saturday,2024,5,5:00am-5:59am,2,Urban,1,Interstate,32.94919167,-97.04083056,6,Dark - Unknown Lighting,1,Rollover/Overturn,1,Clear,1
48,Texas,481838,HIDALGO (215),MISSION,6,June,7,Saturday,2024,9,9:00am-9:59am,2,Urban,1,Interstate,26.22366111,-98.35521111,1,Daylight,12,Motor Vehicle In-Transport,1,Clear,1
48,Texas,481839,HARRIS (201),HOUSTON,7,July,4,Wednesday,2024,4,4:00am-4:59am,2,Urban,1,Interstate,29.8129,-95.41422222,3,Dark - Lighted,12,Motor Vehicle In-Transport,1,Clear,1
48,Texas,481840,WALKER (471),HUNTSVILLE,7,July,2,Monday,2024,16,4:00pm-4:59pm,1,Rural,4,Minor Arterial,30.62880556,-95.49064722,1,Daylight,43,Other Fixed Object,10,Cloudy,1
48,Texas,481841,GRAYSON (181),NOT APPLICABLE,6,June,3,Tuesday,2024,16,4:00pm-4:59pm,1,Rural,4,Minor Arterial,33.76185556,-96.64273611,1,Daylight,12,Motor Vehicle In-Transport,1,Clear,1
48,Texas,481842,HARRIS (201),NOT APPLICABLE,6,June,3,Tuesday,2024,8,8:00am-8:59am,2,Urban,2,Other Freeways and Expressways,30.09453611,-95.50532778,1,Daylight,12,Motor Vehicle In-Transport,1,Clear,1
48,Texas,481843,BELL (27),KILLEEN,6,June,1,Sunday,2024,23,11:00pm-11:59pm,2,Urban,3,Other Principal Arterial,31.08989722,-97.69586389,2,Dark - Not Lighted,12,Motor Vehicle In-Transport,1,Clear,1
48,Texas,481844,PECOS (371),NOT APPLICABLE,7,July,4,Wednesday,2024,15,3:00pm-3:59pm,1,Rural,3,Other Principal Arterial,31.05172222,-102.4088389,1,Daylight,1,Rollover/Overturn,1,Clear,1
48,Texas,481845,TOM GREEN (451),SAN ANGELO,7,July,7,Saturday,2024,16,4:00pm-4:59pm,2,Urban,2,Other Freeways and Expressways,31.47351389,-100.4337972,1,Daylight,59,Traffic Sign Support,2,Rain,1
48,Texas,481846,JEFFERSON (245),BEAUMONT,7,July,1,Sunday,2024,4,4:00am-4:59am,2,Urban,1,Interstate,30.08263056,-94.13580278,3,Dark - Lighted,8,Pedestrian,2,Rain,1
48,Texas,481847,PARKER (367),Other,7,July,5,Thursday,2024,22,10:00pm-10:59pm,2,Urban,1,Interstate,32.75471389,-97.69522222,2,Dark - Not Lighted,12,Motor Vehicle In-Transport,10,Cloudy,1
48,Texas,481848,HARRIS (201),NOT APPLICABLE,5,May,7,Saturday,2024,22,10:00pm-10:59pm,2,Urban,4,Minor Arterial,29.79176389,-95.07877222,2,Dark - Not Lighted,9,Pedalcyclist,10,Cloudy,1
48,Texas,481849,HARRIS (201),HOUSTON,6,June,4,Wednesday,2024,21,9:00pm-9:59pm,2,Urban,1,Interstate,29.72250556,-95.492875,3,Dark - Lighted,8,Pedestrian,1,Clear,1
48,Texas,481850,DALLAS (113),DALLAS,6,June,5,Thursday,2024,6,6:00am-6:59am,2,Urban,3,Other Principal Arterial,32.90936111,-96.88062778,4,Dawn,8,Pedestrian,10,Cloudy,1
48,Texas,481851,HARRIS (201),NOT APPLICABLE,6,June,7,Saturday,2024,1,1:00am-1:59am,2,Urban,2,Other Freeways and Expressways,30.05151389,-95.59835833,2,Dark - Not Lighted,8,Pedestrian,1,Clear,1
48,Texas,481852,MCLENNAN (309),BELLMEAD,6,June,5,Thursday,2024,19,7:00pm-7:59pm,2,Urban,7,Local,31.58060278,-97.09848611,1,Daylight,7,Other Non-Collision,1,Clear,1
48,Texas,481853,TRAVIS (453),AUSTIN,6,June,6,Friday,2024,10,10:00am-10:59am,2,Urban,5,Major Collector,30.22751944,-97.77981944,1,Daylight,25,Concrete Traffic Barrier,1,Clear,1
48,Texas,481854,WILSON (493),FLORESVILLE,6,June,7,Saturday,2024,1,1:00am-1:59am,2,Urban,4,Minor Arterial,29.12806944,-98.15158611,3,Dark - Lighted,59,Traffic Sign Support,1,Clear,1
48,Texas,481855,HILL (217),NOT APPLICABLE,6,June,1,Sunday,2024,9,9:00am-9:59am,1,Rural,5,Major Collector,31.99127222,-97.03633889,1,Daylight,12,Motor Vehicle In-Transport,1,Clear,1
48,Texas,481856,OLDHAM (359),NOT APPLICABLE,7,July,2,Monday,2024,15,3:00pm-3:59pm,1,Rural,1,Interstate,35.18411389,-102.9972722,1,Daylight,1,Rollover/Overturn,1,Clear,1
48,Texas,481857,DENTON (121),FRISCO,7,July,5,Thursday,2024,1,1:00am-1:59am,2,Urban,4,Minor Arterial,33.12000278,-96.84266389,3,Dark - Lighted,33,Curb,1,Clear,1
48,Texas,481858,EL PASO (141),NOT APPLICABLE,7,July,2,Monday,2024,3,3:00am-3:59am,2,Urban,5,Major Collector,31.66117222,-106.1472639,2,Dark - Not Lighted,12,Motor Vehicle In-Transport,98,Not Reported,1
48,Texas,481859,HARRIS (201),NOT APPLICABLE,7,July,3,Tuesday,2024,8,8:00am-8:59am,2,Urban,4,Minor Arterial,29.91157778,-95.47995556,1,Daylight,8,Pedestrian,1,Clear,1
48,Texas,481860,EL PASO (141),EL PASO,7,July,3,Tuesday,2024,9,9:00am-9:59am,2,Urban,3,Other Principal Arterial,31.87780278,-106.5482194,1,Daylight,12,Motor Vehicle In-Transport,1,Clear,1
48,Texas,481861,TARRANT (439),HURST,7,July,4,Wednesday,2024,3,3:00am-3:59am,2,Urban,1,Interstate,32.82691667,-97.20526667,3,Dark - Lighted,59,Traffic Sign Support,1,Clear,1
48,Texas,481862,SMITH (423),NOT APPLICABLE,7,July,4,Wednesday,2024,16,4:00pm-4:59pm,1,Rural,5,Major Collector,32.42459722,-95.16938889,1,Daylight,1,Rollover/Overturn,1,Clear,1
48,Texas,481863,SHELBY (419),NOT APPLICABLE,7,July,6,Friday,2024,20,8:00pm-8:59pm,1,Rural,4,Minor Arterial,31.90932222,-94.07717222,2,Dark - Not Lighted,12,Motor Vehicle In-Transport,10,Cloudy,1
48,Texas,481864,TRAVIS (453),AUSTIN,7,July,5,Thursday,2024,17,5:00pm-5:59pm,2,Urban,5,Major Collector,30.36331111,-97.71797222,1,Daylight,31,"Post, Pole or Other Supports",1,Clear,2
48,Texas,481865,DALLAS (113),DALLAS,6,June,6,Friday,2024,19,7:00pm-7:59pm,2,Urban,7,Local,32.70131389,-96.79330278,1,Daylight,12,Motor Vehicle In-Transport,1,Clear,1
48,Texas,481866,WALLER (473),NOT APPLICABLE,6,June,1,Sunday,2024,20,8:00pm-8:59pm,1,Rural,6,Minor Collector,30.213,-96.00337222,2,Dark - Not Lighted,38,Fence,1,Clear,1
48,Texas,481867,ANDREWS (3),NOT APPLICABLE,6,June,4,Wednesday,2024,3,3:00am-3:59am,1,Rural,4,Minor Arterial,32.32475,-102.2419194,2,Dark - Not Lighted,12,Motor Vehicle In-Transport,1,Clear,1
48,Texas,481868,WISE (497),NOT APPLICABLE,6,June,5,Thursday,2024,3,3:00am-3:59am,1,Rural,3,Other Principal Arterial,33.43165,-97.75748333,2,Dark - Not Lighted,12,Motor Vehicle In-Transport,1,Clear,1
48,Texas,481869,VICTORIA (469),NOT APPLICABLE,7,July,3,Tuesday,2024,6,6:00am-6:59am,1,Rural,3,Other Principal Arterial,28.74641111,-97.06824167,2,Dark - Not Lighted,8,Pedestrian,1,Clear,1
48,Texas,481870,BEXAR (29),SAN ANTONIO,7,July,5,Thursday,2024,20,8:00pm-8:59pm,2,Urban,4,Minor Arterial,29.57213611,-98.44807222,5,Dusk,12,Motor Vehicle In-Transport,1,Clear,1
48,Texas,481871,SAN AUGUSTINE (405),NOT APPLICABLE,7,July,5,Thursday,2024,11,11:00am-11:59am,1,Rural,4,Minor Arterial,31.46948611,-94.14414722,1,Daylight,12,Motor Vehicle In-Transport,1,Clear,1
48,Texas,481872,NAVARRO (349),RETREAT,7,July,5,Thursday,2024,22,10:00pm-10:59pm,1,Rural,3,Other Principal Arterial,32.04761111,-96.49063056,2,Dark - Not Lighted,12,Motor Vehicle In-Transport,1,Clear,1
48,Texas,481873,HARRIS (201),HOUSTON,7,July,6,Friday,2024,9,9:00am-9:59am,1,Rural,3,Other Principal Arterial,29.65976389,-95.44178889,1,Daylight,30,Utility Pole/Light Support,1,Clear,1
48,Texas,481874,KAUFMAN (257),NOT APPLICABLE,7,July,1,Sunday,2024,18,6:00pm-6:59pm,1,Rural,4,Minor Arterial,32.57510278,-96.18513333,1,Daylight,12,Motor Vehicle In-Transport,10,Cloudy,1
48,Texas,481875,HUDSPETH (229),NOT APPLICABLE,7,July,1,Sunday,2024,14,2:00pm-2:59pm,1,Rural,1,Interstate,31.19979444,-105.455,1,Daylight,1,Rollover/Overturn,1,Clear,5
48,Texas,481876,SMITH (423),TYLER,7,July,3,Tuesday,2024,15,3:00pm-3:59pm,2,Urban,3,Other Principal Arterial,32.29654444,-95.30116111,1,Daylight,12,Motor Vehicle In-Transport,1,Clear,1
48,Texas,481877,GALVESTON (167),GALVESTON,7,July,3,Tuesday,2024,23,11:00pm-11:59pm,2,Urban,5,Major Collector,29.33514167,-94.75223333,2,Dark - Not Lighted,39,Wall,1,Clear,1
48,Texas,481878,ANGELINA (5),NOT APPLICABLE,7,July,3,Tuesday,2024,21,9:00pm-9:59pm,1,Rural,3,Other Principal Arterial,31.23998056,-94.55367778,2,Dark - Not Lighted,12,Motor Vehicle In-Transport,10,Cloudy,1
48,Texas,481879,BEXAR (29),SAN ANTONIO,7,July,4,Wednesday,2024,16,4:00pm-4:59pm,2,Urban,1,Interstate,29.45341111,-98.33521667,1,Daylight,30,Utility Pole/Light Support,10,Cloudy,1
48,Texas,481880,TARRANT (439),FORT WORTH,7,July,5,Thursday,2024,16,4:00pm-4:59pm,2,Urban,5,Major Collector,32.96912778,-97.36687222,1,Daylight,1,Rollover/Overturn,1,Clear,1
48,Texas,481882,ECTOR (135),ODESSA,7,July,6,Friday,2024,23,11:00pm-11:59pm,2,Urban,5,Major Collector,31.86021111,-102.3864111,3,Dark - Lighted,38,Fence,1,Clear,2
48,Texas,481883,ERATH (143),STEPHENVILLE,7,July,7,Saturday,2024,13,1:00pm-1:59pm,2,Urban,3,Other Principal Arterial,32.19105,-98.26066667,1,Daylight,12,Motor Vehicle In-Transport,1,Clear,1
48,Texas,481884,TAYLOR (441),ABILENE,2,February,5,Thursday,2024,5,5:00am-5:59am,2,Urban,4,Minor Arterial,32.47883611,-99.696575,3,Dark - Lighted,8,Pedestrian,2,Rain,1
48,Texas,481885,PRESIDIO (377),NOT APPLICABLE,7,July,5,Thursday,2024,23,11:00pm-11:59pm,1,Rural,3,Other Principal Arterial,29.86604167,-104.2905528,2,Dark - Not Lighted,52,Guardrail End,1,Clear,1
48,Texas,481886,WILLACY (489),NOT APPLICABLE,7,July,7,Saturday,2024,0,0:00am-0:59am,1,Rural,6,Minor Collector,26.50406111,-97.736525,2,Dark - Not Lighted,12,Motor Vehicle In-Transport,10,Cloudy,1
48,Texas,481887,KERR (265),NOT APPLICABLE,7,July,2,Monday,2024,3,3:00am-3:59am,1,Rural,3,Other Principal Arterial,29.96552778,-99.07551111,2,Dark - Not Lighted,11,Live Animal,10,Cloudy,1
48,Texas,481888,HARRIS (201),HOUSTON,7,July,3,Tuesday,2024,18,6:00pm-6:59pm,2,Urban,7,Local,29.70290556,-95.48668889,1,Daylight,12,Motor Vehicle In-Transport,1,Clear,1
48,Texas,481889,JACKSON (239),NOT APPLICABLE,6,June,5,Thursday,2024,22,10:00pm-10:59pm,1,Rural,3,Other Principal Arterial,28.92245,-96.75575556,3,Dark - Lighted,12,Motor Vehicle In-Transport,1,Clear,1
48,Texas,481890,HARRIS (201),HOUSTON,6,June,1,Sunday,2024,23,11:00pm-11:59pm,2,Urban,1,Interstate,29.77950556,-95.36811111,2,Dark - Not Lighted,25,Concrete Traffic Barrier,1,Clear,1
48,Texas,481891,WISE (497),NOT APPLICABLE,7,July,3,Tuesday,2024,12,12:00pm-12:59pm,1,Rural,5,Major Collector,33.17229167,-97.43821667,1,Daylight,12,Motor Vehicle In-Transport,1,Clear,1
48,Texas,481892,HILL (217),NOT APPLICABLE,7,July,5,Thursday,2024,17,5:00pm-5:59pm,1,Rural,7,Local,32.20969444,-97.28819444,1,Daylight,35,Embankment,1,Clear,1
48,Texas,481893,HARRIS (201),HOUSTON,7,July,2,Monday,2024,14,2:00pm-2:59pm,2,Urban,4,Minor Arterial,29.78494722,-95.36596944,1,Daylight,25,Concrete Traffic Barrier,2,Rain,1
48,Texas,481894,TRAVIS (453),AUSTIN,7,July,3,Tuesday,2024,23,11:00pm-11:59pm,2,Urban,4,Minor Arterial,30.30706111,-97.724475,3,Dark - Lighted,31,"Post, Pole or Other Supports",1,Clear,1
48,Texas,481895,BRAZOS (41),BRYAN,7,July,4,Wednesday,2024,15,3:00pm-3:59pm,2,Urban,3,Other Principal Arterial,30.67679444,-96.41438333,1,Daylight,12,Motor Vehicle In-Transport,1,Clear,1