STATE,STATENAME,ST_CASE,COUNTYNAME,CITYNAME,MONTH,MONTHNAME,DAY_WEEK,DAY_WEEKNAME,YEAR,HOUR,HOURNAME,RUR_URB,RUR_URBNAME,FUNC_SYS,FUNC_SYSNAME,LATITUDE,LONGITUD,LGT_COND,LGT_CONDNAME,HARM_EV,HARM_EVNAME,WEATHER,WEATHERNAME,FATALS
48,Texas,481896,DALLAS (113),DALLAS,7,July,6,Friday,2024,0,0:00am-0:59am,2,Urban,1,Interstate,32.784775,-96.76860833,2,Dark - Not Lighted,8,Pedestrian,1,Clear,1
48,Texas,481897,JIM WELLS (249),NOT APPLICABLE,7,July,4,Wednesday,2024,22,10:00pm-10:59pm,2,Urban,4,Minor Arterial,27.79872778,-98.08449167,2,Dark - Not Lighted,1,Rollover/Overturn,1,Clear,1
48,Texas,481898,CARSON (65),NOT APPLICABLE,7,July,5,Thursday,2024,8,8:00am-8:59am,1,Rural,1,Interstate,35.21301944,-101.1175444,1,Daylight,52,Guardrail End,1,Clear,2
48,Texas,481899,HOOD (221),NOT APPLICABLE,7,July,6,Friday,2024,17,5:00pm-5:59pm,1,Rural,4,Minor Arterial,32.54868056,-97.65065556,1,Daylight,12,Motor Vehicle In-Transport,10,Cloudy,1
48,Texas,481900,NUECES (355),CORPUS CHRISTI,3,March,5,Thursday,2024,23,11:00pm-11:59pm,2,Urban,2,Other Freeways and Expressways,27.75435833,-97.4584,3,Dark - Lighted,8,Pedestrian,1,Clear,1
48,Texas,481901,HARRIS (201),HOUSTON,6,June,1,Sunday,2024,21,9:00pm-9:59pm,2,Urban,3,Other Principal Arterial,29.72487778,-95.31148333,3,Dark - Lighted,8,Pedestrian,1,Clear,1
48,Texas,481902,HUNT (231),NOT APPLICABLE,6,June,4,Wednesday,2024,9,9:00am-9:59am,1,Rural,3,Other Principal Arterial,33.150675,-96.26652778,1,Daylight,12,Motor Vehicle In-Transport,1,Clear,1
48,Texas,481903,WISE (497),NOT APPLICABLE,6,June,5,Thursday,2024,20,8:00pm-8:59pm,1,Rural,7,Local,33.04936667,-97.60519722,2,Dark - Not Lighted,38,Fence,1,Clear,1
48,Texas,481904,ATASCOSA (13),NOT APPLICABLE,6,June,6,Friday,2024,10,10:00am-10:59am,1,Rural,1,Interstate,28.72870833,-98.28750556,1,Daylight,1,Rollover/Overturn,1,Clear,1
48,Texas,481905,GONZALES (177),GONZALES,6,June,7,Saturday,2024,20,8:00pm-8:59pm,2,Urban,3,Other Principal Arterial,29.50711389,-97.45945833,1,Daylight,12,Motor Vehicle In-Transport,1,Clear,2
48,Texas,481906,EL PASO (141),EL PASO,7,July,3,Tuesday,2024,18,6:00pm-6:59pm,2,Urban,5,Major Collector,31.77880833,-106.3924028,1,Daylight,12,Motor Vehicle In-Transport,1,Clear,1
48,Texas,481907,MCLENNAN (309),NOT APPLICABLE,7,July,4,Wednesday,2024,15,3:00pm-3:59pm,1,Rural,5,Major Collector,31.52121667,-97.34206389,1,Daylight,59,Traffic Sign Support,1,Clear,1
48,Texas,481908,GALVESTON (167),NOT APPLICABLE,7,July,4,Wednesday,2024,15,3:00pm-3:59pm,2,Urban,4,Minor Arterial,29.43872778,-95.13641111,1,Daylight,52,Guardrail End,1,Clear,1
48,Texas,481909,POLK (373),NOT APPLICABLE,7,July,4,Wednesday,2024,0,0:00am-0:59am,1,Rural,5,Major Collector,30.75659722,-94.9525,2,Dark - Not Lighted,1,Rollover/Overturn,1,Clear,1
48,Texas,481910,TARRANT (439),ARLINGTON,7,July,6,Friday,2024,11,11:00am-11:59am,2,Urban,3,Other Principal Arterial,32.76939722,-97.14789444,1,Daylight,30,Utility Pole/Light Support,1,Clear,1
48,Texas,481911,OCHILTREE (357),NOT APPLICABLE,7,July,1,Sunday,2024,19,7:00pm-7:59pm,1,Rural,5,Major Collector,36.38342222,-100.6193917,1,Daylight,32,Culvert,1,Clear,1
48,Texas,481912,RUSK (401),NOT APPLICABLE,7,July,2,Monday,2024,13,1:00pm-1:59pm,1,Rural,4,Minor Arterial,32.19521667,-94.97924444,1,Daylight,12,Motor Vehicle In-Transport,2,Rain,1
48,Texas,481913,CALDWELL (55),LOCKHART,7,July,4,Wednesday,2024,21,9:00pm-9:59pm,1,Rural,3,Other Principal Arterial,29.90526944,-97.67963889,3,Dark - Lighted,12,Motor Vehicle In-Transport,1,Clear,1
48,Texas,481914,HENDERSON (213),NOT APPLICABLE,7,July,5,Thursday,2024,16,4:00pm-4:59pm,1,Rural,3,Other Principal Arterial,32.08836667,-95.62321389,1,Daylight,12,Motor Vehicle In-Transport,1,Clear,1
48,Texas,481915,HARRIS (201),NOT APPLICABLE,7,July,7,Saturday,2024,21,9:00pm-9:59pm,2,Urban,3,Other Principal Arterial,30.07941389,-95.70905278,2,Dark - Not Lighted,12,Motor Vehicle In-Transport,10,Cloudy,1
48,Texas,481916,DENTON (121),LEWISVILLE,7,July,7,Saturday,2024,20,8:00pm-8:59pm,2,Urban,2,Other Freeways and Expressways,33.00445556,-96.95343889,1,Daylight,12,Motor Vehicle In-Transport,1,Clear,1
48,Texas,481917,TARRANT (439),FORT WORTH,7,July,7,Saturday,2024,2,2:00am-2:59am,2,Urban,1,Interstate,32.66154167,-97.26212778,3,Dark - Lighted,12,Motor Vehicle In-Transport,1,Clear,1
48,Texas,481918,NAVARRO (349),NOT APPLICABLE,7,July,1,Sunday,2024,2,2:00am-2:59am,1,Rural,3,Other Principal Arterial,32.14038333,-96.46811944,2,Dark - Not Lighted,59,Traffic Sign Support,1,Clear,1
48,Texas,481919,HARRIS (201),HOUSTON,7,July,1,Sunday,2024,13,1:00pm-1:59pm,2,Urban,7,Local,29.93979167,-95.24858056,1,Daylight,3,Immersion or Partial Immersion,1,Clear,1
48,Texas,481921,HARRIS (201),TOMBALL,6,June,5,Thursday,2024,5,5:00am-5:59am,2,Urban,3,Other Principal Arterial,30.08928056,-95.64697222,2,Dark - Not Lighted,9,Pedalcyclist,1,Clear,1
48,Texas,481922,HILL (217),NOT APPLICABLE,7,July,7,Saturday,2024,16,4:00pm-4:59pm,1,Rural,4,Minor Arterial,31.88010278,-97.34575556,1,Daylight,12,Motor Vehicle In-Transport,1,Clear,1
48,Texas,481923,HARRIS (201),NOT APPLICABLE,6,June,5,Thursday,2024,22,10:00pm-10:59pm,2,Urban,2,Other Freeways and Expressways,30.05195278,-95.60976111,2,Dark - Not Lighted,8,Pedestrian,1,Clear,1
48,Texas,481924,HARRIS (201),HOUSTON,6,June,7,Saturday,2024,22,10:00pm-10:59pm,2,Urban,1,Interstate,29.64896944,-95.24872222,3,Dark - Lighted,8,Pedestrian,1,Clear,1
48,Texas,481925,ROCKWALL (397),MCLENDON CHISHOLM,7,July,3,Tuesday,2024,12,12:00pm-12:59pm,2,Urban,4,Minor Arterial,32.85243611,-96.39445278,1,Daylight,12,Motor Vehicle In-Transport,1,Clear,1
48,Texas,481926,DALLAS (113),DALLAS,7,July,7,Saturday,2024,1,1:00am-1:59am,2,Urban,1,Interstate,32.80285278,-96.8328,2,Dark - Not Lighted,8,Pedestrian,1,Clear,1
48,Texas,481927,HARRIS (201),NOT APPLICABLE,6,June,6,Friday,2024,15,3:00pm-3:59pm,2,Urban,3,Other Principal Arterial,29.91762222,-95.07027222,1,Daylight,12,Motor Vehicle In-Transport,10,Cloudy,1
48,Texas,481928,TRAVIS (453),DEL VALLE,6,June,7,Saturday,2024,16,4:00pm-4:59pm,1,Rural,7,Local,30.16068611,-97.55496111,1,Daylight,12,Motor Vehicle In-Transport,1,Clear,1
48,Texas,481929,HARRIS (201),HOUSTON,6,June,1,Sunday,2024,20,8:00pm-8:59pm,2,Urban,4,Minor Arterial,29.84519444,-95.35813889,1,Daylight,33,Curb,1,Clear,1
48,Texas,481930,GRAYSON (181),HOWE,7,July,3,Tuesday,2024,5,5:00am-5:59am,1,Rural,98,Not Reported,33.50635556,-96.61432222,3,Dark - Lighted,12,Motor Vehicle In-Transport,1,Clear,1
48,Texas,481931,TRAVIS (453),NOT APPLICABLE,7,July,3,Tuesday,2024,16,4:00pm-4:59pm,2,Urban,3,Other Principal Arterial,30.21155556,-97.96822778,1,Daylight,12,Motor Vehicle In-Transport,1,Clear,1
48,Texas,481932,HIDALGO (215),NOT APPLICABLE,7,July,5,Thursday,2024,0,0:00am-0:59am,2,Urban,1,Interstate,26.17901944,-98.03281111,2,Dark - Not Lighted,43,Other Fixed Object,1,Clear,1
48,Texas,481933,CALDWELL (55),NOT APPLICABLE,7,July,7,Saturday,2024,0,0:00am-0:59am,1,Rural,3,Other Principal Arterial,30.05038889,-97.63514167,2,Dark - Not Lighted,59,Traffic Sign Support,10,Cloudy,1
48,Texas,481934,OLDHAM (359),NOT APPLICABLE,7,July,1,Sunday,2024,14,2:00pm-2:59pm,1,Rural,1,Interstate,35.24900278,-102.7894833,1,Daylight,12,Motor Vehicle In-Transport,1,Clear,2
48,Texas,481935,TARRANT (439),FORT WORTH,7,July,2,Monday,2024,11,11:00am-11:59am,2,Urban,7,Local,32.67086111,-97.38282222,1,Daylight,19,Building,1,Clear,1
48,Texas,481936,LUBBOCK (303),NOT APPLICABLE,7,July,4,Wednesday,2024,9,9:00am-9:59am,2,Urban,3,Other Principal Arterial,33.47718333,-101.7010194,1,Daylight,12,Motor Vehicle In-Transport,1,Clear,1
48,Texas,481937,LAVACA (285),NOT APPLICABLE,7,July,5,Thursday,2024,6,6:00am-6:59am,1,Rural,5,Major Collector,29.26556111,-97.10918611,2,Dark - Not Lighted,8,Pedestrian,1,Clear,1
48,Texas,481938,MIDLAND (329),MIDLAND,7,July,6,Friday,2024,7,7:00am-7:59am,2,Urban,2,Other Freeways and Expressways,31.98094722,-102.2253806,1,Daylight,12,Motor Vehicle In-Transport,1,Clear,1
48,Texas,481939,BEXAR (29),SAN ANTONIO,7,July,6,Friday,2024,8,8:00am-8:59am,2,Urban,1,Interstate,29.36934167,-98.63609167,1,Daylight,12,Motor Vehicle In-Transport,1,Clear,1
48,Texas,481940,HARRIS (201),HOUSTON,7,July,2,Monday,2024,0,0:00am-0:59am,2,Urban,3,Other Principal Arterial,29.73625556,-95.60600833,3,Dark - Lighted,8,Pedestrian,10,Cloudy,1
48,Texas,481941,POTTER (375),AMARILLO,7,July,4,Wednesday,2024,2,2:00am-2:59am,2,Urban,1,Interstate,35.19255833,-101.7793056,3,Dark - Lighted,12,Motor Vehicle In-Transport,1,Clear,1
48,Texas,481942,DALLAS (113),DALLAS,7,July,5,Thursday,2024,2,2:00am-2:59am,2,Urban,4,Minor Arterial,32.75269722,-96.78223056,3,Dark - Lighted,8,Pedestrian,1,Clear,1
48,Texas,481943,HIDALGO (215),PHARR,7,July,5,Thursday,2024,15,3:00pm-3:59pm,2,Urban,4,Minor Arterial,26.23480556,-98.18949722,1,Daylight,12,Motor Vehicle In-Transport,1,Clear,1
48,Texas,481944,HARRIS (201),NOT APPLICABLE,6,June,6,Friday,2024,17,5:00pm-5:59pm,2,Urban,3,Other Principal Arterial,29.79654722,-95.05526111,1,Daylight,12,Motor Vehicle In-Transport,1,Clear,1
48,Texas,481945,BEXAR (29),SAN ANTONIO,6,June,3,Tuesday,2024,14,2:00pm-2:59pm,2,Urban,4,Minor Arterial,29.44972778,-98.52433889,1,Daylight,9,Pedalcyclist,1,Clear,1
48,Texas,481946,SAN PATRICIO (409),SINTON,6,June,5,Thursday,2024,12,12:00pm-12:59pm,2,Urban,7,Local,28.03776944,-97.50573889,1,Daylight,10,Railway Vehicle,1,Clear,1
48,Texas,481947,DALLAM (111),NOT APPLICABLE,6,June,6,Friday,2024,15,3:00pm-3:59pm,1,Rural,5,Major Collector,36.06946111,-102.2125778,1,Daylight,1,Rollover/Overturn,1,Clear,2
48,Texas,481948,HARRIS (201),HOUSTON,6,June,6,Friday,2024,16,4:00pm-4:59pm,2,Urban,7,Local,29.68739167,-95.23573611,1,Daylight,31,"Post, Pole or Other Supports",1,Clear,1
48,Texas,481949,BEXAR (29),SAN ANTONIO,7,July,5,Thursday,2024,3,3:00am-3:59am,2,Urban,3,Other Principal Arterial,29.35371389,-98.42433889,3,Dark - Lighted,9,Pedalcyclist,10,Cloudy,1
48,Texas,481950,HARRIS (201),HOUSTON,7,July,1,Sunday,2024,1,1:00am-1:59am,2,Urban,1,Interstate,29.7852,-95.64857778,3,Dark - Lighted,20,Impact Attenuator/Crash Cushion,1,Clear,1
48,Texas,481951,TARRANT (439),ARLINGTON,7,July,4,Wednesday,2024,0,0:00am-0:59am,2,Urban,1,Interstate,32.66918333,-97.23326389,2,Dark - Not Lighted,20,Impact Attenuator/Crash Cushion,1,Clear,1
48,Texas,481952,MCMULLEN (311),NOT APPLICABLE,7,July,6,Friday,2024,5,5:00am-5:59am,1,Rural,4,Minor Arterial,28.61115556,-98.54626944,2,Dark - Not Lighted,12,Motor Vehicle In-Transport,10,Cloudy,1
48,Texas,481953,HARRIS (201),HOUSTON,7,July,7,Saturday,2024,23,11:00pm-11:59pm,2,Urban,4,Minor Arterial,29.65383889,-95.31454444,2,Dark - Not Lighted,8,Pedestrian,1,Clear,1
48,Texas,481954,HAYS (209),SAN MARCOS,7,July,1,Sunday,2024,5,5:00am-5:59am,2,Urban,1,Interstate,29.90878611,-97.89991389,3,Dark - Lighted,12,Motor Vehicle In-Transport,1,Clear,1
48,Texas,481955,TARRANT (439),FOREST HILL,7,July,1,Sunday,2024,2,2:00am-2:59am,2,Urban,1,Interstate,32.66129444,-97.26783611,2,Dark - Not Lighted,8,Pedestrian,1,Clear,1
48,Texas,481956,WEBB (479),LAREDO,7,July,2,Monday,2024,21,9:00pm-9:59pm,2,Urban,4,Minor Arterial,27.53811667,-99.50240833,2,Dark - Not Lighted,8,Pedestrian,1,Clear,1
48,Texas,481957,BROWN (49),BROWNWOOD,7,July,2,Monday,2024,18,6:00pm-6:59pm,2,Urban,3,Other Principal Arterial,31.72329444,-98.99180556,1,Daylight,12,Motor Vehicle In-Transport,1,Clear,1
48,Texas,481958,GRIMES (185),NOT APPLICABLE,7,July,3,Tuesday,2024,17,5:00pm-5:59pm,1,Rural,7,Local,30.84125556,-95.87785,1,Daylight,38,Fence,1,Clear,1
48,Texas,481959,BELL (27),TEMPLE,7,July,4,Wednesday,2024,10,10:00am-10:59am,2,Urban,3,Other Principal Arterial,31.07861389,-97.36607222,1,Daylight,8,Pedestrian,1,Clear,1
48,Texas,481961,JEFFERSON (245),BEAUMONT,7,July,5,Thursday,2024,22,10:00pm-10:59pm,2,Urban,3,Other Principal Arterial,30.06761389,-94.17094722,3,Dark - Lighted,8,Pedestrian,1,Clear,1
48,Texas,481962,LUBBOCK (303),NOT APPLICABLE,7,July,6,Friday,2024,5,5:00am-5:59am,1,Rural,3,Other Principal Arterial,33.70013889,-102.0115139,2,Dark - Not Lighted,57,Cable Barrier,1,Clear,1
48,Texas,481963,DALLAS (113),DALLAS,7,July,2,Monday,2024,1,1:00am-1:59am,2,Urban,4,Minor Arterial,32.96227222,-96.80514722,3,Dark - Lighted,30,Utility Pole/Light Support,10,Cloudy,1
48,Texas,481964,DALLAS (113),DALLAS,6,June,3,Tuesday,2024,12,12:00pm-12:59pm,2,Urban,7,Local,32.73895556,-96.67868611,1,Daylight,38,Fence,1,Clear,1
48,Texas,481965,COLLIN (85),FRISCO,7,July,7,Saturday,2024,9,9:00am-9:59am,2,Urban,5,Major Collector,33.11970278,-96.75068611,1,Daylight,12,Motor Vehicle In-Transport,1,Clear,1
48,Texas,481966,MONTGOMERY (339),NOT APPLICABLE,7,July,1,Sunday,2024,0,0:00am-0:59am,2,Urban,2,Other Freeways and Expressways,30.14821667,-95.16895833,2,Dark - Not Lighted,33,Curb,1,Clear,1
48,Texas,481967,HARRIS (201),HOUSTON,7,July,2,Monday,2024,10,10:00am-10:59am,2,Urban,4,Minor Arterial,29.76868056,-95.37235,1,Daylight,39,Wall,2,Rain,1
48,Texas,481968,LIBERTY (291),NOT APPLICABLE,7,July,3,Tuesday,2024,23,11:00pm-11:59pm,1,Rural,5,Major Collector,30.35861667,-95.13155278,2,Dark - Not Lighted,8,Pedestrian,1,Clear,1
48,Texas,481969,VICTORIA (469),NOT APPLICABLE,7,July,4,Wednesday,2024,15,3:00pm-3:59pm,2,Urban,3,Other Principal Arterial,28.75821389,-96.98813611,1,Daylight,32,Culvert,2,Rain,1
48,Texas,481970,WILLIAMSON (491),LEANDER,7,July,7,Saturday,2024,23,11:00pm-11:59pm,2,Urban,6,Minor Collector,30.57138056,-97.86139444,3,Dark - Lighted,42,Tree (Standing Only),1,Clear,1
48,Texas,481971,HARRIS (201),HOUSTON,7,July,4,Wednesday,2024,16,4:00pm-4:59pm,2,Urban,5,Major Collector,29.79701667,-95.32167222,1,Daylight,32,Culvert,2,Rain,2
48,Texas,481972,FORT BEND (157),SUGAR LAND,7,July,4,Wednesday,2024,17,5:00pm-5:59pm,2,Urban,7,Local,29.62726944,-95.64363333,1,Daylight,8,Pedestrian,10,Cloudy,1
48,Texas,481973,EL PASO (141),EL PASO,7,July,1,Sunday,2024,8,8:00am-8:59am,2,Urban,7,Local,31.76866111,-106.2823222,1,Daylight,8,Pedestrian,10,Cloudy,1
48,Texas,481974,HARRIS (201),HOUSTON,7,July,1,Sunday,2024,15,3:00pm-3:59pm,2,Urban,3,Other Principal Arterial,29.70912222,-95.493225,1,Daylight,12,Motor Vehicle In-Transport,1,Clear,1
48,Texas,481975,BURNET (53),NOT APPLICABLE,7,July,1,Sunday,2024,13,1:00pm-1:59pm,1,Rural,3,Other Principal Arterial,30.68411667,-98.254925,1,Daylight,12,Motor Vehicle In-Transport,2,Rain,1
48,Texas,481976,ERATH (143),NOT APPLICABLE,7,July,5,Thursday,2024,0,0:00am-0:59am,2,Urban,3,Other Principal Arterial,32.30416944,-98.11204722,2,Dark - Not Lighted,1,Rollover/Overturn,1,Clear,1
48,Texas,481977,SMITH (423),TYLER,7,July,4,Wednesday,2024,8,8:00am-8:59am,2,Urban,3,Other Principal Arterial,32.3036,-95.30884444,1,Daylight,12,Motor Vehicle In-Transport,1,Clear,1
48,Texas,481978,DALLAS (113),DALLAS,6,June,7,Saturday,2024,23,11:00pm-11:59pm,2,Urban,5,Major Collector,32.79253611,-96.691325,3,Dark - Lighted,12,Motor Vehicle In-Transport,1,Clear,2
48,Texas,481979,HARRIS (201),NOT APPLICABLE,6,June,7,Saturday,2024,2,2:00am-2:59am,2,Urban,4,Minor Arterial,29.98893611,-95.43139167,2,Dark - Not Lighted,33,Curb,1,Clear,3
48,Texas,481980,BELL (27),KILLEEN,7,July,7,Saturday,2024,3,3:00am-3:59am,2,Urban,5,Major Collector,31.07617222,-97.690625,3,Dark - Lighted,30,Utility Pole/Light Support,1,Clear,1
48,Texas,481981,HARRIS (201),HOUSTON,7,July,1,Sunday,2024,3,3:00am-3:59am,2,Urban,3,Other Principal Arterial,29.71769722,-95.523225,3,Dark - Lighted,33,Curb,1,Clear,1
48,Texas,481982,HUDSPETH (229),NOT APPLICABLE,7,July,6,Friday,2024,10,10:00am-10:59am,1,Rural,3,Other Principal Arterial,31.84198056,-105.9805667,1,Daylight,52,Guardrail End,1,Clear,1
48,Texas,481983,LEE (287),NOT APPLICABLE,7,July,7,Saturday,2024,23,11:00pm-11:59pm,1,Rural,3,Other Principal Arterial,30.15395278,-96.92029167,3,Dark - Lighted,32,Culvert,1,Clear,1
48,Texas,481984,CLAY (77),NOT APPLICABLE,7,July,1,Sunday,2024,16,4:00pm-4:59pm,1,Rural,6,Minor Collector,34.00154722,-98.34214722,1,Daylight,1,Rollover/Overturn,1,Clear,1
48,Texas,481985,HARRISON (203),NOT APPLICABLE,7,July,2,Monday,2024,5,5:00am-5:59am,1,Rural,5,Major Collector,32.73331944,-94.63089444,2,Dark - Not Lighted,42,Tree (Standing Only),10,Cloudy,1
48,Texas,481986,WISE (497),NOT APPLICABLE,7,July,2,Monday,2024,15,3:00pm-3:59pm,1,Rural,3,Other Principal Arterial,33.29739722,-97.64317778,1,Daylight,35,Embankment,1,Clear,1
48,Texas,481987,MATAGORDA (321),PALACIOS,7,July,6,Friday,2024,22,10:00pm-10:59pm,1,Rural,4,Minor Arterial,28.71833333,-96.21035833,2,Dark - Not Lighted,9,Pedalcyclist,1,Clear,1
48,Texas,481988,GUADALUPE (187),NOT APPLICABLE,7,July,6,Friday,2024,20,8:00pm-8:59pm,1,Rural,5,Major Collector,29.70236667,-97.96923611,2,Dark - Not Lighted,12,Motor Vehicle In-Transport,1,Clear,1
48,Texas,481989,WASHINGTON (477),NOT APPLICABLE,7,July,1,Sunday,2024,19,7:00pm-7:59pm,1,Rural,6,Minor Collector,30.32803333,-96.18949167,3,Dark - Lighted,18,Other Object (not fixed),2,Rain,1
48,Texas,481990,ZAVALA (507),NOT APPLICABLE,7,July,1,Sunday,2024,21,9:00pm-9:59pm,1,Rural,3,Other Principal Arterial,28.93976111,-99.82255556,2,Dark - Not Lighted,38,Fence,1,Clear,1
48,Texas,481991,NUECES (355),CORPUS CHRISTI,7,July,6,Friday,2024,20,8:00pm-8:59pm,2,Urban,5,Major Collector,27.71575833,-97.41166667,3,Dark - Lighted,12,Motor Vehicle In-Transport,1,Clear,1
48,Texas,481992,BRAZORIA (39),MANVEL,7,July,1,Sunday,2024,2,2:00am-2:59am,2,Urban,2,Other Freeways and Expressways,29.52650278,-95.38689444,2,Dark - Not Lighted,12,Motor Vehicle In-Transport,1,Clear,1
48,Texas,481993,DALLAS (113),DALLAS,7,July,3,Tuesday,2024,11,11:00am-11:59am,2,Urban,4,Minor Arterial,32.69225556,-96.84018889,1,Daylight,12,Motor Vehicle In-Transport,1,Clear,1
48,Texas,481994,LUBBOCK (303),LUBBOCK,7,July,4,Wednesday,2024,19,7:00pm-7:59pm,2,Urban,3,Other Principal Arterial,33.61473056,-101.8879639,1,Daylight,33,Curb,1,Clear,1
48,Texas,481995,LEE (287),GIDDINGS,7,July,4,Wednesday,2024,10,10:00am-10:59am,1,Rural,3,Other Principal Arterial,30.17580556,-96.89467222,1,Daylight,42,Tree (Standing Only),1,Clear,1
48,Texas,481996,FAYETTE (149),NOT APPLICABLE,7,July,5,Thursday,2024,18,6:00pm-6:59pm,1,Rural,3,Other Principal Arterial,29.92802222,-96.96424167,1,Daylight,12,Motor Vehicle In-Transport,1,Clear,1
48,Texas,481997,LUBBOCK (303),LUBBOCK,7,July,5,Thursday,2024,21,9:00pm-9:59pm,2,Urban,4,Minor Arterial,33.60683333,-101.9375667,3,Dark - Lighted,8,Pedestrian,1,Clear,1
48,Texas,481998,TARRANT (439),FORT WORTH,7,July,5,Thursday,2024,4,4:00am-4:59am,2,Urban,1,Interstate,32.88043056,-97.31718889,3,Dark - Lighted,12,Motor Vehicle In-Transport,1,Clear,1
48,Texas,481999,HUNT (231),NOT APPLICABLE,7,July,6,Friday,2024,21,9:00pm-9:59pm,1,Rural,3,Other Principal Arterial,33.0301,-96.00448889,2,Dark - Not Lighted,8,Pedestrian,1,Clear,1
48,Texas,482000,HARRIS (201),PASADENA,7,July,1,Sunday,2024,7,7:00am-7:59am,2,Urban,3,Other Principal Arterial,29.66502222,-95.19286667,1,Daylight,12,Motor Vehicle In-Transport,1,Clear,1
48,Texas,482001,COOKE (97),GAINESVILLE,7,July,2,Monday,2024,8,8:00am-8:59am,2,Urban,3,Other Principal Arterial,33.64379444,-97.107775,1,Daylight,38,Fence,10,Cloudy,1
48,Texas,482002,TARRANT (439),FORT WORTH,7,July,2,Monday,2024,22,10:00pm-10:59pm,2,Urban,7,Local,32.96207778,-97.28648333,3,Dark - Lighted,42,Tree (Standing Only),1,Clear,1
48,Texas,482003,TARRANT (439),FORT WORTH,7,July,2,Monday,2024,2,2:00am-2:59am,2,Urban,3,Other Principal Arterial,32.96034167,-97.30443333,3,Dark - Lighted,52,Guardrail End,1,Clear,1
48,Texas,482004,JEFFERSON (245),BEAUMONT,4,April,1,Sunday,2024,20,8:00pm-8:59pm,2,Urban,1,Interstate,30.03914167,-94.15588889,3,Dark - Lighted,12,Motor Vehicle In-Transport,1,Clear,1
48,Texas,482005,GALVESTON (167),SANTA FE,7,July,7,Saturday,2024,2,2:00am-2:59am,2,Urban,5,Major Collector,29.35810278,-95.08101944,2,Dark - Not Lighted,12,Motor Vehicle In-Transport,1,Clear,2
48,Texas,482006,SAN PATRICIO (409),NOT APPLICABLE,7,July,7,Saturday,2024,8,8:00am-8:59am,2,Urban,1,Interstate,28.05451944,-97.77091111,1,Daylight,21,Bridge Pier or Support,2,Rain,1
48,Texas,482007,LEON (289),NOT APPLICABLE,7,July,7,Saturday,2024,16,4:00pm-4:59pm,1,Rural,3,Other Principal Arterial,31.57469167,-95.87965,1,Daylight,12,Motor Vehicle In-Transport,2,Rain,1
48,Texas,482008,DENTON (121),FLOWER MOUND,7,July,1,Sunday,2024,3,3:00am-3:59am,2,Urban,4,Minor Arterial,33.02183889,-97.08186389,2,Dark - Not Lighted,18,Other Object (not fixed),1,Clear,1
48,Texas,482009,COMANCHE (93),NOT APPLICABLE,7,July,3,Tuesday,2024,12,12:00pm-12:59pm,1,Rural,5,Major Collector,32.04220833,-98.45698889,1,Daylight,53,Mail Box,1,Clear,2
48,Texas,482010,DALLAS (113),DALLAS,7,July,3,Tuesday,2024,11,11:00am-11:59am,2,Urban,3,Other Principal Arterial,32.78220556,-96.814875,1,Daylight,8,Pedestrian,1,Clear,1
48,Texas,482011,RUSK (401),NOT APPLICABLE,7,July,4,Wednesday,2024,15,3:00pm-3:59pm,1,Rural,4,Minor Arterial,31.93676944,-94.676075,1,Daylight,12,Motor Vehicle In-Transport,1,Clear,1
48,Texas,482012,WILLIAMSON (491),JARRELL,7,July,4,Wednesday,2024,6,6:00am-6:59am,1,Rural,1,Interstate,30.84606111,-97.59346667,1,Daylight,38,Fence,1,Clear,1
48,Texas,482013,MIDLAND (329),MIDLAND,7,July,6,Friday,2024,16,4:00pm-4:59pm,2,Urban,4,Minor Arterial,31.98921667,-102.0693,1,Daylight,8,Pedestrian,1,Clear,1
48,Texas,482014,NACOGDOCHES (347),NOT APPLICABLE,7,July,3,Tuesday,2024,11,11:00am-11:59am,1,Rural,3,Other Principal Arterial,31.80889167,-94.51756111,1,Daylight,1,Rollover/Overturn,2,Rain,1
48,Texas,482015,GALVESTON (167),TEXAS CITY,7,July,4,Wednesday,2024,5,5:00am-5:59am,2,Urban,3,Other Principal Arterial,29.35765833,-94.94557222,2,Dark - Not Lighted,12,Motor Vehicle In-Transport,2,Rain,1
48,Texas,482016,TRAVIS (453),AUSTIN,7,July,3,Tuesday,2024,21,9:00pm-9:59pm,2,Urban,1,Interstate,30.32321667,-97.70679444,2,Dark - Not Lighted,8,Pedestrian,1,Clear,1
48,Texas,482017,TRAVIS (453),NOT APPLICABLE,5,May,4,Wednesday,2024,15,3:00pm-3:59pm,2,Urban,2,Other Freeways and Expressways,30.35930278,-97.58738056,1,Daylight,12,Motor Vehicle In-Transport,1,Clear,1
48,Texas,482018,HARRIS (201),HOUSTON,6,June,1,Sunday,2024,4,4:00am-4:59am,2,Urban,1,Interstate,29.68063333,-95.53661111,3,Dark - Lighted,12,Motor Vehicle In-Transport,1,Clear,1
48,Texas,482019,BEXAR (29),SAN ANTONIO,6,June,7,Saturday,2024,2,2:00am-2:59am,1,Rural,1,Interstate,29.16375833,-98.42762222,2,Dark - Not Lighted,1,Rollover/Overturn,1,Clear,1
48,Texas,482020,HIDALGO (215),NOT APPLICABLE,7,July,3,Tuesday,2024,4,4:00am-4:59am,2,Urban,4,Minor Arterial,26.31770278,-98.02124444,2,Dark - Not Lighted,8,Pedestrian,1,Clear,1
48,Texas,482021,EL PASO (141),EL PASO,7,July,1,Sunday,2024,17,5:00pm-5:59pm,2,Urban,7,Local,31.83500556,-106.5787333,1,Daylight,1,Rollover/Overturn,1,Clear,1