STATE,STATENAME,ST_CASE,COUNTYNAME,CITYNAME,MONTH,MONTHNAME,DAY_WEEK,DAY_WEEKNAME,YEAR,HOUR,HOURNAME,RUR_URB,RUR_URBNAME,FUNC_SYS,FUNC_SYSNAME,LATITUDE,LONGITUD,LGT_COND,LGT_CONDNAME,HARM_EV,HARM_EVNAME,WEATHER,WEATHERNAME,FATALS
48,Texas,482022,HUDSPETH (229),NOT APPLICABLE,7,July,3,Tuesday,2024,6,6:00am-6:59am,1,Rural,1,Interstate,31.19307778,-105.5316944,4,Dawn,57,Cable Barrier,1,Clear,1
48,Texas,482023,BASTROP (21),NOT APPLICABLE,7,July,7,Saturday,2024,12,12:00pm-12:59pm,1,Rural,4,Minor Arterial,30.08229444,-97.39104444,1,Daylight,12,Motor Vehicle In-Transport,1,Clear,2
48,Texas,482024,ARANSAS (7),ROCKPORT,7,July,4,Wednesday,2024,12,12:00pm-12:59pm,2,Urban,4,Minor Arterial,28.09312778,-97.03563889,1,Daylight,12,Motor Vehicle In-Transport,10,Cloudy,1
48,Texas,482025,LUBBOCK (303),LUBBOCK,7,July,5,Thursday,2024,5,5:00am-5:59am,2,Urban,3,Other Principal Arterial,33.58994444,-101.8551,3,Dark - Lighted,33,Curb,1,Clear,1
48,Texas,482026,BEXAR (29),SAN ANTONIO,7,July,6,Friday,2024,0,0:00am-0:59am,2,Urban,5,Major Collector,29.32156944,-98.64764167,2,Dark - Not Lighted,8,Pedestrian,1,Clear,1
48,Texas,482027,UVALDE (463),NOT APPLICABLE,7,July,6,Friday,2024,19,7:00pm-7:59pm,1,Rural,4,Minor Arterial,29.34464722,-99.74621111,1,Daylight,12,Motor Vehicle In-Transport,10,Cloudy,1
48,Texas,482028,HARRIS (201),NOT APPLICABLE,7,July,2,Monday,2024,21,9:00pm-9:59pm,2,Urban,5,Major Collector,29.89555556,-95.39281944,3,Dark - Lighted,8,Pedestrian,1,Clear,1
48,Texas,482029,ORANGE (361),BRIDGE CITY,7,July,6,Friday,2024,1,1:00am-1:59am,2,Urban,3,Other Principal Arterial,30.03804444,-93.86270278,3,Dark - Lighted,9,Pedalcyclist,1,Clear,1
48,Texas,482030,ZAVALA (507),LA PRYOR,7,July,1,Sunday,2024,3,3:00am-3:59am,1,Rural,3,Other Principal Arterial,28.94599444,-99.83510278,3,Dark - Lighted,1,Rollover/Overturn,1,Clear,1
48,Texas,482031,HARRIS (201),NOT APPLICABLE,7,July,2,Monday,2024,22,10:00pm-10:59pm,2,Urban,1,Interstate,29.91980833,-95.30622778,3,Dark - Lighted,12,Motor Vehicle In-Transport,1,Clear,1
48,Texas,482032,HARRIS (201),JERSEY VILLAGE,7,July,3,Tuesday,2024,9,9:00am-9:59am,2,Urban,2,Other Freeways and Expressways,29.87266389,-95.5542,1,Daylight,12,Motor Vehicle In-Transport,2,Rain,1
48,Texas,482033,HAYS (209),NOT APPLICABLE,7,July,4,Wednesday,2024,16,4:00pm-4:59pm,2,Urban,3,Other Principal Arterial,29.81065556,-97.94411111,1,Daylight,12,Motor Vehicle In-Transport,1,Clear,1
48,Texas,482034,ERATH (143),NOT APPLICABLE,7,July,6,Friday,2024,19,7:00pm-7:59pm,1,Rural,3,Other Principal Arterial,32.07171389,-98.09710278,1,Daylight,38,Fence,1,Clear,1
48,Texas,482035,HARRIS (201),NOT APPLICABLE,7,July,1,Sunday,2024,9,9:00am-9:59am,2,Urban,5,Major Collector,30.03253056,-95.42959167,1,Daylight,42,Tree (Standing Only),10,Cloudy,1
48,Texas,482036,TRAVIS (453),AUSTIN,7,July,1,Sunday,2024,3,3:00am-3:59am,2,Urban,2,Other Freeways and Expressways,30.37685,-97.73906944,3,Dark - Lighted,12,Motor Vehicle In-Transport,1,Clear,1
48,Texas,482037,BRAZORIA (39),LAKE JACKSON,7,July,2,Monday,2024,4,4:00am-4:59am,2,Urban,2,Other Freeways and Expressways,29.03095556,-95.44115833,2,Dark - Not Lighted,8,Pedestrian,1,Clear,1
48,Texas,482038,UPSHUR (459),NOT APPLICABLE,7,July,2,Monday,2024,5,5:00am-5:59am,1,Rural,3,Other Principal Arterial,32.89605833,-94.73719444,3,Dark - Lighted,12,Motor Vehicle In-Transport,1,Clear,1
48,Texas,482039,TARRANT (439),MANSFIELD,7,July,1,Sunday,2024,14,2:00pm-2:59pm,2,Urban,3,Other Principal Arterial,32.60221667,-97.14457778,1,Daylight,12,Motor Vehicle In-Transport,1,Clear,1
48,Texas,482040,PALO PINTO (363),NOT APPLICABLE,7,July,5,Thursday,2024,18,6:00pm-6:59pm,1,Rural,7,Local,32.84476389,-98.47125833,1,Daylight,1,Rollover/Overturn,1,Clear,1
48,Texas,482041,HARRIS (201),NOT APPLICABLE,7,July,6,Friday,2024,15,3:00pm-3:59pm,2,Urban,4,Minor Arterial,29.77195556,-95.75181667,1,Daylight,12,Motor Vehicle In-Transport,1,Clear,1
48,Texas,482042,MONTGOMERY (339),NOT APPLICABLE,7,July,7,Saturday,2024,20,8:00pm-8:59pm,2,Urban,1,Interstate,30.17199722,-95.45128611,3,Dark - Lighted,8,Pedestrian,1,Clear,1
48,Texas,482043,CASS (67),NOT APPLICABLE,7,July,1,Sunday,2024,20,8:00pm-8:59pm,1,Rural,7,Local,33.18514167,-94.05866944,2,Dark - Not Lighted,1,Rollover/Overturn,10,Cloudy,1
48,Texas,482044,SHELBY (419),NOT APPLICABLE,7,July,4,Wednesday,2024,12,12:00pm-12:59pm,1,Rural,5,Major Collector,31.73931944,-93.900825,1,Daylight,59,Traffic Sign Support,10,Cloudy,1
48,Texas,482045,CHEROKEE (73),NOT APPLICABLE,7,July,5,Thursday,2024,20,8:00pm-8:59pm,1,Rural,3,Other Principal Arterial,31.83881111,-95.17711111,2,Dark - Not Lighted,42,Tree (Standing Only),10,Cloudy,1
48,Texas,482046,MIDLAND (329),MIDLAND,7,July,7,Saturday,2024,1,1:00am-1:59am,2,Urban,2,Other Freeways and Expressways,31.97073889,-102.2516889,2,Dark - Not Lighted,57,Cable Barrier,1,Clear,1
48,Texas,482047,NACOGDOCHES (347),NACOGDOCHES,7,July,7,Saturday,2024,21,9:00pm-9:59pm,2,Urban,3,Other Principal Arterial,31.57859167,-94.67682222,3,Dark - Lighted,18,Other Object (not fixed),1,Clear,1
48,Texas,482048,DALLAM (111),NOT APPLICABLE,7,July,7,Saturday,2024,13,1:00pm-1:59pm,1,Rural,5,Major Collector,36.42531389,-102.7966417,1,Daylight,34,Ditch,1,Clear,1
48,Texas,482049,HARRIS (201),HOUSTON,7,July,1,Sunday,2024,3,3:00am-3:59am,2,Urban,1,Interstate,29.77415278,-95.30445278,3,Dark - Lighted,12,Motor Vehicle In-Transport,10,Cloudy,1
48,Texas,482050,TARRANT (439),FORT WORTH,7,July,2,Monday,2024,21,9:00pm-9:59pm,2,Urban,5,Major Collector,32.78995,-97.35782222,2,Dark - Not Lighted,12,Motor Vehicle In-Transport,1,Clear,1
48,Texas,482051,TRAVIS (453),AUSTIN,7,July,3,Tuesday,2024,0,0:00am-0:59am,2,Urban,4,Minor Arterial,30.19906944,-97.79296111,3,Dark - Lighted,8,Pedestrian,1,Clear,1
48,Texas,482052,ANDERSON (1),PALESTINE,7,July,3,Tuesday,2024,12,12:00pm-12:59pm,2,Urban,4,Minor Arterial,31.73541111,-95.60682222,1,Daylight,12,Motor Vehicle In-Transport,10,Cloudy,1
48,Texas,482053,MCLENNAN (309),BELLMEAD,7,July,1,Sunday,2024,1,1:00am-1:59am,2,Urban,7,Local,31.59798889,-97.08889167,2,Dark - Not Lighted,9,Pedalcyclist,1,Clear,1
48,Texas,482054,DALLAS (113),DALLAS,7,July,1,Sunday,2024,11,11:00am-11:59am,2,Urban,1,Interstate,32.64235,-96.82152778,1,Daylight,54,"Motor Vehicle In-Transport Strikes or is Struck by Cargo, Persons or Objects Set-in-Motion from/by Another Motor Vehicle In Transport",1,Clear,1
48,Texas,482055,MONTGOMERY (339),NOT APPLICABLE,7,July,1,Sunday,2024,22,10:00pm-10:59pm,2,Urban,5,Major Collector,30.15039167,-95.19646389,3,Dark - Lighted,24,Guardrail Face,1,Clear,1
48,Texas,482056,OLDHAM (359),NOT APPLICABLE,7,July,2,Monday,2024,2,2:00am-2:59am,1,Rural,1,Interstate,35.22722222,-102.3362389,2,Dark - Not Lighted,8,Pedestrian,1,Clear,1
48,Texas,482057,KAUFMAN (257),NOT APPLICABLE,7,July,7,Saturday,2024,21,9:00pm-9:59pm,1,Rural,5,Major Collector,32.76561667,-96.25428889,2,Dark - Not Lighted,25,Concrete Traffic Barrier,1,Clear,1
48,Texas,482058,HILL (217),HILLSBORO,7,July,1,Sunday,2024,10,10:00am-10:59am,2,Urban,1,Interstate,31.96456944,-97.11855833,1,Daylight,1,Rollover/Overturn,2,Rain,1
48,Texas,482059,PANOLA (365),NOT APPLICABLE,7,July,2,Monday,2024,7,7:00am-7:59am,1,Rural,4,Minor Arterial,32.09186111,-94.49075556,4,Dawn,12,Motor Vehicle In-Transport,1,Clear,1
48,Texas,482060,LAMB (279),AMHERST,7,July,4,Wednesday,2024,6,6:00am-6:59am,1,Rural,5,Major Collector,34.01289444,-102.420375,2,Dark - Not Lighted,8,Pedestrian,10,Cloudy,1
48,Texas,482062,BROWN (49),NOT APPLICABLE,7,July,5,Thursday,2024,20,8:00pm-8:59pm,1,Rural,6,Minor Collector,31.59023611,-99.01616944,5,Dusk,44,"Pavement Surface Irregularity (Ruts, Potholes, Grates, etc.)",1,Clear,1
48,Texas,482063,ELLIS (139),PALMER,7,July,6,Friday,2024,6,6:00am-6:59am,1,Rural,1,Interstate,32.42487222,-96.65845278,1,Daylight,8,Pedestrian,1,Clear,1
48,Texas,482064,COLEMAN (83),NOT APPLICABLE,7,July,6,Friday,2024,7,7:00am-7:59am,1,Rural,4,Minor Arterial,32.00081667,-99.21912222,4,Dawn,32,Culvert,5,"Fog, Smog, Smoke",1
48,Texas,482065,LUBBOCK (303),LUBBOCK,7,July,1,Sunday,2024,21,9:00pm-9:59pm,2,Urban,3,Other Principal Arterial,33.51968056,-101.8816361,3,Dark - Lighted,12,Motor Vehicle In-Transport,1,Clear,1
48,Texas,482066,GRAYSON (181),NOT APPLICABLE,7,July,2,Monday,2024,14,2:00pm-2:59pm,1,Rural,5,Major Collector,33.74406111,-96.50165,1,Daylight,12,Motor Vehicle In-Transport,1,Clear,1
48,Texas,482067,LEON (289),NOT APPLICABLE,7,July,2,Monday,2024,15,3:00pm-3:59pm,1,Rural,7,Local,31.184925,-95.82155278,1,Daylight,12,Motor Vehicle In-Transport,1,Clear,1
48,Texas,482068,TARRANT (439),FORT WORTH,7,July,3,Tuesday,2024,4,4:00am-4:59am,2,Urban,1,Interstate,32.77128056,-97.31905833,2,Dark - Not Lighted,8,Pedestrian,1,Clear,1
48,Texas,482069,HARRIS (201),HOUSTON,7,July,7,Saturday,2024,20,8:00pm-8:59pm,2,Urban,5,Major Collector,29.84863056,-95.33306111,3,Dark - Lighted,12,Motor Vehicle In-Transport,10,Cloudy,1
48,Texas,482070,TRAVIS (453),AUSTIN,7,July,1,Sunday,2024,5,5:00am-5:59am,2,Urban,2,Other Freeways and Expressways,30.41069722,-97.71073056,2,Dark - Not Lighted,12,Motor Vehicle In-Transport,1,Clear,2
48,Texas,482071,HARRIS (201),HOUSTON,7,July,2,Monday,2024,23,11:00pm-11:59pm,2,Urban,1,Interstate,29.92837222,-95.41210833,3,Dark - Lighted,8,Pedestrian,1,Clear,1
48,Texas,482072,HARRIS (201),HOUSTON,6,June,3,Tuesday,2024,20,8:00pm-8:59pm,2,Urban,7,Local,29.76518889,-95.27488611,1,Daylight,30,Utility Pole/Light Support,1,Clear,1
48,Texas,482073,HARRIS (201),HOUSTON,6,June,1,Sunday,2024,18,6:00pm-6:59pm,2,Urban,4,Minor Arterial,29.64174167,-95.431075,1,Daylight,12,Motor Vehicle In-Transport,1,Clear,1
48,Texas,482074,HUTCHINSON (233),NOT APPLICABLE,7,July,7,Saturday,2024,20,8:00pm-8:59pm,1,Rural,7,Local,35.67225556,-101.5983083,1,Daylight,32,Culvert,1,Clear,1
48,Texas,482075,MCLENNAN (309),NOT APPLICABLE,7,July,6,Friday,2024,18,6:00pm-6:59pm,1,Rural,7,Local,31.69000833,-97.30874444,1,Daylight,53,Mail Box,1,Clear,1
48,Texas,482076,BEXAR (29),SAN ANTONIO,7,July,1,Sunday,2024,1,1:00am-1:59am,2,Urban,1,Interstate,29.26469167,-98.39577778,2,Dark - Not Lighted,12,Motor Vehicle In-Transport,1,Clear,3
48,Texas,482077,HARRIS (201),NOT APPLICABLE,7,July,1,Sunday,2024,1,1:00am-1:59am,2,Urban,3,Other Principal Arterial,30.07044722,-95.44590278,3,Dark - Lighted,12,Motor Vehicle In-Transport,1,Clear,1
48,Texas,482078,MONTGOMERY (339),NOT APPLICABLE,7,July,1,Sunday,2024,7,7:00am-7:59am,2,Urban,4,Minor Arterial,30.22292778,-95.72440278,1,Daylight,43,Other Fixed Object,10,Cloudy,1
48,Texas,482079,BELL (27),NOT APPLICABLE,7,July,3,Tuesday,2024,7,7:00am-7:59am,1,Rural,1,Interstate,30.91787222,-97.54668056,1,Daylight,14,Parked Motor Vehicle,2,Rain,1
48,Texas,482081,DENTON (121),NEW HOPE (HISTORICAL),7,July,6,Friday,2024,14,2:00pm-2:59pm,2,Urban,3,Other Principal Arterial,33.22724722,-96.99248889,1,Daylight,12,Motor Vehicle In-Transport,1,Clear,1
48,Texas,482083,NOLAN (353),NOT APPLICABLE,7,July,1,Sunday,2024,20,8:00pm-8:59pm,1,Rural,3,Other Principal Arterial,32.45301667,-100.5522444,5,Dusk,12,Motor Vehicle In-Transport,1,Clear,1
48,Texas,482084,TAYLOR (441),NOT APPLICABLE,7,July,2,Monday,2024,11,11:00am-11:59am,1,Rural,5,Major Collector,32.14134167,-99.77000833,1,Daylight,1,Rollover/Overturn,1,Clear,1
48,Texas,482085,VICTORIA (469),VICTORIA,7,July,3,Tuesday,2024,14,2:00pm-2:59pm,2,Urban,4,Minor Arterial,28.81966111,-96.93189167,1,Daylight,12,Motor Vehicle In-Transport,1,Clear,1
48,Texas,482087,BEXAR (29),SAN ANTONIO,7,July,5,Thursday,2024,12,12:00pm-12:59pm,2,Urban,2,Other Freeways and Expressways,29.60246111,-98.38601944,1,Daylight,59,Traffic Sign Support,2,Rain,1
48,Texas,482088,MIDLAND (329),NOT APPLICABLE,7,July,7,Saturday,2024,2,2:00am-2:59am,2,Urban,2,Other Freeways and Expressways,31.95031111,-102.2679167,2,Dark - Not Lighted,8,Pedestrian,1,Clear,1
48,Texas,482089,JEFFERSON (245),NOT APPLICABLE,7,July,7,Saturday,2024,12,12:00pm-12:59pm,1,Rural,1,Interstate,29.85815278,-94.35745,1,Daylight,12,Motor Vehicle In-Transport,10,Cloudy,1
48,Texas,482090,BELL (27),NOT APPLICABLE,7,July,7,Saturday,2024,19,7:00pm-7:59pm,1,Rural,5,Major Collector,30.96511111,-97.53059444,1,Daylight,1,Rollover/Overturn,1,Clear,1
48,Texas,482091,DALLAS (113),CARROLLTON,7,July,2,Monday,2024,15,3:00pm-3:59pm,2,Urban,2,Other Freeways and Expressways,32.97369444,-96.93301667,1,Daylight,8,Pedestrian,1,Clear,1
48,Texas,482092,BEXAR (29),SAN ANTONIO,7,July,2,Monday,2024,6,6:00am-6:59am,2,Urban,3,Other Principal Arterial,29.39880833,-98.40467222,2,Dark - Not Lighted,8,Pedestrian,1,Clear,1
48,Texas,482093,SOMERVELL (425),NOT APPLICABLE,7,July,3,Tuesday,2024,16,4:00pm-4:59pm,1,Rural,3,Other Principal Arterial,32.27087222,-97.673475,1,Daylight,12,Motor Vehicle In-Transport,1,Clear,3
48,Texas,482094,HARRIS (201),HOUSTON,7,July,4,Wednesday,2024,21,9:00pm-9:59pm,2,Urban,4,Minor Arterial,29.68878611,-95.50479167,3,Dark - Lighted,8,Pedestrian,1,Clear,1
48,Texas,482095,LIVE OAK (297),NOT APPLICABLE,7,July,5,Thursday,2024,2,2:00am-2:59am,1,Rural,3,Other Principal Arterial,28.37158333,-98.14738333,2,Dark - Not Lighted,58,Ground,1,Clear,1
48,Texas,482096,BURLESON (51),NOT APPLICABLE,7,July,3,Tuesday,2024,13,1:00pm-1:59pm,1,Rural,3,Other Principal Arterial,30.43447222,-96.64240833,1,Daylight,59,Traffic Sign Support,1,Clear,1
48,Texas,482097,HOOD (221),GRANBURY,7,July,4,Wednesday,2024,20,8:00pm-8:59pm,2,Urban,3,Other Principal Arterial,32.43443056,-97.77855833,3,Dark - Lighted,12,Motor Vehicle In-Transport,1,Clear,1
48,Texas,482098,HARRIS (201),HOUSTON,7,July,4,Wednesday,2024,13,1:00pm-1:59pm,2,Urban,4,Minor Arterial,29.75339444,-95.59894444,1,Daylight,42,Tree (Standing Only),1,Clear,1
48,Texas,482099,JIM WELLS (249),ALICE,7,July,4,Wednesday,2024,2,2:00am-2:59am,2,Urban,5,Major Collector,27.75499722,-98.0781,2,Dark - Not Lighted,8,Pedestrian,1,Clear,1
48,Texas,482100,TRAVIS (453),AUSTIN,8,August,5,Thursday,2024,21,9:00pm-9:59pm,2,Urban,4,Minor Arterial,30.22686389,-97.790025,3,Dark - Lighted,19,Building,1,Clear,1
48,Texas,482101,BEXAR (29),SAN ANTONIO,8,August,5,Thursday,2024,23,11:00pm-11:59pm,2,Urban,4,Minor Arterial,29.63336111,-98.42358889,3,Dark - Lighted,12,Motor Vehicle In-Transport,1,Clear,1
48,Texas,482102,HARRIS (201),HOUSTON,8,August,5,Thursday,2024,7,7:00am-7:59am,2,Urban,2,Other Freeways and Expressways,29.72172222,-95.51365556,1,Daylight,12,Motor Vehicle In-Transport,1,Clear,1
48,Texas,482104,HARRIS (201),HOUSTON,7,July,3,Tuesday,2024,12,12:00pm-12:59pm,2,Urban,1,Interstate,29.97698333,-95.27976944,1,Daylight,42,Tree (Standing Only),1,Clear,1
48,Texas,482105,BEXAR (29),SAN ANTONIO,7,July,1,Sunday,2024,5,5:00am-5:59am,2,Urban,4,Minor Arterial,29.48401667,-98.40403056,4,Dawn,8,Pedestrian,1,Clear,1
48,Texas,482106,CALDWELL (55),NOT APPLICABLE,7,July,1,Sunday,2024,15,3:00pm-3:59pm,1,Rural,5,Major Collector,29.8508,-97.55878889,1,Daylight,38,Fence,10,Cloudy,1
48,Texas,482107,COMAL (91),NOT APPLICABLE,7,July,5,Thursday,2024,0,0:00am-0:59am,2,Urban,5,Major Collector,29.70971111,-98.22473611,2,Dark - Not Lighted,42,Tree (Standing Only),1,Clear,1
48,Texas,482108,SMITH (423),NOT APPLICABLE,7,July,5,Thursday,2024,12,12:00pm-12:59pm,2,Urban,3,Other Principal Arterial,32.34848056,-95.25885833,1,Daylight,12,Motor Vehicle In-Transport,10,Cloudy,1
48,Texas,482109,HOWARD (227),NOT APPLICABLE,7,July,5,Thursday,2024,21,9:00pm-9:59pm,1,Rural,3,Other Principal Arterial,32.30703889,-101.503975,3,Dark - Lighted,12,Motor Vehicle In-Transport,1,Clear,1
48,Texas,482110,GARZA (169),NOT APPLICABLE,7,July,1,Sunday,2024,15,3:00pm-3:59pm,1,Rural,3,Other Principal Arterial,33.09829167,-101.2555861,1,Daylight,1,Rollover/Overturn,1,Clear,1
48,Texas,482111,DAWSON (115),LAMESA,7,July,1,Sunday,2024,16,4:00pm-4:59pm,2,Urban,3,Other Principal Arterial,32.73451667,-101.9616667,1,Daylight,12,Motor Vehicle In-Transport,1,Clear,1
48,Texas,482112,WISE (497),NOT APPLICABLE,7,July,3,Tuesday,2024,19,7:00pm-7:59pm,1,Rural,6,Minor Collector,33.33295556,-97.45675833,2,Dark - Not Lighted,1,Rollover/Overturn,1,Clear,1
48,Texas,482113,HARRISON (203),NOT APPLICABLE,7,July,4,Wednesday,2024,16,4:00pm-4:59pm,1,Rural,1,Interstate,32.48543611,-94.49915833,1,Daylight,12,Motor Vehicle In-Transport,1,Clear,1
48,Texas,482114,HAMILTON (193),NOT APPLICABLE,7,July,4,Wednesday,2024,23,11:00pm-11:59pm,1,Rural,5,Major Collector,31.95521111,-98.05514167,2,Dark - Not Lighted,1,Rollover/Overturn,1,Clear,1
48,Texas,482115,LYNN (305),NOT APPLICABLE,8,August,5,Thursday,2024,13,1:00pm-1:59pm,1,Rural,2,Other Freeways and Expressways,33.17648333,-101.7946889,1,Daylight,24,Guardrail Face,1,Clear,1
48,Texas,482116,HAYS (209),SAN MARCOS,8,August,6,Friday,2024,23,11:00pm-11:59pm,2,Urban,1,Interstate,29.88234167,-97.92184722,3,Dark - Lighted,7,Other Non-Collision,1,Clear,1
48,Texas,482117,TOM GREEN (451),SAN ANGELO,8,August,1,Sunday,2024,0,0:00am-0:59am,2,Urban,4,Minor Arterial,31.49294444,-100.4565111,3,Dark - Lighted,8,Pedestrian,1,Clear,1
48,Texas,482118,COLORADO (89),NOT APPLICABLE,7,July,3,Tuesday,2024,7,7:00am-7:59am,1,Rural,5,Major Collector,29.74279167,-96.33223611,4,Dawn,12,Motor Vehicle In-Transport,1,Clear,1
48,Texas,482119,AUSTIN (15),NOT APPLICABLE,7,July,5,Thursday,2024,16,4:00pm-4:59pm,1,Rural,5,Major Collector,30.01189722,-96.16844444,1,Daylight,12,Motor Vehicle In-Transport,10,Cloudy,1
48,Texas,482120,PECOS (371),NOT APPLICABLE,7,July,7,Saturday,2024,8,8:00am-8:59am,1,Rural,5,Major Collector,31.12645833,-102.7945194,1,Daylight,12,Motor Vehicle In-Transport,1,Clear,1
48,Texas,482121,PARKER (367),NOT APPLICABLE,7,July,3,Tuesday,2024,16,4:00pm-4:59pm,2,Urban,5,Major Collector,32.76959167,-97.77841389,1,Daylight,12,Motor Vehicle In-Transport,1,Clear,1
48,Texas,482122,WILLIAMSON (491),AUSTIN,7,July,4,Wednesday,2024,18,6:00pm-6:59pm,2,Urban,5,Major Collector,30.47114167,-97.79017222,1,Daylight,12,Motor Vehicle In-Transport,1,Clear,1
48,Texas,482123,AUSTIN (15),NOT APPLICABLE,7,July,4,Wednesday,2024,7,7:00am-7:59am,1,Rural,5,Major Collector,30.00335833,-96.18326667,1,Daylight,12,Motor Vehicle In-Transport,1,Clear,1
48,Texas,482124,KARNES (255),KENEDY,8,August,6,Friday,2024,2,2:00am-2:59am,1,Rural,7,Local,28.8353,-97.86516111,3,Dark - Lighted,12,Motor Vehicle In-Transport,10,Cloudy,1
48,Texas,482125,COOKE (97),NOT APPLICABLE,8,August,7,Saturday,2024,18,6:00pm-6:59pm,1,Rural,7,Local,33.76007778,-97.36446944,1,Daylight,42,Tree (Standing Only),1,Clear,1
48,Texas,482126,TARRANT (439),FORT WORTH,8,August,2,Monday,2024,1,1:00am-1:59am,2,Urban,7,Local,32.802425,-97.38205833,3,Dark - Lighted,30,Utility Pole/Light Support,1,Clear,1
48,Texas,482127,ELLIS (139),MIDLOTHIAN,8,August,2,Monday,2024,6,6:00am-6:59am,1,Rural,7,Local,32.47402222,-97.02231389,2,Dark - Not Lighted,30,Utility Pole/Light Support,1,Clear,1
48,Texas,482128,MIDLAND (329),NOT APPLICABLE,7,July,4,Wednesday,2024,18,6:00pm-6:59pm,2,Urban,4,Minor Arterial,32.01468056,-102.2105306,1,Daylight,12,Motor Vehicle In-Transport,1,Clear,1
48,Texas,482129,DALLAS (113),DALLAS,7,July,1,Sunday,2024,3,3:00am-3:59am,2,Urban,2,Other Freeways and Expressways,32.90966389,-96.76903333,3,Dark - Lighted,8,Pedestrian,1,Clear,1
48,Texas,482130,PARKER (367),NOT APPLICABLE,7,July,2,Monday,2024,22,10:00pm-10:59pm,2,Urban,1,Interstate,32.72106944,-97.54918056,2,Dark - Not Lighted,12,Motor Vehicle In-Transport,1,Clear,1
48,Texas,482131,HUTCHINSON (233),NOT APPLICABLE,7,July,3,Tuesday,2024,6,6:00am-6:59am,1,Rural,5,Major Collector,35.68054722,-101.5420861,2,Dark - Not Lighted,1,Rollover/Overturn,1,Clear,1
48,Texas,482132,JIM WELLS (249),NOT APPLICABLE,7,July,3,Tuesday,2024,3,3:00am-3:59am,1,Rural,4,Minor Arterial,28.02676389,-97.87300556,2,Dark - Not Lighted,8,Pedestrian,1,Clear,1
48,Texas,482133,DALLAS (113),IRVING,7,July,4,Wednesday,2024,5,5:00am-5:59am,2,Urban,2,Other Freeways and Expressways,32.91498333,-97.00758889,3,Dark - Lighted,12,Motor Vehicle In-Transport,1,Clear,1
48,Texas,482134,NUECES (355),CORPUS CHRISTI,8,August,6,Friday,2024,9,9:00am-9:59am,2,Urban,3,Other Principal Arterial,27.69206667,-97.34231667,1,Daylight,12,Motor Vehicle In-Transport,1,Clear,1
48,Texas,482135,TARRANT (439),MANSFIELD,8,August,7,Saturday,2024,3,3:00am-3:59am,2,Urban,5,Major Collector,32.58245556,-97.18326389,2,Dark - Not Lighted,32,Culvert,2,Rain,1
48,Texas,482136,SMITH (423),NOT APPLICABLE,8,August,1,Sunday,2024,16,4:00pm-4:59pm,1,Rural,4,Minor Arterial,32.45257222,-95.18628889,1,Daylight,12,Motor Vehicle In-Transport,1,Clear,1
48,Texas,482137,HILL (217),WHITNEY,8,August,2,Monday,2024,17,5:00pm-5:59pm,1,Rural,4,Minor Arterial,31.95459167,-97.31129444,1,Daylight,12,Motor Vehicle In-Transport,1,Clear,1
48,Texas,482139,DALLAS (113),CARROLLTON,6,June,1,Sunday,2024,18,6:00pm-6:59pm,2,Urban,2,Other Freeways and Expressways,32.98526389,-96.89148611,1,Daylight,12,Motor Vehicle In-Transport,2,Rain,1
48,Texas,482140,BEE (25),NOT APPLICABLE,7,July,6,Friday,2024,12,12:00pm-12:59pm,1,Rural,3,Other Principal Arterial,28.15245,-97.58848611,1,Daylight,32,Culvert,1,Clear,1
48,Texas,482141,COOKE (97),Other,7,July,1,Sunday,2024,0,0:00am-0:59am,1,Rural,7,Local,33.70309722,-97.02198611,2,Dark - Not Lighted,38,Fence,1,Clear,1
48,Texas,482142,HARRIS (201),NOT APPLICABLE,7,July,3,Tuesday,2024,1,1:00am-1:59am,2,Urban,4,Minor Arterial,29.96199444,-95.24804444,3,Dark - Lighted,12,Motor Vehicle In-Transport,1,Clear,1
48,Texas,482143,MAVERICK (323),NOT APPLICABLE,8,August,5,Thursday,2024,15,3:00pm-3:59pm,1,Rural,5,Major Collector,28.49083889,-100.1249417,1,Daylight,1,Rollover/Overturn,1,Clear,1
48,Texas,482144,LIBERTY (291),NOT APPLICABLE,8,August,5,Thursday,2024,21,9:00pm-9:59pm,1,Rural,3,Other Principal Arterial,30.02355,-94.50721111,2,Dark - Not Lighted,12,Motor Vehicle In-Transport,1,Clear,1
48,Texas,482145,COMAL (91),BULVERDE,8,August,7,Saturday,2024,14,2:00pm-2:59pm,1,Rural,3,Other Principal Arterial,29.79588889,-98.46167778,1,Daylight,38,Fence,1,Clear,1
48,Texas,482146,LA SALLE (283),NOT APPLICABLE,8,August,7,Saturday,2024,21,9:00pm-9:59pm,1,Rural,1,Interstate,28.37807778,-99.26560278,3,Dark - Lighted,35,Embankment,1,Clear,4
48,Texas,482147,WILSON (493),NOT APPLICABLE,8,August,3,Tuesday,2024,8,8:00am-8:59am,1,Rural,3,Other Principal Arterial,29.24029722,-98.25952778,1,Daylight,12,Motor Vehicle In-Transport,10,Cloudy,1
48,Texas,482148,WEBB (479),LAREDO,8,August,4,Wednesday,2024,1,1:00am-1:59am,2,Urban,3,Other Principal Arterial,27.49306111,-99.44372778,2,Dark - Not Lighted,52,Guardrail End,1,Clear,1
48,Texas,482149,TRAVIS (453),AUSTIN,8,August,5,Thursday,2024,8,8:00am-8:59am,2,Urban,7,Local,30.30068889,-97.76856111,1,Daylight,8,Pedestrian,1,Clear,1
48,Texas,482150,HARRIS (201),NOT APPLICABLE,7,July,5,Thursday,2024,22,10:00pm-10:59pm,2,Urban,7,Local,29.84443611,-95.69793333,2,Dark - Not Lighted,9,Pedalcyclist,1,Clear,1
48,Texas,482151,HARRIS (201),NOT APPLICABLE,7,July,1,Sunday,2024,1,1:00am-1:59am,2,Urban,4,Minor Arterial,29.96838056,-95.23605556,3,Dark - Lighted,12,Motor Vehicle In-Transport,1,Clear,2