STATE,STATENAME,ST_CASE,COUNTYNAME,CITYNAME,MONTH,MONTHNAME,DAY_WEEK,DAY_WEEKNAME,YEAR,HOUR,HOURNAME,RUR_URB,RUR_URBNAME,FUNC_SYS,FUNC_SYSNAME,LATITUDE,LONGITUD,LGT_COND,LGT_CONDNAME,HARM_EV,HARM_EVNAME,WEATHER,WEATHERNAME,FATALS
48,Texas,482279,TRAVIS (453),NOT APPLICABLE,8,August,4,Wednesday,2024,7,7:00am-7:59am,2,Urban,5,Major Collector,30.25178056,-97.59967778,1,Daylight,12,Motor Vehicle In-Transport,1,Clear,1
48,Texas,482280,WILLIAMSON (491),NOT APPLICABLE,8,August,6,Friday,2024,11,11:00am-11:59am,2,Urban,3,Other Principal Arterial,30.73668889,-97.69215278,1,Daylight,12,Motor Vehicle In-Transport,1,Clear,1
48,Texas,482281,HOOD (221),GRANBURY,8,August,6,Friday,2024,21,9:00pm-9:59pm,2,Urban,5,Major Collector,32.45968611,-97.80613889,2,Dark - Not Lighted,32,Culvert,1,Clear,1
48,Texas,482282,COOKE (97),NOT APPLICABLE,8,August,7,Saturday,2024,23,11:00pm-11:59pm,1,Rural,1,Interstate,33.71886667,-97.16070278,2,Dark - Not Lighted,1,Rollover/Overturn,1,Clear,1
48,Texas,482283,WISE (497),RHOME,8,August,7,Saturday,2024,16,4:00pm-4:59pm,2,Urban,3,Other Principal Arterial,33.04484167,-97.46374444,1,Daylight,21,Bridge Pier or Support,1,Clear,1
48,Texas,482284,JOHNSON (251),NOT APPLICABLE,8,August,7,Saturday,2024,20,8:00pm-8:59pm,1,Rural,7,Local,32.51528889,-97.44684444,5,Dusk,12,Motor Vehicle In-Transport,1,Clear,2
48,Texas,482285,POLK (373),NOT APPLICABLE,8,August,1,Sunday,2024,23,11:00pm-11:59pm,1,Rural,7,Local,30.55468889,-94.86714722,2,Dark - Not Lighted,1,Rollover/Overturn,1,Clear,1
48,Texas,482286,TRAVIS (453),NOT APPLICABLE,8,August,2,Monday,2024,2,2:00am-2:59am,2,Urban,2,Other Freeways and Expressways,30.08135,-97.70578889,2,Dark - Not Lighted,1,Rollover/Overturn,1,Clear,1
48,Texas,482287,BRAZORIA (39),NOT APPLICABLE,8,August,2,Monday,2024,21,9:00pm-9:59pm,1,Rural,4,Minor Arterial,29.14953056,-95.50863333,3,Dark - Lighted,42,Tree (Standing Only),1,Clear,1
48,Texas,482288,JOHNSON (251),NOT APPLICABLE,8,August,5,Thursday,2024,1,1:00am-1:59am,2,Urban,1,Interstate,32.32994167,-97.18889722,2,Dark - Not Lighted,12,Motor Vehicle In-Transport,1,Clear,1
48,Texas,482289,PARKER (367),NOT APPLICABLE,8,August,1,Sunday,2024,4,4:00am-4:59am,1,Rural,5,Major Collector,32.80781389,-97.69880833,2,Dark - Not Lighted,42,Tree (Standing Only),1,Clear,1
48,Texas,482290,DALLAS (113),MESQUITE,8,August,3,Tuesday,2024,22,10:00pm-10:59pm,2,Urban,5,Major Collector,32.79224722,-96.66831667,3,Dark - Lighted,12,Motor Vehicle In-Transport,10,Cloudy,1
48,Texas,482291,KAUFMAN (257),Other,8,August,3,Tuesday,2024,14,2:00pm-2:59pm,2,Urban,4,Minor Arterial,32.75431667,-96.51962778,1,Daylight,12,Motor Vehicle In-Transport,1,Clear,1
48,Texas,482292,BELL (27),TEMPLE,7,July,1,Sunday,2024,17,5:00pm-5:59pm,2,Urban,3,Other Principal Arterial,31.10674444,-97.37530556,1,Daylight,19,Building,1,Clear,1
48,Texas,482293,SMITH (423),TYLER,8,August,1,Sunday,2024,19,7:00pm-7:59pm,2,Urban,3,Other Principal Arterial,32.3324,-95.26571111,1,Daylight,12,Motor Vehicle In-Transport,1,Clear,1
48,Texas,482294,TAYLOR (441),ABILENE,8,August,6,Friday,2024,19,7:00pm-7:59pm,2,Urban,4,Minor Arterial,32.43839167,-99.63959722,1,Daylight,12,Motor Vehicle In-Transport,1,Clear,1
48,Texas,482295,COLLIN (85),ANNA,8,August,2,Monday,2024,12,12:00pm-12:59pm,2,Urban,2,Other Freeways and Expressways,33.34876667,-96.58584167,1,Daylight,12,Motor Vehicle In-Transport,1,Clear,1
48,Texas,482296,TRAVIS (453),AUSTIN,8,August,5,Thursday,2024,23,11:00pm-11:59pm,2,Urban,1,Interstate,30.11999167,-97.80391389,3,Dark - Lighted,26,Other Traffic Barrier,1,Clear,1
48,Texas,482297,HARRIS (201),NOT APPLICABLE,8,August,7,Saturday,2024,13,1:00pm-1:59pm,2,Urban,3,Other Principal Arterial,29.91128611,-95.33152222,1,Daylight,12,Motor Vehicle In-Transport,1,Clear,1
48,Texas,482298,MARTIN (317),NOT APPLICABLE,8,August,6,Friday,2024,5,5:00am-5:59am,1,Rural,3,Other Principal Arterial,32.37402778,-102.1413944,2,Dark - Not Lighted,12,Motor Vehicle In-Transport,1,Clear,3
48,Texas,482299,HARRIS (201),NOT APPLICABLE,8,August,2,Monday,2024,21,9:00pm-9:59pm,2,Urban,3,Other Principal Arterial,30.02716667,-95.400825,3,Dark - Lighted,39,Wall,1,Clear,1
48,Texas,482300,HARRIS (201),NOT APPLICABLE,7,July,1,Sunday,2024,20,8:00pm-8:59pm,2,Urban,5,Major Collector,30.0173,-95.30680556,2,Dark - Not Lighted,8,Pedestrian,1,Clear,1
48,Texas,482301,HOOD (221),GRANBURY,8,August,4,Wednesday,2024,10,10:00am-10:59am,2,Urban,3,Other Principal Arterial,32.43441389,-97.77853056,1,Daylight,12,Motor Vehicle In-Transport,1,Clear,1
48,Texas,482302,KARNES (255),NOT APPLICABLE,8,August,2,Monday,2024,19,7:00pm-7:59pm,1,Rural,3,Other Principal Arterial,28.76338333,-97.85203611,1,Daylight,12,Motor Vehicle In-Transport,1,Clear,2
48,Texas,482304,CALDWELL (55),FENTRESS,8,August,7,Saturday,2024,15,3:00pm-3:59pm,1,Rural,4,Minor Arterial,29.75776111,-97.7743,1,Daylight,12,Motor Vehicle In-Transport,1,Clear,1
48,Texas,482305,ELLIS (139),RED OAK,8,August,7,Saturday,2024,15,3:00pm-3:59pm,2,Urban,5,Major Collector,32.51933889,-96.81995,1,Daylight,30,Utility Pole/Light Support,1,Clear,1
48,Texas,482306,BELL (27),TROY,8,August,2,Monday,2024,6,6:00am-6:59am,2,Urban,5,Major Collector,31.17898333,-97.31553611,2,Dark - Not Lighted,12,Motor Vehicle In-Transport,1,Clear,1
48,Texas,482307,BASTROP (21),NOT APPLICABLE,8,August,6,Friday,2024,18,6:00pm-6:59pm,1,Rural,7,Local,30.05852222,-97.08013333,1,Daylight,12,Motor Vehicle In-Transport,1,Clear,1
48,Texas,482308,GRAYSON (181),SHERMAN,8,August,4,Wednesday,2024,21,9:00pm-9:59pm,1,Rural,2,Other Freeways and Expressways,33.54824167,-96.6069,2,Dark - Not Lighted,1,Rollover/Overturn,1,Clear,1
48,Texas,482309,GAINES (165),NOT APPLICABLE,8,August,3,Tuesday,2024,14,2:00pm-2:59pm,1,Rural,6,Minor Collector,32.62533889,-102.9770028,1,Daylight,1,Rollover/Overturn,1,Clear,1
48,Texas,482310,HIDALGO (215),NOT APPLICABLE,7,July,2,Monday,2024,17,5:00pm-5:59pm,2,Urban,5,Major Collector,26.33109444,-98.22239167,1,Daylight,53,Mail Box,1,Clear,1
48,Texas,482311,CAMERON (61),LA FERIA,8,August,5,Thursday,2024,23,11:00pm-11:59pm,2,Urban,1,Interstate,26.16765,-97.81382222,2,Dark - Not Lighted,8,Pedestrian,1,Clear,1
48,Texas,482312,KENEDY (261),NOT APPLICABLE,8,August,7,Saturday,2024,0,0:00am-0:59am,1,Rural,3,Other Principal Arterial,26.71072222,-97.76918611,2,Dark - Not Lighted,12,Motor Vehicle In-Transport,1,Clear,1
48,Texas,482313,PARKER (367),WEATHERFORD,8,August,4,Wednesday,2024,5,5:00am-5:59am,2,Urban,4,Minor Arterial,32.76020556,-97.82367778,2,Dark - Not Lighted,12,Motor Vehicle In-Transport,1,Clear,1
48,Texas,482314,ECTOR (135),NOT APPLICABLE,8,August,5,Thursday,2024,14,2:00pm-2:59pm,1,Rural,7,Local,32.02272222,-102.3683194,1,Daylight,38,Fence,1,Clear,1
48,Texas,482315,DALLAS (113),GRAND PRAIRIE,8,August,7,Saturday,2024,8,8:00am-8:59am,2,Urban,3,Other Principal Arterial,32.72267222,-96.9941,1,Daylight,12,Motor Vehicle In-Transport,1,Clear,4
48,Texas,482316,DALLAS (113),DALLAS,8,August,7,Saturday,2024,23,11:00pm-11:59pm,2,Urban,3,Other Principal Arterial,32.80454722,-96.68249167,3,Dark - Lighted,30,Utility Pole/Light Support,1,Clear,1
48,Texas,482317,COLLIN (85),DALLAS,8,August,4,Wednesday,2024,1,1:00am-1:59am,2,Urban,2,Other Freeways and Expressways,33.00691944,-96.82938056,3,Dark - Lighted,1,Rollover/Overturn,1,Clear,1
48,Texas,482318,WISE (497),DECATUR,8,August,4,Wednesday,2024,7,7:00am-7:59am,2,Urban,7,Local,33.24925278,-97.57861944,1,Daylight,9,Pedalcyclist,1,Clear,1
48,Texas,482319,JIM WELLS (249),NOT APPLICABLE,8,August,7,Saturday,2024,11,11:00am-11:59am,1,Rural,5,Major Collector,28.02283611,-97.93990833,1,Daylight,38,Fence,1,Clear,1
48,Texas,482320,WILLIAMSON (491),NOT APPLICABLE,8,August,2,Monday,2024,8,8:00am-8:59am,1,Rural,4,Minor Arterial,30.73495278,-97.44099444,1,Daylight,12,Motor Vehicle In-Transport,1,Clear,1
48,Texas,482321,TARRANT (439),FORT WORTH,8,August,2,Monday,2024,0,0:00am-0:59am,2,Urban,1,Interstate,32.67783333,-97.32029167,3,Dark - Lighted,12,Motor Vehicle In-Transport,1,Clear,5
48,Texas,482322,WISE (497),DECATUR,8,August,3,Tuesday,2024,15,3:00pm-3:59pm,2,Urban,4,Minor Arterial,33.21864722,-97.59611667,1,Daylight,12,Motor Vehicle In-Transport,1,Clear,1
48,Texas,482323,SAN PATRICIO (409),PORTLAND,7,July,2,Monday,2024,0,0:00am-0:59am,2,Urban,2,Other Freeways and Expressways,27.90561667,-97.29614722,3,Dark - Lighted,12,Motor Vehicle In-Transport,1,Clear,1
48,Texas,482324,JEFFERSON (245),BEAUMONT,7,July,2,Monday,2024,19,7:00pm-7:59pm,2,Urban,3,Other Principal Arterial,30.05670278,-94.09833056,1,Daylight,12,Motor Vehicle In-Transport,1,Clear,1
48,Texas,482326,MONTGOMERY (339),NOT APPLICABLE,8,August,3,Tuesday,2024,11,11:00am-11:59am,2,Urban,5,Major Collector,30.20760833,-95.45578333,1,Daylight,12,Motor Vehicle In-Transport,1,Clear,1
48,Texas,482327,ANDREWS (3),ANDREWS,8,August,4,Wednesday,2024,5,5:00am-5:59am,2,Urban,5,Major Collector,32.31357778,-102.5435194,2,Dark - Not Lighted,8,Pedestrian,1,Clear,1
48,Texas,482328,HARRIS (201),HOUSTON,8,August,7,Saturday,2024,0,0:00am-0:59am,2,Urban,1,Interstate,29.85035,-95.39610833,2,Dark - Not Lighted,8,Pedestrian,1,Clear,1
48,Texas,482329,PECOS (371),NOT APPLICABLE,8,August,3,Tuesday,2024,0,0:00am-0:59am,1,Rural,1,Interstate,30.75160278,-101.903525,2,Dark - Not Lighted,11,Live Animal,1,Clear,1
48,Texas,482330,HARRIS (201),HOUSTON,8,August,5,Thursday,2024,15,3:00pm-3:59pm,2,Urban,4,Minor Arterial,29.8353,-95.60910556,1,Daylight,24,Guardrail Face,1,Clear,1
48,Texas,482331,HARRIS (201),HOUSTON,8,August,7,Saturday,2024,0,0:00am-0:59am,2,Urban,1,Interstate,29.77331389,-95.2335,3,Dark - Lighted,8,Pedestrian,1,Clear,1
48,Texas,482332,TARRANT (439),ARLINGTON,8,August,3,Tuesday,2024,18,6:00pm-6:59pm,2,Urban,1,Interstate,32.75991944,-97.05288333,1,Daylight,52,Guardrail End,1,Clear,1
48,Texas,482333,GALVESTON (167),NOT APPLICABLE,8,August,7,Saturday,2024,16,4:00pm-4:59pm,2,Urban,3,Other Principal Arterial,29.39641667,-95.15805556,1,Daylight,12,Motor Vehicle In-Transport,1,Clear,1
48,Texas,482334,ECTOR (135),NOT APPLICABLE,8,August,5,Thursday,2024,5,5:00am-5:59am,2,Urban,3,Other Principal Arterial,31.95276111,-102.4075333,2,Dark - Not Lighted,12,Motor Vehicle In-Transport,1,Clear,1
48,Texas,482335,BEXAR (29),SAN ANTONIO,8,August,2,Monday,2024,3,3:00am-3:59am,2,Urban,4,Minor Arterial,29.56459444,-98.58591667,3,Dark - Lighted,8,Pedestrian,1,Clear,1
48,Texas,482336,GRAYSON (181),SHERMAN,8,August,6,Friday,2024,21,9:00pm-9:59pm,2,Urban,7,Local,33.62389167,-96.60289167,3,Dark - Lighted,33,Curb,1,Clear,1
48,Texas,482337,LAMPASAS (281),NOT APPLICABLE,8,August,4,Wednesday,2024,5,5:00am-5:59am,1,Rural,3,Other Principal Arterial,31.17320556,-98.17201944,2,Dark - Not Lighted,12,Motor Vehicle In-Transport,1,Clear,5
48,Texas,482338,BEXAR (29),CONVERSE,8,August,3,Tuesday,2024,16,4:00pm-4:59pm,2,Urban,3,Other Principal Arterial,29.491075,-98.29044722,1,Daylight,12,Motor Vehicle In-Transport,10,Cloudy,2
48,Texas,482339,HARRIS (201),TOMBALL,8,August,5,Thursday,2024,16,4:00pm-4:59pm,2,Urban,3,Other Principal Arterial,30.09975,-95.593425,1,Daylight,12,Motor Vehicle In-Transport,1,Clear,1
48,Texas,482340,HENDERSON (213),NOT APPLICABLE,8,August,1,Sunday,2024,20,8:00pm-8:59pm,1,Rural,4,Minor Arterial,32.20226111,-96.02396944,5,Dusk,12,Motor Vehicle In-Transport,1,Clear,2
48,Texas,482341,MIDLAND (329),Other,8,August,4,Wednesday,2024,21,9:00pm-9:59pm,2,Urban,3,Other Principal Arterial,31.89190556,-102.275925,3,Dark - Lighted,12,Motor Vehicle In-Transport,1,Clear,1
48,Texas,482342,BEXAR (29),SAN ANTONIO,8,August,1,Sunday,2024,17,5:00pm-5:59pm,2,Urban,7,Local,29.48872222,-98.51387222,1,Daylight,12,Motor Vehicle In-Transport,1,Clear,1
48,Texas,482343,CROCKETT (105),NOT APPLICABLE,8,August,2,Monday,2024,8,8:00am-8:59am,1,Rural,6,Minor Collector,30.54329444,-101.338,1,Daylight,12,Motor Vehicle In-Transport,1,Clear,1
48,Texas,482344,TARRANT (439),ARLINGTON,8,August,6,Friday,2024,23,11:00pm-11:59pm,2,Urban,5,Major Collector,32.63548889,-97.06545833,3,Dark - Lighted,12,Motor Vehicle In-Transport,1,Clear,1
48,Texas,482345,HIDALGO (215),MCALLEN,8,August,4,Wednesday,2024,20,8:00pm-8:59pm,2,Urban,3,Other Principal Arterial,26.23338333,-98.20732778,3,Dark - Lighted,9,Pedalcyclist,1,Clear,1
48,Texas,482346,FORT BEND (157),NOT APPLICABLE,8,August,2,Monday,2024,5,5:00am-5:59am,2,Urban,3,Other Principal Arterial,29.54688333,-95.4455,2,Dark - Not Lighted,12,Motor Vehicle In-Transport,1,Clear,1
48,Texas,482347,DALLAS (113),DALLAS,8,August,7,Saturday,2024,21,9:00pm-9:59pm,2,Urban,5,Major Collector,32.72770556,-96.65696111,2,Dark - Not Lighted,9,Pedalcyclist,1,Clear,1
48,Texas,482348,DALLAS (113),DALLAS,8,August,7,Saturday,2024,20,8:00pm-8:59pm,2,Urban,5,Major Collector,32.69881667,-96.65716944,2,Dark - Not Lighted,8,Pedestrian,1,Clear,1
48,Texas,482349,DALLAS (113),DALLAS,8,August,1,Sunday,2024,19,7:00pm-7:59pm,2,Urban,4,Minor Arterial,32.92550278,-96.81133889,1,Daylight,12,Motor Vehicle In-Transport,1,Clear,1
48,Texas,482350,GUADALUPE (187),NOT APPLICABLE,8,August,5,Thursday,2024,22,10:00pm-10:59pm,1,Rural,5,Major Collector,29.80383056,-97.85513611,2,Dark - Not Lighted,1,Rollover/Overturn,1,Clear,1
48,Texas,482351,TARRANT (439),ARLINGTON,8,August,6,Friday,2024,22,10:00pm-10:59pm,2,Urban,2,Other Freeways and Expressways,32.64580278,-97.185075,3,Dark - Lighted,12,Motor Vehicle In-Transport,1,Clear,1
48,Texas,482352,HARRIS (201),NOT APPLICABLE,8,August,6,Friday,2024,5,5:00am-5:59am,2,Urban,1,Interstate,29.92786389,-95.3007,3,Dark - Lighted,12,Motor Vehicle In-Transport,1,Clear,1
48,Texas,482353,TRAVIS (453),AUSTIN,8,August,7,Saturday,2024,2,2:00am-2:59am,2,Urban,4,Minor Arterial,30.33160833,-97.72282222,3,Dark - Lighted,8,Pedestrian,1,Clear,2
48,Texas,482354,BELL (27),KILLEEN,8,August,1,Sunday,2024,4,4:00am-4:59am,2,Urban,3,Other Principal Arterial,31.08571111,-97.75585833,2,Dark - Not Lighted,8,Pedestrian,1,Clear,1
48,Texas,482356,BEXAR (29),NOT APPLICABLE,8,August,3,Tuesday,2024,21,9:00pm-9:59pm,2,Urban,3,Other Principal Arterial,29.37481111,-98.75381389,2,Dark - Not Lighted,57,Cable Barrier,1,Clear,1
48,Texas,482357,GAINES (165),NOT APPLICABLE,8,August,7,Saturday,2024,21,9:00pm-9:59pm,1,Rural,6,Minor Collector,32.62519722,-103.0621083,2,Dark - Not Lighted,1,Rollover/Overturn,1,Clear,1
48,Texas,482358,HARRIS (201),NOT APPLICABLE,8,August,3,Tuesday,2024,20,8:00pm-8:59pm,2,Urban,5,Major Collector,29.92901944,-95.38326667,2,Dark - Not Lighted,8,Pedestrian,1,Clear,1
48,Texas,482359,BEXAR (29),SAN ANTONIO,8,August,7,Saturday,2024,23,11:00pm-11:59pm,2,Urban,3,Other Principal Arterial,29.35667222,-98.4916,2,Dark - Not Lighted,8,Pedestrian,1,Clear,1
48,Texas,482360,HARRIS (201),NOT APPLICABLE,8,August,1,Sunday,2024,22,10:00pm-10:59pm,1,Rural,3,Other Principal Arterial,29.955625,-95.00781944,2,Dark - Not Lighted,1,Rollover/Overturn,1,Clear,1
48,Texas,482361,ANGELINA (5),NOT APPLICABLE,8,August,7,Saturday,2024,9,9:00am-9:59am,1,Rural,3,Other Principal Arterial,31.351475,-94.56731389,1,Daylight,12,Motor Vehicle In-Transport,1,Clear,1
48,Texas,482362,NEWTON (351),NOT APPLICABLE,8,August,6,Friday,2024,15,3:00pm-3:59pm,1,Rural,5,Major Collector,30.70811667,-93.78674722,1,Daylight,1,Rollover/Overturn,1,Clear,2
48,Texas,482363,ELLIS (139),NOT APPLICABLE,8,August,6,Friday,2024,15,3:00pm-3:59pm,2,Urban,2,Other Freeways and Expressways,32.546325,-96.81350278,1,Daylight,12,Motor Vehicle In-Transport,1,Clear,1
48,Texas,482364,BRAZORIA (39),PEARLAND,8,August,4,Wednesday,2024,21,9:00pm-9:59pm,2,Urban,2,Other Freeways and Expressways,29.58554722,-95.3863,3,Dark - Lighted,8,Pedestrian,1,Clear,1
48,Texas,482365,CALLAHAN (59),NOT APPLICABLE,8,August,4,Wednesday,2024,5,5:00am-5:59am,1,Rural,5,Major Collector,32.21198056,-99.41330278,2,Dark - Not Lighted,11,Live Animal,1,Clear,1
48,Texas,482366,JEFFERSON (245),GROVES,8,August,3,Tuesday,2024,2,2:00am-2:59am,2,Urban,4,Minor Arterial,29.954775,-93.90034444,2,Dark - Not Lighted,32,Culvert,10,Cloudy,1
48,Texas,482367,HARRIS (201),NOT APPLICABLE,8,August,7,Saturday,2024,14,2:00pm-2:59pm,2,Urban,5,Major Collector,30.09315278,-95.43578333,1,Daylight,12,Motor Vehicle In-Transport,1,Clear,1
48,Texas,482368,MATAGORDA (321),BAY CITY,8,August,1,Sunday,2024,20,8:00pm-8:59pm,2,Urban,3,Other Principal Arterial,28.99428333,-95.97050833,3,Dark - Lighted,12,Motor Vehicle In-Transport,1,Clear,1
48,Texas,482369,HARRIS (201),NOT APPLICABLE,8,August,2,Monday,2024,4,4:00am-4:59am,2,Urban,3,Other Principal Arterial,29.98796944,-95.49822778,3,Dark - Lighted,12,Motor Vehicle In-Transport,1,Clear,1
48,Texas,482370,HARRIS (201),NOT APPLICABLE,8,August,4,Wednesday,2024,19,7:00pm-7:59pm,2,Urban,4,Minor Arterial,29.98147222,-95.51493889,1,Daylight,12,Motor Vehicle In-Transport,1,Clear,1
48,Texas,482371,GUADALUPE (187),SCHERTZ,8,August,4,Wednesday,2024,12,12:00pm-12:59pm,2,Urban,4,Minor Arterial,29.56099167,-98.26740556,1,Daylight,12,Motor Vehicle In-Transport,1,Clear,1
48,Texas,482372,HARRIS (201),HOUSTON,8,August,7,Saturday,2024,15,3:00pm-3:59pm,2,Urban,2,Other Freeways and Expressways,29.87415,-95.55403611,1,Daylight,24,Guardrail Face,10,Cloudy,1
48,Texas,482373,COLLIN (85),MCKINNEY,8,August,1,Sunday,2024,8,8:00am-8:59am,2,Urban,3,Other Principal Arterial,33.20574167,-96.73285,1,Daylight,1,Rollover/Overturn,1,Clear,1
48,Texas,482374,SMITH (423),NOT APPLICABLE,8,August,5,Thursday,2024,6,6:00am-6:59am,1,Rural,5,Major Collector,32.41110833,-95.16881111,4,Dawn,12,Motor Vehicle In-Transport,10,Cloudy,2
48,Texas,482375,HOOD (221),NOT APPLICABLE,8,August,6,Friday,2024,7,7:00am-7:59am,2,Urban,5,Major Collector,32.4672,-97.71484167,4,Dawn,9,Pedalcyclist,1,Clear,1
48,Texas,482376,JEFFERSON (245),NOT APPLICABLE,8,August,6,Friday,2024,22,10:00pm-10:59pm,1,Rural,1,Interstate,29.93699444,-94.26188333,2,Dark - Not Lighted,52,Guardrail End,10,Cloudy,1
48,Texas,482377,HARRIS (201),HOUSTON,8,August,7,Saturday,2024,22,10:00pm-10:59pm,2,Urban,5,Major Collector,29.57124722,-95.16965,3,Dark - Lighted,9,Pedalcyclist,1,Clear,1
48,Texas,482378,ELLIS (139),ITALY,9,September,2,Monday,2024,9,9:00am-9:59am,1,Rural,1,Interstate,32.22075,-96.887725,1,Daylight,42,Tree (Standing Only),10,Cloudy,1
48,Texas,482379,JOHNSON (251),BURLESON,7,July,3,Tuesday,2024,0,0:00am-0:59am,2,Urban,1,Interstate,32.50816111,-97.29850278,3,Dark - Lighted,59,Traffic Sign Support,1,Clear,1
48,Texas,482380,BEXAR (29),SAN ANTONIO,8,August,7,Saturday,2024,1,1:00am-1:59am,2,Urban,7,Local,29.60993333,-98.60586111,3,Dark - Lighted,5,Fell/Jumped from Vehicle,1,Clear,1
48,Texas,482381,HARRIS (201),WEBSTER,8,August,1,Sunday,2024,22,10:00pm-10:59pm,2,Urban,1,Interstate,29.53571667,-95.13733889,3,Dark - Lighted,43,Other Fixed Object,1,Clear,1
48,Texas,482382,HARDIN (199),SILSBEE,8,August,7,Saturday,2024,15,3:00pm-3:59pm,2,Urban,4,Minor Arterial,30.35202778,-94.15131667,1,Daylight,9,Pedalcyclist,1,Clear,1
48,Texas,482383,DENTON (121),ARGYLE,8,August,6,Friday,2024,18,6:00pm-6:59pm,2,Urban,1,Interstate,33.13083333,-97.20725556,1,Daylight,12,Motor Vehicle In-Transport,1,Clear,3
48,Texas,482384,TARRANT (439),GRAPEVINE,8,August,3,Tuesday,2024,20,8:00pm-8:59pm,2,Urban,2,Other Freeways and Expressways,32.89371389,-97.03931111,3,Dark - Lighted,24,Guardrail Face,1,Clear,1
48,Texas,482385,BEXAR (29),SAN ANTONIO,8,August,4,Wednesday,2024,1,1:00am-1:59am,2,Urban,2,Other Freeways and Expressways,29.40444722,-98.55161389,3,Dark - Lighted,1,Rollover/Overturn,10,Cloudy,1
48,Texas,482386,EL PASO (141),EL PASO,7,July,2,Monday,2024,10,10:00am-10:59am,2,Urban,3,Other Principal Arterial,31.85999722,-106.4345833,1,Daylight,8,Pedestrian,1,Clear,1
48,Texas,482387,ROBERTSON (395),NOT APPLICABLE,8,August,4,Wednesday,2024,16,4:00pm-4:59pm,1,Rural,3,Other Principal Arterial,30.82135833,-96.53026944,1,Daylight,12,Motor Vehicle In-Transport,1,Clear,1
48,Texas,482388,BEXAR (29),NOT APPLICABLE,8,August,5,Thursday,2024,13,1:00pm-1:59pm,2,Urban,3,Other Principal Arterial,29.51619722,-98.78364167,1,Daylight,12,Motor Vehicle In-Transport,10,Cloudy,1
48,Texas,482389,ARMSTRONG (11),NOT APPLICABLE,8,August,3,Tuesday,2024,14,2:00pm-2:59pm,1,Rural,4,Minor Arterial,34.80285,-101.4345639,1,Daylight,5,Fell/Jumped from Vehicle,1,Clear,1
48,Texas,482390,FREESTONE (161),NOT APPLICABLE,8,August,3,Tuesday,2024,7,7:00am-7:59am,1,Rural,1,Interstate,31.86865833,-96.33274444,4,Dawn,1,Rollover/Overturn,1,Clear,1
48,Texas,482391,HUTCHINSON (233),BORGER,8,August,6,Friday,2024,0,0:00am-0:59am,2,Urban,7,Local,35.651175,-101.4429444,2,Dark - Not Lighted,8,Pedestrian,10,Cloudy,1
48,Texas,482392,TARRANT (439),FORT WORTH,8,August,6,Friday,2024,23,11:00pm-11:59pm,2,Urban,1,Interstate,32.67650833,-97.240375,3,Dark - Lighted,24,Guardrail Face,1,Clear,1
48,Texas,482393,HAYS (209),NOT APPLICABLE,8,August,7,Saturday,2024,19,7:00pm-7:59pm,1,Rural,5,Major Collector,30.02785833,-98.12878333,1,Daylight,1,Rollover/Overturn,1,Clear,1
48,Texas,482394,HARRIS (201),NOT APPLICABLE,8,August,1,Sunday,2024,4,4:00am-4:59am,2,Urban,3,Other Principal Arterial,29.95337778,-95.55600833,2,Dark - Not Lighted,9,Pedalcyclist,1,Clear,1
48,Texas,482395,BEXAR (29),SAN ANTONIO,8,August,1,Sunday,2024,15,3:00pm-3:59pm,2,Urban,5,Major Collector,29.51228333,-98.553025,1,Daylight,25,Concrete Traffic Barrier,1,Clear,1
48,Texas,482396,HARRIS (201),NOT APPLICABLE,8,August,2,Monday,2024,21,9:00pm-9:59pm,2,Urban,3,Other Principal Arterial,29.85830833,-95.64499167,3,Dark - Lighted,15,Non-Motorist on Personal Conveyance,1,Clear,1
48,Texas,482397,CAMERON (61),BROWNSVILLE,8,August,3,Tuesday,2024,13,1:00pm-1:59pm,2,Urban,4,Minor Arterial,25.932325,-97.43129167,1,Daylight,53,Mail Box,10,Cloudy,1
48,Texas,482398,BELL (27),TROY,8,August,4,Wednesday,2024,21,9:00pm-9:59pm,2,Urban,5,Major Collector,31.22611944,-97.29263889,2,Dark - Not Lighted,35,Embankment,1,Clear,1
48,Texas,482399,HARRISON (203),WASKOM,8,August,4,Wednesday,2024,13,1:00pm-1:59pm,1,Rural,1,Interstate,32.47918333,-94.08585278,1,Daylight,1,Rollover/Overturn,1,Clear,1
48,Texas,482400,BELL (27),TEMPLE,8,August,6,Friday,2024,8,8:00am-8:59am,2,Urban,7,Local,31.07759722,-97.35395278,1,Daylight,14,Parked Motor Vehicle,10,Cloudy,1
48,Texas,482401,ANGELINA (5),LUFKIN,8,August,6,Friday,2024,9,9:00am-9:59am,2,Urban,3,Other Principal Arterial,31.37244444,-94.73943611,1,Daylight,33,Curb,10,Cloudy,1
48,Texas,482402,DENTON (121),FRISCO,8,August,6,Friday,2024,0,0:00am-0:59am,2,Urban,3,Other Principal Arterial,33.136075,-96.89085,3,Dark - Lighted,46,Traffic Signal Support,1,Clear,1
48,Texas,482403,BEXAR (29),SAN ANTONIO,8,August,2,Monday,2024,2,2:00am-2:59am,2,Urban,5,Major Collector,29.32266944,-98.43291667,3,Dark - Lighted,9,Pedalcyclist,1,Clear,1
48,Texas,482404,MATAGORDA (321),BAY CITY,8,August,1,Sunday,2024,7,7:00am-7:59am,2,Urban,7,Local,28.98458889,-95.95081667,1,Daylight,8,Pedestrian,1,Clear,1