STATE,STATENAME,ST_CASE,COUNTYNAME,CITYNAME,MONTH,MONTHNAME,DAY_WEEK,DAY_WEEKNAME,YEAR,HOUR,HOURNAME,RUR_URB,RUR_URBNAME,FUNC_SYS,FUNC_SYSNAME,LATITUDE,LONGITUD,LGT_COND,LGT_CONDNAME,HARM_EV,HARM_EVNAME,WEATHER,WEATHERNAME,FATALS
48,Texas,482659,ECTOR (135),ODESSA,9,September,4,Wednesday,2024,17,5:00pm-5:59pm,2,Urban,3,Other Principal Arterial,31.91058889,-102.3939278,1,Daylight,12,Motor Vehicle In-Transport,1,Clear,1
48,Texas,482660,HALE (189),NOT APPLICABLE,9,September,5,Thursday,2024,8,8:00am-8:59am,1,Rural,4,Minor Arterial,34.18828889,-102.0843917,1,Daylight,12,Motor Vehicle In-Transport,1,Clear,1
48,Texas,482661,HIDALGO (215),NOT APPLICABLE,9,September,6,Friday,2024,17,5:00pm-5:59pm,2,Urban,5,Major Collector,26.22779167,-98.00806944,1,Daylight,12,Motor Vehicle In-Transport,1,Clear,1
48,Texas,482662,MARTIN (317),NOT APPLICABLE,9,September,5,Thursday,2024,13,1:00pm-1:59pm,1,Rural,3,Other Principal Arterial,32.37438056,-102.1411889,1,Daylight,12,Motor Vehicle In-Transport,1,Clear,2
48,Texas,482663,LIBERTY (291),NOT APPLICABLE,9,September,6,Friday,2024,8,8:00am-8:59am,1,Rural,4,Minor Arterial,30.00020278,-94.75312222,1,Daylight,12,Motor Vehicle In-Transport,1,Clear,1
48,Texas,482664,NAVARRO (349),NOT APPLICABLE,9,September,6,Friday,2024,15,3:00pm-3:59pm,1,Rural,3,Other Principal Arterial,31.89242778,-96.73434722,1,Daylight,12,Motor Vehicle In-Transport,1,Clear,1
48,Texas,482665,EL PASO (141),EL PASO,9,September,3,Tuesday,2024,19,7:00pm-7:59pm,2,Urban,3,Other Principal Arterial,31.74544444,-106.3821417,6,Dark - Unknown Lighting,8,Pedestrian,1,Clear,1
48,Texas,482666,TRAVIS (453),AUSTIN,9,September,4,Wednesday,2024,21,9:00pm-9:59pm,2,Urban,3,Other Principal Arterial,30.28587778,-97.68198333,2,Dark - Not Lighted,8,Pedestrian,1,Clear,1
48,Texas,482667,BEXAR (29),SAN ANTONIO,9,September,4,Wednesday,2024,16,4:00pm-4:59pm,2,Urban,3,Other Principal Arterial,29.26943056,-98.30984167,1,Daylight,53,Mail Box,1,Clear,1
48,Texas,482668,GALVESTON (167),HITCHCOCK,9,September,2,Monday,2024,8,8:00am-8:59am,1,Rural,4,Minor Arterial,29.29618056,-95.11936389,1,Daylight,12,Motor Vehicle In-Transport,1,Clear,1
48,Texas,482669,GALVESTON (167),LEAGUE CITY,9,September,4,Wednesday,2024,22,10:00pm-10:59pm,2,Urban,3,Other Principal Arterial,29.49276111,-95.03441667,3,Dark - Lighted,8,Pedestrian,1,Clear,1
48,Texas,482670,PARKER (367),MINERAL WELLS,9,September,1,Sunday,2024,7,7:00am-7:59am,2,Urban,3,Other Principal Arterial,32.81060556,-98.05963333,6,Dark - Unknown Lighting,8,Pedestrian,99,Reported as Unknown,1
48,Texas,482671,TRAVIS (453),AUSTIN,9,September,3,Tuesday,2024,7,7:00am-7:59am,2,Urban,3,Other Principal Arterial,30.32190833,-97.71865,1,Daylight,12,Motor Vehicle In-Transport,1,Clear,1
48,Texas,482672,BEXAR (29),SAN ANTONIO,8,August,6,Friday,2024,22,10:00pm-10:59pm,2,Urban,4,Minor Arterial,29.43080833,-98.56353333,3,Dark - Lighted,9,Pedalcyclist,1,Clear,1
48,Texas,482673,ZAVALA (507),LA PRYOR,9,September,7,Saturday,2024,21,9:00pm-9:59pm,1,Rural,7,Local,28.94945,-99.85169167,3,Dark - Lighted,11,Live Animal,1,Clear,1
48,Texas,482674,WALKER (471),HUNTSVILLE,9,September,2,Monday,2024,16,4:00pm-4:59pm,2,Urban,1,Interstate,30.74056389,-95.59524444,1,Daylight,8,Pedestrian,1,Clear,1
48,Texas,482675,TRAVIS (453),AUSTIN,9,September,3,Tuesday,2024,7,7:00am-7:59am,2,Urban,4,Minor Arterial,30.249225,-97.89275278,2,Dark - Not Lighted,9,Pedalcyclist,1,Clear,1
48,Texas,482676,BRAZOS (41),NOT APPLICABLE,9,September,3,Tuesday,2024,0,0:00am-0:59am,1,Rural,7,Local,30.63617778,-96.39775,2,Dark - Not Lighted,1,Rollover/Overturn,1,Clear,1
48,Texas,482677,DALLAS (113),RICHARDSON,9,September,6,Friday,2024,14,2:00pm-2:59pm,2,Urban,5,Major Collector,32.96849444,-96.72103889,1,Daylight,8,Pedestrian,1,Clear,1
48,Texas,482678,ELLIS (139),FERRIS,9,September,1,Sunday,2024,21,9:00pm-9:59pm,2,Urban,1,Interstate,32.54030833,-96.65880278,2,Dark - Not Lighted,12,Motor Vehicle In-Transport,1,Clear,1
48,Texas,482679,MONTGOMERY (339),NOT APPLICABLE,9,September,2,Monday,2024,20,8:00pm-8:59pm,2,Urban,1,Interstate,30.19657778,-95.45435833,3,Dark - Lighted,8,Pedestrian,1,Clear,1
48,Texas,482680,MOORE (341),NOT APPLICABLE,9,September,3,Tuesday,2024,6,6:00am-6:59am,2,Urban,3,Other Principal Arterial,35.88453333,-101.9752444,4,Dawn,12,Motor Vehicle In-Transport,1,Clear,1
48,Texas,482681,POTTER (375),NOT APPLICABLE,9,September,3,Tuesday,2024,11,11:00am-11:59am,2,Urban,98,Not Reported,35.19847778,-101.9391028,1,Daylight,12,Motor Vehicle In-Transport,1,Clear,2
48,Texas,482682,EL PASO (141),EL PASO,9,September,4,Wednesday,2024,20,8:00pm-8:59pm,2,Urban,5,Major Collector,31.71931667,-106.3039833,3,Dark - Lighted,39,Wall,1,Clear,1
48,Texas,482683,VICTORIA (469),NOT APPLICABLE,9,September,4,Wednesday,2024,12,12:00pm-12:59pm,1,Rural,5,Major Collector,28.82965278,-97.11041667,1,Daylight,12,Motor Vehicle In-Transport,1,Clear,1
48,Texas,482684,JASPER (241),NOT APPLICABLE,9,September,5,Thursday,2024,23,11:00pm-11:59pm,1,Rural,4,Minor Arterial,30.37207778,-93.93543889,2,Dark - Not Lighted,12,Motor Vehicle In-Transport,1,Clear,2
48,Texas,482685,HARRIS (201),HOUSTON,9,September,5,Thursday,2024,21,9:00pm-9:59pm,2,Urban,4,Minor Arterial,29.84278333,-95.47315833,3,Dark - Lighted,8,Pedestrian,1,Clear,1
48,Texas,482686,PANOLA (365),CARTHAGE,9,September,3,Tuesday,2024,13,1:00pm-1:59pm,2,Urban,4,Minor Arterial,32.17124167,-94.34125833,1,Daylight,1,Rollover/Overturn,10,Cloudy,2
48,Texas,482687,DALLAS (113),DALLAS,9,September,5,Thursday,2024,1,1:00am-1:59am,2,Urban,1,Interstate,32.80440833,-96.83637778,3,Dark - Lighted,59,Traffic Sign Support,1,Clear,1
48,Texas,482688,DALLAS (113),DALLAS,9,September,5,Thursday,2024,2,2:00am-2:59am,2,Urban,1,Interstate,32.79781389,-96.68424722,3,Dark - Lighted,8,Pedestrian,1,Clear,1
48,Texas,482689,HARRIS (201),HOUSTON,8,August,3,Tuesday,2024,9,9:00am-9:59am,2,Urban,4,Minor Arterial,29.95063611,-95.38933611,1,Daylight,12,Motor Vehicle In-Transport,1,Clear,1
48,Texas,482690,HARRIS (201),HOUSTON,8,August,5,Thursday,2024,5,5:00am-5:59am,2,Urban,3,Other Principal Arterial,29.62276111,-95.28548333,3,Dark - Lighted,8,Pedestrian,10,Cloudy,1
48,Texas,482691,HARRIS (201),HOUSTON,9,September,1,Sunday,2024,6,6:00am-6:59am,2,Urban,2,Other Freeways and Expressways,29.71528611,-95.37928889,4,Dawn,30,Utility Pole/Light Support,10,Cloudy,2
48,Texas,482692,HARRIS (201),NOT APPLICABLE,9,September,3,Tuesday,2024,10,10:00am-10:59am,2,Urban,7,Local,30.02395278,-95.25148611,1,Daylight,42,Tree (Standing Only),1,Clear,1
48,Texas,482693,YOAKUM (501),NOT APPLICABLE,9,September,6,Friday,2024,11,11:00am-11:59am,1,Rural,4,Minor Arterial,33.08931944,-103.0628278,1,Daylight,12,Motor Vehicle In-Transport,1,Clear,2
48,Texas,482694,CALLAHAN (59),NOT APPLICABLE,9,September,6,Friday,2024,7,7:00am-7:59am,1,Rural,5,Major Collector,32.22793611,-99.40346111,1,Daylight,12,Motor Vehicle In-Transport,1,Clear,1
48,Texas,482695,HARRIS (201),HOUSTON,9,September,1,Sunday,2024,16,4:00pm-4:59pm,2,Urban,1,Interstate,29.78488889,-95.60314444,1,Daylight,12,Motor Vehicle In-Transport,1,Clear,1
48,Texas,482696,HARRIS (201),HOUSTON,9,September,1,Sunday,2024,2,2:00am-2:59am,2,Urban,2,Other Freeways and Expressways,29.72285833,-95.49983889,3,Dark - Lighted,18,Other Object (not fixed),1,Clear,1
48,Texas,482697,VICTORIA (469),NOT APPLICABLE,9,September,1,Sunday,2024,12,12:00pm-12:59pm,2,Urban,3,Other Principal Arterial,28.83976389,-97.0017,1,Daylight,12,Motor Vehicle In-Transport,1,Clear,1
48,Texas,482698,BURNET (53),NOT APPLICABLE,9,September,5,Thursday,2024,14,2:00pm-2:59pm,1,Rural,5,Major Collector,30.57720833,-98.16994722,1,Daylight,12,Motor Vehicle In-Transport,1,Clear,1
48,Texas,482699,MARTIN (317),NOT APPLICABLE,9,September,5,Thursday,2024,6,6:00am-6:59am,1,Rural,4,Minor Arterial,32.30675,-101.9959194,2,Dark - Not Lighted,12,Motor Vehicle In-Transport,1,Clear,1
48,Texas,482700,TRAVIS (453),Other,9,September,7,Saturday,2024,9,9:00am-9:59am,2,Urban,5,Major Collector,30.48706389,-97.97473889,1,Daylight,24,Guardrail Face,1,Clear,1
48,Texas,482701,HARRIS (201),HOUSTON,9,September,1,Sunday,2024,3,3:00am-3:59am,2,Urban,4,Minor Arterial,29.72264167,-95.52065278,2,Dark - Not Lighted,42,Tree (Standing Only),1,Clear,1
48,Texas,482702,BEXAR (29),SAN ANTONIO,9,September,3,Tuesday,2024,22,10:00pm-10:59pm,2,Urban,5,Major Collector,29.52024167,-98.49675556,3,Dark - Lighted,93,Unknown Fixed Object,1,Clear,1
48,Texas,482703,BEXAR (29),SAN ANTONIO,6,June,1,Sunday,2024,21,9:00pm-9:59pm,2,Urban,1,Interstate,29.29213611,-98.63952778,3,Dark - Lighted,8,Pedestrian,1,Clear,1
48,Texas,482704,HARRIS (201),HOUSTON,8,August,7,Saturday,2024,22,10:00pm-10:59pm,2,Urban,2,Other Freeways and Expressways,29.86839444,-95.54370278,3,Dark - Lighted,12,Motor Vehicle In-Transport,1,Clear,1
48,Texas,482705,SAN JACINTO (407),NOT APPLICABLE,9,September,7,Saturday,2024,18,6:00pm-6:59pm,1,Rural,3,Other Principal Arterial,30.76844167,-95.17931111,1,Daylight,12,Motor Vehicle In-Transport,1,Clear,1
48,Texas,482706,NUECES (355),NOT APPLICABLE,9,September,2,Monday,2024,20,8:00pm-8:59pm,1,Rural,5,Major Collector,27.58456944,-97.62648889,2,Dark - Not Lighted,12,Motor Vehicle In-Transport,10,Cloudy,1
48,Texas,482707,LUBBOCK (303),NOT APPLICABLE,9,September,6,Friday,2024,21,9:00pm-9:59pm,2,Urban,3,Other Principal Arterial,33.50588056,-101.7524417,2,Dark - Not Lighted,12,Motor Vehicle In-Transport,1,Clear,1
48,Texas,482708,TRINITY (455),NOT APPLICABLE,9,September,6,Friday,2024,6,6:00am-6:59am,1,Rural,4,Minor Arterial,30.99939444,-95.42373611,4,Dawn,12,Motor Vehicle In-Transport,5,"Fog, Smog, Smoke",1
48,Texas,482709,DALLAS (113),DALLAS,9,September,6,Friday,2024,23,11:00pm-11:59pm,2,Urban,4,Minor Arterial,32.74892778,-96.68657778,3,Dark - Lighted,12,Motor Vehicle In-Transport,1,Clear,1
48,Texas,482710,HARRIS (201),DEER PARK,9,September,7,Saturday,2024,0,0:00am-0:59am,2,Urban,2,Other Freeways and Expressways,29.71136944,-95.12436944,3,Dark - Lighted,12,Motor Vehicle In-Transport,1,Clear,1
48,Texas,482711,JOHNSON (251),BURLESON,9,September,5,Thursday,2024,21,9:00pm-9:59pm,2,Urban,3,Other Principal Arterial,32.529875,-97.33944167,2,Dark - Not Lighted,8,Pedestrian,1,Clear,1
48,Texas,482712,COOKE (97),VALLEY VIEW,9,September,6,Friday,2024,3,3:00am-3:59am,1,Rural,1,Interstate,33.51945556,-97.16613056,2,Dark - Not Lighted,12,Motor Vehicle In-Transport,1,Clear,1
48,Texas,482713,TRAVIS (453),AUSTIN,9,September,7,Saturday,2024,18,6:00pm-6:59pm,2,Urban,3,Other Principal Arterial,30.38826667,-97.75988056,1,Daylight,12,Motor Vehicle In-Transport,1,Clear,1
48,Texas,482714,TRAVIS (453),AUSTIN,9,September,1,Sunday,2024,21,9:00pm-9:59pm,2,Urban,4,Minor Arterial,30.35108333,-97.73389722,2,Dark - Not Lighted,12,Motor Vehicle In-Transport,1,Clear,1
48,Texas,482715,ORANGE (361),NOT APPLICABLE,9,September,1,Sunday,2024,21,9:00pm-9:59pm,2,Urban,1,Interstate,30.09482778,-94.08416944,6,Dark - Unknown Lighting,26,Other Traffic Barrier,1,Clear,1
48,Texas,482717,JEFFERSON (245),BEAUMONT,6,June,4,Wednesday,2024,21,9:00pm-9:59pm,2,Urban,5,Major Collector,30.067475,-94.13516667,3,Dark - Lighted,8,Pedestrian,1,Clear,1
48,Texas,482718,BEXAR (29),SAN ANTONIO,9,September,2,Monday,2024,1,1:00am-1:59am,1,Rural,1,Interstate,29.67078889,-98.63299722,3,Dark - Lighted,12,Motor Vehicle In-Transport,1,Clear,1
48,Texas,482719,WALKER (471),NOT APPLICABLE,9,September,3,Tuesday,2024,13,1:00pm-1:59pm,1,Rural,7,Local,30.78050278,-95.60235,1,Daylight,42,Tree (Standing Only),1,Clear,1
48,Texas,482720,DUVAL (131),NOT APPLICABLE,9,September,5,Thursday,2024,3,3:00am-3:59am,1,Rural,3,Other Principal Arterial,27.873475,-98.66471944,2,Dark - Not Lighted,38,Fence,1,Clear,1
48,Texas,482721,TARRANT (439),FORT WORTH,9,September,5,Thursday,2024,1,1:00am-1:59am,2,Urban,1,Interstate,32.75948611,-97.47574444,3,Dark - Lighted,12,Motor Vehicle In-Transport,1,Clear,1
48,Texas,482722,MONTAGUE (337),NOT APPLICABLE,9,September,7,Saturday,2024,20,8:00pm-8:59pm,1,Rural,2,Other Freeways and Expressways,33.49150833,-97.802225,2,Dark - Not Lighted,21,Bridge Pier or Support,10,Cloudy,1
48,Texas,482723,HARRIS (201),HOUSTON,9,September,7,Saturday,2024,21,9:00pm-9:59pm,2,Urban,3,Other Principal Arterial,29.77263611,-95.31554444,3,Dark - Lighted,12,Motor Vehicle In-Transport,1,Clear,1
48,Texas,482724,BASTROP (21),BASTROP,9,September,7,Saturday,2024,11,11:00am-11:59am,2,Urban,2,Other Freeways and Expressways,30.11100833,-97.35471389,1,Daylight,8,Pedestrian,1,Clear,1
48,Texas,482725,DALLAS (113),DALLAS,9,September,7,Saturday,2024,5,5:00am-5:59am,2,Urban,5,Major Collector,32.80271111,-96.78039167,3,Dark - Lighted,12,Motor Vehicle In-Transport,1,Clear,1
48,Texas,482726,BEXAR (29),SAN ANTONIO,9,September,1,Sunday,2024,21,9:00pm-9:59pm,2,Urban,5,Major Collector,29.50351111,-98.39958611,2,Dark - Not Lighted,8,Pedestrian,1,Clear,1
48,Texas,482727,DALLAS (113),DALLAS,9,September,1,Sunday,2024,5,5:00am-5:59am,2,Urban,1,Interstate,32.79760833,-96.66748056,3,Dark - Lighted,12,Motor Vehicle In-Transport,1,Clear,2
48,Texas,482728,BASTROP (21),BASTROP,9,September,6,Friday,2024,17,5:00pm-5:59pm,2,Urban,2,Other Freeways and Expressways,30.10466667,-97.32473889,1,Daylight,8,Pedestrian,1,Clear,1
48,Texas,482729,DALLAS (113),DALLAS,9,September,6,Friday,2024,18,6:00pm-6:59pm,2,Urban,4,Minor Arterial,32.74888611,-96.67858056,1,Daylight,12,Motor Vehicle In-Transport,1,Clear,1
48,Texas,482730,DALLAS (113),DALLAS,9,September,1,Sunday,2024,8,8:00am-8:59am,2,Urban,1,Interstate,32.77246944,-96.81042222,1,Daylight,25,Concrete Traffic Barrier,1,Clear,1
48,Texas,482731,HARRIS (201),PASADENA,9,September,1,Sunday,2024,14,2:00pm-2:59pm,2,Urban,4,Minor Arterial,29.68048056,-95.22744722,1,Daylight,12,Motor Vehicle In-Transport,1,Clear,2
48,Texas,482732,COLLIN (85),FARMERSVILLE,9,September,1,Sunday,2024,20,8:00pm-8:59pm,1,Rural,4,Minor Arterial,33.19722778,-96.37406944,2,Dark - Not Lighted,12,Motor Vehicle In-Transport,1,Clear,1
48,Texas,482733,TARRANT (439),FORT WORTH,10,October,3,Tuesday,2024,21,9:00pm-9:59pm,2,Urban,5,Major Collector,32.66938333,-97.32163611,3,Dark - Lighted,12,Motor Vehicle In-Transport,1,Clear,1
48,Texas,482734,NAVARRO (349),CORSICANA,6,June,2,Monday,2024,15,3:00pm-3:59pm,2,Urban,4,Minor Arterial,32.07894167,-96.507275,1,Daylight,19,Building,1,Clear,1
48,Texas,482735,GRAYSON (181),POTTSBORO,7,July,4,Wednesday,2024,11,11:00am-11:59am,1,Rural,4,Minor Arterial,33.794775,-96.678175,1,Daylight,12,Motor Vehicle In-Transport,1,Clear,1
48,Texas,482736,UPSHUR (459),NOT APPLICABLE,9,September,6,Friday,2024,16,4:00pm-4:59pm,1,Rural,4,Minor Arterial,32.81218056,-94.86916389,1,Daylight,1,Rollover/Overturn,1,Clear,1
48,Texas,482737,NUECES (355),CORPUS CHRISTI,9,September,7,Saturday,2024,5,5:00am-5:59am,2,Urban,5,Major Collector,27.72904444,-97.405,2,Dark - Not Lighted,9,Pedalcyclist,1,Clear,1
48,Texas,482738,NUECES (355),CORPUS CHRISTI,9,September,1,Sunday,2024,22,10:00pm-10:59pm,2,Urban,3,Other Principal Arterial,27.69499167,-97.33278889,3,Dark - Lighted,1,Rollover/Overturn,1,Clear,1
48,Texas,482739,TRAVIS (453),NOT APPLICABLE,9,September,3,Tuesday,2024,22,10:00pm-10:59pm,1,Rural,7,Local,30.09996944,-97.61480278,2,Dark - Not Lighted,8,Pedestrian,1,Clear,1
48,Texas,482740,HARRIS (201),HOUSTON,9,September,4,Wednesday,2024,8,8:00am-8:59am,2,Urban,3,Other Principal Arterial,29.67559444,-95.54519444,1,Daylight,8,Pedestrian,10,Cloudy,1
48,Texas,482741,TARRANT (439),ARLINGTON,9,September,5,Thursday,2024,20,8:00pm-8:59pm,2,Urban,4,Minor Arterial,32.656875,-97.07714722,3,Dark - Lighted,8,Pedestrian,1,Clear,1
48,Texas,482742,KAUFMAN (257),TERRELL,9,September,3,Tuesday,2024,4,4:00am-4:59am,2,Urban,3,Other Principal Arterial,32.737025,-96.28261944,3,Dark - Lighted,8,Pedestrian,1,Clear,1
48,Texas,482743,KAUFMAN (257),TERRELL,9,September,3,Tuesday,2024,18,6:00pm-6:59pm,1,Rural,5,Major Collector,32.70200278,-96.29458056,1,Daylight,24,Guardrail Face,1,Clear,1
48,Texas,482744,DALLAS (113),ROWLETT,9,September,4,Wednesday,2024,21,9:00pm-9:59pm,2,Urban,3,Other Principal Arterial,32.90756667,-96.56373611,3,Dark - Lighted,8,Pedestrian,1,Clear,1
48,Texas,482746,DALLAS (113),DALLAS,9,September,5,Thursday,2024,8,8:00am-8:59am,2,Urban,3,Other Principal Arterial,32.70705556,-96.96509722,1,Daylight,12,Motor Vehicle In-Transport,1,Clear,3
48,Texas,482747,DIMMIT (127),NOT APPLICABLE,9,September,6,Friday,2024,7,7:00am-7:59am,1,Rural,3,Other Principal Arterial,28.62476667,-99.95109167,1,Daylight,34,Ditch,1,Clear,1
48,Texas,482748,HARRISON (203),NOT APPLICABLE,9,September,6,Friday,2024,4,4:00am-4:59am,1,Rural,5,Major Collector,32.62345556,-94.18671667,2,Dark - Not Lighted,42,Tree (Standing Only),1,Clear,1
48,Texas,482749,HARRIS (201),HOUSTON,9,September,7,Saturday,2024,2,2:00am-2:59am,2,Urban,4,Minor Arterial,29.73399444,-95.3481,3,Dark - Lighted,12,Motor Vehicle In-Transport,1,Clear,1
48,Texas,482750,WOOD (499),MINEOLA,9,September,7,Saturday,2024,13,1:00pm-1:59pm,1,Rural,3,Other Principal Arterial,32.66766111,-95.50746111,1,Daylight,1,Rollover/Overturn,1,Clear,1
48,Texas,482751,LUBBOCK (303),LUBBOCK,9,September,7,Saturday,2024,23,11:00pm-11:59pm,2,Urban,4,Minor Arterial,33.58079444,-101.8479,3,Dark - Lighted,12,Motor Vehicle In-Transport,1,Clear,1
48,Texas,482752,NUECES (355),CORPUS CHRISTI,9,September,1,Sunday,2024,2,2:00am-2:59am,2,Urban,5,Major Collector,27.67841667,-97.353025,3,Dark - Lighted,30,Utility Pole/Light Support,1,Clear,1
48,Texas,482753,BEXAR (29),SAN ANTONIO,9,September,2,Monday,2024,21,9:00pm-9:59pm,2,Urban,3,Other Principal Arterial,29.30449167,-98.47290556,3,Dark - Lighted,8,Pedestrian,1,Clear,1
48,Texas,482754,CAMERON (61),HARLINGEN,9,September,2,Monday,2024,19,7:00pm-7:59pm,2,Urban,4,Minor Arterial,26.17901111,-97.72100556,5,Dusk,8,Pedestrian,1,Clear,1
48,Texas,482755,HARRIS (201),HOUSTON,4,April,1,Sunday,2024,1,1:00am-1:59am,2,Urban,1,Interstate,29.85945,-95.33333611,3,Dark - Lighted,12,Motor Vehicle In-Transport,2,Rain,1
48,Texas,482756,PALO PINTO (363),NOT APPLICABLE,9,September,1,Sunday,2024,18,6:00pm-6:59pm,2,Urban,5,Major Collector,32.83045,-98.08279722,1,Daylight,12,Motor Vehicle In-Transport,10,Cloudy,1
48,Texas,482757,HARRIS (201),HOUSTON,9,September,3,Tuesday,2024,18,6:00pm-6:59pm,2,Urban,4,Minor Arterial,29.84803889,-95.302075,5,Dusk,8,Pedestrian,1,Clear,1
48,Texas,482758,BURNET (53),BURNET,9,September,5,Thursday,2024,16,4:00pm-4:59pm,1,Rural,3,Other Principal Arterial,30.75101944,-98.18265,1,Daylight,12,Motor Vehicle In-Transport,1,Clear,1
48,Texas,482759,CHAMBERS (71),NOT APPLICABLE,9,September,2,Monday,2024,5,5:00am-5:59am,1,Rural,7,Local,29.82069444,-94.36141667,2,Dark - Not Lighted,8,Pedestrian,1,Clear,1
48,Texas,482760,BELL (27),TEMPLE,9,September,2,Monday,2024,16,4:00pm-4:59pm,2,Urban,3,Other Principal Arterial,31.06212778,-97.32373889,1,Daylight,12,Motor Vehicle In-Transport,1,Clear,2
48,Texas,482761,WICHITA (485),NOT APPLICABLE,9,September,2,Monday,2024,22,10:00pm-10:59pm,1,Rural,7,Local,34.05337222,-98.51532778,2,Dark - Not Lighted,30,Utility Pole/Light Support,1,Clear,1
48,Texas,482762,CONCHO (95),EDEN,10,October,3,Tuesday,2024,19,7:00pm-7:59pm,1,Rural,3,Other Principal Arterial,31.21634167,-99.86035833,5,Dusk,33,Curb,1,Clear,1
48,Texas,482763,FANNIN (147),NOT APPLICABLE,10,October,4,Wednesday,2024,11,11:00am-11:59am,1,Rural,4,Minor Arterial,33.57297222,-96.03566944,1,Daylight,12,Motor Vehicle In-Transport,1,Clear,5
48,Texas,482764,ANDERSON (1),PALESTINE,10,October,5,Thursday,2024,17,5:00pm-5:59pm,1,Rural,3,Other Principal Arterial,31.70123611,-95.72056944,1,Daylight,42,Tree (Standing Only),1,Clear,1
48,Texas,482765,TRAVIS (453),PFLUGERVILLE,10,October,6,Friday,2024,0,0:00am-0:59am,2,Urban,7,Local,30.474675,-97.60746944,3,Dark - Lighted,42,Tree (Standing Only),1,Clear,1
48,Texas,482766,DALLAS (113),DALLAS,9,September,7,Saturday,2024,12,12:00pm-12:59pm,2,Urban,1,Interstate,32.67654167,-96.73942222,1,Daylight,12,Motor Vehicle In-Transport,1,Clear,4
48,Texas,482767,COLLIN (85),PROSPER,9,September,4,Wednesday,2024,11,11:00am-11:59am,2,Urban,5,Major Collector,33.22039722,-96.81998056,1,Daylight,12,Motor Vehicle In-Transport,1,Clear,1
48,Texas,482768,HARRIS (201),HOUSTON,9,September,5,Thursday,2024,21,9:00pm-9:59pm,2,Urban,5,Major Collector,29.96615278,-95.28471667,2,Dark - Not Lighted,8,Pedestrian,10,Cloudy,1
48,Texas,482769,MONTGOMERY (339),HOUSTON,9,September,4,Wednesday,2024,13,1:00pm-1:59pm,2,Urban,5,Major Collector,30.05520833,-95.25173889,1,Daylight,9,Pedalcyclist,1,Clear,1
48,Texas,482770,FANNIN (147),TRENTON,9,September,3,Tuesday,2024,17,5:00pm-5:59pm,1,Rural,3,Other Principal Arterial,33.436675,-96.34142778,1,Daylight,12,Motor Vehicle In-Transport,10,Cloudy,1
48,Texas,482771,HARRIS (201),NOT APPLICABLE,9,September,7,Saturday,2024,21,9:00pm-9:59pm,2,Urban,4,Minor Arterial,29.95308889,-95.63093333,3,Dark - Lighted,59,Traffic Sign Support,1,Clear,1
48,Texas,482773,BEXAR (29),SAN ANTONIO,9,September,4,Wednesday,2024,21,9:00pm-9:59pm,2,Urban,1,Interstate,29.55195833,-98.35591111,3,Dark - Lighted,12,Motor Vehicle In-Transport,10,Cloudy,1
48,Texas,482774,HARRIS (201),NOT APPLICABLE,9,September,6,Friday,2024,20,8:00pm-8:59pm,2,Urban,3,Other Principal Arterial,30.07058889,-95.47653333,3,Dark - Lighted,12,Motor Vehicle In-Transport,1,Clear,1
48,Texas,482775,HARRIS (201),HOUSTON,9,September,1,Sunday,2024,16,4:00pm-4:59pm,2,Urban,98,Not Reported,29.68775833,-95.37968333,1,Daylight,30,Utility Pole/Light Support,1,Clear,1
48,Texas,482776,KAUFMAN (257),NOT APPLICABLE,9,September,1,Sunday,2024,20,8:00pm-8:59pm,1,Rural,5,Major Collector,32.82133056,-96.11941944,2,Dark - Not Lighted,1,Rollover/Overturn,1,Clear,1
48,Texas,482777,LIPSCOMB (295),NOT APPLICABLE,9,September,2,Monday,2024,19,7:00pm-7:59pm,1,Rural,5,Major Collector,36.44924167,-100.3710333,5,Dusk,12,Motor Vehicle In-Transport,1,Clear,1
48,Texas,482778,TARRANT (439),FORT WORTH,10,October,5,Thursday,2024,6,6:00am-6:59am,2,Urban,4,Minor Arterial,32.73180833,-97.50389167,2,Dark - Not Lighted,8,Pedestrian,1,Clear,1
48,Texas,482779,ERATH (143),NOT APPLICABLE,10,October,5,Thursday,2024,13,1:00pm-1:59pm,1,Rural,3,Other Principal Arterial,32.31656389,-98.09545,1,Daylight,12,Motor Vehicle In-Transport,1,Clear,1
48,Texas,482780,BEXAR (29),SAN ANTONIO,10,October,6,Friday,2024,21,9:00pm-9:59pm,2,Urban,4,Minor Arterial,29.55229444,-98.61499167,3,Dark - Lighted,12,Motor Vehicle In-Transport,1,Clear,1
48,Texas,482781,GALVESTON (167),TEXAS CITY,10,October,7,Saturday,2024,20,8:00pm-8:59pm,2,Urban,3,Other Principal Arterial,29.38324444,-94.93857778,2,Dark - Not Lighted,9,Pedalcyclist,1,Clear,1
48,Texas,482782,WILLIAMSON (491),LEANDER,9,September,6,Friday,2024,17,5:00pm-5:59pm,2,Urban,3,Other Principal Arterial,30.61925278,-97.86058611,1,Daylight,12,Motor Vehicle In-Transport,1,Clear,1