STATE,STATENAME,ST_CASE,COUNTYNAME,CITYNAME,MONTH,MONTHNAME,DAY_WEEK,DAY_WEEKNAME,YEAR,HOUR,HOURNAME,RUR_URB,RUR_URBNAME,FUNC_SYS,FUNC_SYSNAME,LATITUDE,LONGITUD,LGT_COND,LGT_CONDNAME,HARM_EV,HARM_EVNAME,WEATHER,WEATHERNAME,FATALS
48,Texas,483403,BRAZOS (41),NOT APPLICABLE,11,November,7,Saturday,2024,18,6:00pm-6:59pm,1,Rural,5,Major Collector,30.828975,-96.334675,2,Dark - Not Lighted,59,Traffic Sign Support,1,Clear,1
48,Texas,483404,BRAZOS (41),NOT APPLICABLE,11,November,7,Saturday,2024,21,9:00pm-9:59pm,1,Rural,4,Minor Arterial,30.56950278,-96.40424444,2,Dark - Not Lighted,8,Pedestrian,1,Clear,1
48,Texas,483405,NUECES (355),CORPUS CHRISTI,11,November,1,Sunday,2024,20,8:00pm-8:59pm,2,Urban,7,Local,27.69804722,-97.38611667,3,Dark - Lighted,42,Tree (Standing Only),1,Clear,1
48,Texas,483406,HARRIS (201),BAYTOWN,11,November,1,Sunday,2024,5,5:00am-5:59am,2,Urban,5,Major Collector,29.7323,-94.9526,2,Dark - Not Lighted,34,Ditch,1,Clear,1
48,Texas,483407,COMAL (91),NOT APPLICABLE,11,November,1,Sunday,2024,4,4:00am-4:59am,1,Rural,1,Interstate,29.76293611,-98.046575,2,Dark - Not Lighted,8,Pedestrian,1,Clear,1
48,Texas,483408,FALLS (145),NOT APPLICABLE,11,November,2,Monday,2024,15,3:00pm-3:59pm,1,Rural,4,Minor Arterial,31.28484444,-96.99603611,1,Daylight,12,Motor Vehicle In-Transport,1,Clear,2
48,Texas,483409,EL PASO (141),EL PASO,11,November,7,Saturday,2024,0,0:00am-0:59am,2,Urban,1,Interstate,31.75926111,-106.5000972,2,Dark - Not Lighted,8,Pedestrian,1,Clear,2
48,Texas,483410,REFUGIO (391),NOT APPLICABLE,11,November,3,Tuesday,2024,2,2:00am-2:59am,1,Rural,3,Other Principal Arterial,28.40205278,-97.17460278,2,Dark - Not Lighted,12,Motor Vehicle In-Transport,1,Clear,1
48,Texas,483411,WALKER (471),HUNTSVILLE,11,November,4,Wednesday,2024,19,7:00pm-7:59pm,2,Urban,3,Other Principal Arterial,30.72204167,-95.535575,2,Dark - Not Lighted,8,Pedestrian,10,Cloudy,1
48,Texas,483412,HARRIS (201),NOT APPLICABLE,11,November,4,Wednesday,2024,18,6:00pm-6:59pm,2,Urban,2,Other Freeways and Expressways,29.76629167,-95.77645278,2,Dark - Not Lighted,1,Rollover/Overturn,1,Clear,1
48,Texas,483413,FORT BEND (157),ROSENBERG,10,October,5,Thursday,2024,10,10:00am-10:59am,2,Urban,4,Minor Arterial,29.57618611,-95.81100556,1,Daylight,12,Motor Vehicle In-Transport,2,Rain,1
48,Texas,483414,TOM GREEN (451),SAN ANGELO,11,November,5,Thursday,2024,4,4:00am-4:59am,2,Urban,3,Other Principal Arterial,31.44038889,-100.4418222,2,Dark - Not Lighted,8,Pedestrian,1,Clear,1
48,Texas,483415,HARRIS (201),WEBSTER,11,November,3,Tuesday,2024,12,12:00pm-12:59pm,2,Urban,5,Major Collector,29.528925,-95.130425,1,Daylight,12,Motor Vehicle In-Transport,10,Cloudy,1
48,Texas,483416,TRAVIS (453),AUSTIN,11,November,5,Thursday,2024,21,9:00pm-9:59pm,2,Urban,3,Other Principal Arterial,30.27793333,-97.63937778,2,Dark - Not Lighted,12,Motor Vehicle In-Transport,1,Clear,1
48,Texas,483417,CAMERON (61),HARLINGEN,11,November,6,Friday,2024,2,2:00am-2:59am,2,Urban,5,Major Collector,26.21711944,-97.72148611,2,Dark - Not Lighted,8,Pedestrian,1,Clear,1
48,Texas,483418,DALLAS (113),SUNNYVALE,12,December,1,Sunday,2024,2,2:00am-2:59am,2,Urban,2,Other Freeways and Expressways,32.778425,-96.52371944,2,Dark - Not Lighted,12,Motor Vehicle In-Transport,1,Clear,1
48,Texas,483419,HARRIS (201),NOT APPLICABLE,11,November,3,Tuesday,2024,18,6:00pm-6:59pm,2,Urban,3,Other Principal Arterial,29.92871111,-95.03789722,2,Dark - Not Lighted,8,Pedestrian,1,Clear,1
48,Texas,483420,WILLIAMSON (491),CEDAR PARK,11,November,3,Tuesday,2024,1,1:00am-1:59am,2,Urban,2,Other Freeways and Expressways,30.51049444,-97.81158056,2,Dark - Not Lighted,12,Motor Vehicle In-Transport,1,Clear,1
48,Texas,483421,HARRIS (201),HOUSTON,11,November,1,Sunday,2024,14,2:00pm-2:59pm,2,Urban,4,Minor Arterial,29.79926111,-95.47593889,1,Daylight,42,Tree (Standing Only),10,Cloudy,1
48,Texas,483422,TARRANT (439),FORT WORTH,11,November,5,Thursday,2024,19,7:00pm-7:59pm,2,Urban,4,Minor Arterial,32.70855,-97.23785278,5,Dusk,8,Pedestrian,1,Clear,1
48,Texas,483423,PARKER (367),NOT APPLICABLE,11,November,1,Sunday,2024,18,6:00pm-6:59pm,1,Rural,4,Minor Arterial,32.77288611,-97.87585833,2,Dark - Not Lighted,12,Motor Vehicle In-Transport,1,Clear,1
48,Texas,483424,BELL (27),KILLEEN,11,November,1,Sunday,2024,5,5:00am-5:59am,2,Urban,4,Minor Arterial,31.10500833,-97.68471667,2,Dark - Not Lighted,30,Utility Pole/Light Support,1,Clear,1
48,Texas,483425,PARKER (367),NOT APPLICABLE,11,November,4,Wednesday,2024,7,7:00am-7:59am,2,Urban,4,Minor Arterial,32.76873611,-97.86631111,4,Dawn,12,Motor Vehicle In-Transport,1,Clear,1
48,Texas,483426,KERR (265),NOT APPLICABLE,11,November,4,Wednesday,2024,19,7:00pm-7:59pm,1,Rural,1,Interstate,30.13209722,-99.22740278,2,Dark - Not Lighted,14,Parked Motor Vehicle,1,Clear,2
48,Texas,483427,UPTON (461),NOT APPLICABLE,11,November,5,Thursday,2024,8,8:00am-8:59am,1,Rural,3,Other Principal Arterial,31.18336944,-102.2896444,1,Daylight,12,Motor Vehicle In-Transport,1,Clear,1
48,Texas,483428,STARR (427),RIO GRANDE CITY,11,November,6,Friday,2024,15,3:00pm-3:59pm,2,Urban,3,Other Principal Arterial,26.35931389,-98.78247222,1,Daylight,12,Motor Vehicle In-Transport,1,Clear,1
48,Texas,483429,MONTGOMERY (339),CONROE,11,November,7,Saturday,2024,20,8:00pm-8:59pm,2,Urban,5,Major Collector,30.29823889,-95.46638056,3,Dark - Lighted,33,Curb,1,Clear,1
48,Texas,483430,PECOS (371),NOT APPLICABLE,11,November,2,Monday,2024,6,6:00am-6:59am,1,Rural,5,Major Collector,30.90245833,-103.0552139,2,Dark - Not Lighted,12,Motor Vehicle In-Transport,1,Clear,1
48,Texas,483431,BEXAR (29),SAN ANTONIO,9,September,3,Tuesday,2024,1,1:00am-1:59am,2,Urban,1,Interstate,29.51205,-98.53397778,3,Dark - Lighted,12,Motor Vehicle In-Transport,1,Clear,1
48,Texas,483432,CLAY (77),NOT APPLICABLE,11,November,2,Monday,2024,16,4:00pm-4:59pm,1,Rural,4,Minor Arterial,33.96274444,-98.32096389,1,Daylight,12,Motor Vehicle In-Transport,1,Clear,1
48,Texas,483433,BEXAR (29),SAN ANTONIO,11,November,4,Wednesday,2024,8,8:00am-8:59am,2,Urban,4,Minor Arterial,29.49100833,-98.4393,1,Daylight,12,Motor Vehicle In-Transport,1,Clear,1
48,Texas,483434,TRAVIS (453),AUSTIN,11,November,2,Monday,2024,18,6:00pm-6:59pm,2,Urban,4,Minor Arterial,30.24120833,-97.69311667,3,Dark - Lighted,9,Pedalcyclist,1,Clear,1
48,Texas,483435,CALHOUN (57),PORT LAVACA,11,November,4,Wednesday,2024,23,11:00pm-11:59pm,2,Urban,3,Other Principal Arterial,28.61052222,-96.64739722,3,Dark - Lighted,12,Motor Vehicle In-Transport,1,Clear,1
48,Texas,483436,COMAL (91),NEW BRAUNFELS,11,November,5,Thursday,2024,1,1:00am-1:59am,2,Urban,1,Interstate,29.69608056,-98.10020278,3,Dark - Lighted,33,Curb,1,Clear,1
48,Texas,483437,DALLAS (113),GARLAND,11,November,6,Friday,2024,22,10:00pm-10:59pm,2,Urban,4,Minor Arterial,32.93079167,-96.61582778,3,Dark - Lighted,42,Tree (Standing Only),10,Cloudy,1
48,Texas,483438,BRAZORIA (39),NOT APPLICABLE,11,November,7,Saturday,2024,18,6:00pm-6:59pm,1,Rural,5,Major Collector,29.37129167,-95.32299722,2,Dark - Not Lighted,52,Guardrail End,1,Clear,1
48,Texas,483439,ECTOR (135),NOT APPLICABLE,11,November,3,Tuesday,2024,16,4:00pm-4:59pm,2,Urban,3,Other Principal Arterial,31.79580278,-102.3029722,1,Daylight,12,Motor Vehicle In-Transport,1,Clear,2
48,Texas,483440,HUNT (231),NOT APPLICABLE,11,November,5,Thursday,2024,6,6:00am-6:59am,1,Rural,3,Other Principal Arterial,33.15288056,-96.28746389,2,Dark - Not Lighted,12,Motor Vehicle In-Transport,1,Clear,1
48,Texas,483441,DALLAS (113),DALLAS,11,November,7,Saturday,2024,18,6:00pm-6:59pm,2,Urban,2,Other Freeways and Expressways,32.69795278,-96.64450556,3,Dark - Lighted,8,Pedestrian,1,Clear,1
48,Texas,483442,TITUS (449),NOT APPLICABLE,11,November,4,Wednesday,2024,2,2:00am-2:59am,1,Rural,5,Major Collector,33.25924444,-94.94597778,2,Dark - Not Lighted,8,Pedestrian,1,Clear,1
48,Texas,483443,DALLAS (113),DALLAS,11,November,6,Friday,2024,19,7:00pm-7:59pm,2,Urban,5,Major Collector,32.86648611,-96.869625,3,Dark - Lighted,8,Pedestrian,1,Clear,1
48,Texas,483444,UPSHUR (459),NOT APPLICABLE,11,November,6,Friday,2024,17,5:00pm-5:59pm,1,Rural,3,Other Principal Arterial,32.66466389,-94.87984722,2,Dark - Not Lighted,12,Motor Vehicle In-Transport,1,Clear,1
48,Texas,483445,DALLAS (113),DALLAS,11,November,7,Saturday,2024,20,8:00pm-8:59pm,2,Urban,7,Local,32.86368333,-96.85971944,2,Dark - Not Lighted,8,Pedestrian,10,Cloudy,1
48,Texas,483446,DALLAS (113),DALLAS,11,November,1,Sunday,2024,17,5:00pm-5:59pm,2,Urban,7,Local,32.76261111,-96.76574722,5,Dusk,30,Utility Pole/Light Support,1,Clear,1
48,Texas,483447,DALLAS (113),DUNCANVILLE,11,November,1,Sunday,2024,4,4:00am-4:59am,2,Urban,4,Minor Arterial,32.67651389,-96.89605278,2,Dark - Not Lighted,1,Rollover/Overturn,10,Cloudy,1
48,Texas,483448,WILLIAMSON (491),GEORGETOWN,11,November,3,Tuesday,2024,2,2:00am-2:59am,2,Urban,4,Minor Arterial,30.69694167,-97.73681111,2,Dark - Not Lighted,30,Utility Pole/Light Support,1,Clear,1
48,Texas,483449,JASPER (241),NOT APPLICABLE,11,November,3,Tuesday,2024,11,11:00am-11:59am,1,Rural,3,Other Principal Arterial,30.72000556,-93.91990833,1,Daylight,42,Tree (Standing Only),1,Clear,1
48,Texas,483450,SAN PATRICIO (409),NOT APPLICABLE,11,November,4,Wednesday,2024,14,2:00pm-2:59pm,1,Rural,3,Other Principal Arterial,27.97164722,-97.56356111,1,Daylight,12,Motor Vehicle In-Transport,1,Clear,1
48,Texas,483451,TARRANT (439),SOUTH LAKE,11,November,7,Saturday,2024,18,6:00pm-6:59pm,2,Urban,2,Other Freeways and Expressways,32.96168056,-97.15248056,2,Dark - Not Lighted,24,Guardrail Face,1,Clear,1
48,Texas,483452,HARRIS (201),HOUSTON,8,August,3,Tuesday,2024,2,2:00am-2:59am,2,Urban,4,Minor Arterial,29.77043611,-95.41057222,3,Dark - Lighted,12,Motor Vehicle In-Transport,1,Clear,1
48,Texas,483453,HARRIS (201),HOUSTON,9,September,6,Friday,2024,0,0:00am-0:59am,2,Urban,1,Interstate,29.61707778,-95.21737778,3,Dark - Lighted,8,Pedestrian,1,Clear,1
48,Texas,483454,HARRIS (201),HOUSTON,11,November,7,Saturday,2024,10,10:00am-10:59am,2,Urban,7,Local,29.66444167,-95.365975,1,Daylight,9,Pedalcyclist,1,Clear,1
48,Texas,483455,HOUSTON (225),NOT APPLICABLE,11,November,5,Thursday,2024,22,10:00pm-10:59pm,1,Rural,3,Other Principal Arterial,31.313925,-95.40159444,2,Dark - Not Lighted,38,Fence,1,Clear,1
48,Texas,483456,HARRIS (201),HOUSTON,11,November,6,Friday,2024,18,6:00pm-6:59pm,2,Urban,2,Other Freeways and Expressways,29.67866667,-95.55964444,3,Dark - Lighted,25,Concrete Traffic Barrier,1,Clear,1
48,Texas,483457,KAUFMAN (257),NOT APPLICABLE,11,November,6,Friday,2024,6,6:00am-6:59am,2,Urban,4,Minor Arterial,32.67874722,-96.44338889,4,Dawn,12,Motor Vehicle In-Transport,1,Clear,1
48,Texas,483458,CRANE (103),NOT APPLICABLE,11,November,4,Wednesday,2024,18,6:00pm-6:59pm,1,Rural,5,Major Collector,31.3445,-102.6416222,2,Dark - Not Lighted,12,Motor Vehicle In-Transport,1,Clear,4
48,Texas,483459,BEE (25),NOT APPLICABLE,11,November,6,Friday,2024,5,5:00am-5:59am,1,Rural,4,Minor Arterial,28.19093611,-97.73668056,2,Dark - Not Lighted,8,Pedestrian,1,Clear,2
48,Texas,483460,HARRIS (201),HOUSTON,11,November,7,Saturday,2024,1,1:00am-1:59am,2,Urban,4,Minor Arterial,29.77905278,-95.61809444,6,Dark - Unknown Lighting,42,Tree (Standing Only),1,Clear,1
48,Texas,483461,HIDALGO (215),NOT APPLICABLE,11,November,1,Sunday,2024,3,3:00am-3:59am,2,Urban,5,Major Collector,26.37616111,-98.07935,2,Dark - Not Lighted,12,Motor Vehicle In-Transport,1,Clear,1
48,Texas,483462,MEDINA (325),NOT APPLICABLE,11,November,3,Tuesday,2024,10,10:00am-10:59am,1,Rural,7,Local,29.43820556,-98.83742222,1,Daylight,8,Pedestrian,10,Cloudy,1
48,Texas,483463,NACOGDOCHES (347),NOT APPLICABLE,11,November,3,Tuesday,2024,17,5:00pm-5:59pm,1,Rural,4,Minor Arterial,31.54794722,-94.454825,2,Dark - Not Lighted,12,Motor Vehicle In-Transport,1,Clear,2
48,Texas,483464,UPTON (461),NOT APPLICABLE,11,November,3,Tuesday,2024,13,1:00pm-1:59pm,1,Rural,4,Minor Arterial,31.45061111,-101.9374139,1,Daylight,12,Motor Vehicle In-Transport,1,Clear,1
48,Texas,483465,TARRANT (439),NORTH RICHLAND HILLS,11,November,5,Thursday,2024,2,2:00am-2:59am,2,Urban,1,Interstate,32.83826389,-97.22703611,3,Dark - Lighted,12,Motor Vehicle In-Transport,1,Clear,1
48,Texas,483466,CHAMBERS (71),NOT APPLICABLE,11,November,5,Thursday,2024,7,7:00am-7:59am,1,Rural,1,Interstate,29.83965556,-94.71515,1,Daylight,12,Motor Vehicle In-Transport,1,Clear,1
48,Texas,483467,BELL (27),TEMPLE,11,November,7,Saturday,2024,1,1:00am-1:59am,2,Urban,2,Other Freeways and Expressways,31.08009444,-97.38212778,2,Dark - Not Lighted,20,Impact Attenuator/Crash Cushion,1,Clear,2
48,Texas,483468,EL PASO (141),EL PASO,8,August,5,Thursday,2024,19,7:00pm-7:59pm,2,Urban,4,Minor Arterial,31.72669167,-106.2733639,5,Dusk,8,Pedestrian,1,Clear,1
48,Texas,483469,ANDERSON (1),NOT APPLICABLE,11,November,5,Thursday,2024,21,9:00pm-9:59pm,1,Rural,4,Minor Arterial,31.98886944,-95.76765556,2,Dark - Not Lighted,12,Motor Vehicle In-Transport,1,Clear,1
48,Texas,483470,BEXAR (29),SAN ANTONIO,11,November,7,Saturday,2024,2,2:00am-2:59am,2,Urban,5,Major Collector,29.6207,-98.47583333,3,Dark - Lighted,33,Curb,10,Cloudy,1
48,Texas,483471,COLLIN (85),RICHARDSON,10,October,5,Thursday,2024,23,11:00pm-11:59pm,2,Urban,2,Other Freeways and Expressways,33.00077778,-96.70869167,6,Dark - Unknown Lighting,12,Motor Vehicle In-Transport,1,Clear,3
48,Texas,483472,CAMERON (61),NOT APPLICABLE,11,November,6,Friday,2024,13,1:00pm-1:59pm,1,Rural,3,Other Principal Arterial,26.09989167,-97.71771111,1,Daylight,12,Motor Vehicle In-Transport,1,Clear,1
48,Texas,483473,HARRIS (201),LA PORTE,11,November,1,Sunday,2024,9,9:00am-9:59am,2,Urban,4,Minor Arterial,29.65109167,-95.09815278,1,Daylight,46,Traffic Signal Support,2,Rain,1
48,Texas,483474,BEXAR (29),ATASCOSA,11,November,2,Monday,2024,20,8:00pm-8:59pm,2,Urban,7,Local,29.31819444,-98.70348056,2,Dark - Not Lighted,42,Tree (Standing Only),1,Clear,1
48,Texas,483475,FORT BEND (157),NOT APPLICABLE,11,November,1,Sunday,2024,9,9:00am-9:59am,1,Rural,5,Major Collector,29.48311667,-95.93858333,1,Daylight,1,Rollover/Overturn,1,Clear,1
48,Texas,483476,MCLENNAN (309),NOT APPLICABLE,11,November,1,Sunday,2024,18,6:00pm-6:59pm,1,Rural,5,Major Collector,31.32411111,-97.40323889,2,Dark - Not Lighted,1,Rollover/Overturn,1,Clear,1
48,Texas,483477,BEXAR (29),SAN ANTONIO,11,November,3,Tuesday,2024,10,10:00am-10:59am,2,Urban,7,Local,29.43198333,-98.50190278,1,Daylight,12,Motor Vehicle In-Transport,1,Clear,1
48,Texas,483478,YOAKUM (501),NOT APPLICABLE,11,November,3,Tuesday,2024,15,3:00pm-3:59pm,1,Rural,5,Major Collector,33.05105833,-102.6120833,1,Daylight,12,Motor Vehicle In-Transport,1,Clear,1
48,Texas,483479,GREGG (183),LONGVIEW,12,December,4,Wednesday,2024,11,11:00am-11:59am,2,Urban,3,Other Principal Arterial,32.4644,-94.75460278,1,Daylight,12,Motor Vehicle In-Transport,2,Rain,1
48,Texas,483480,HOOD (221),NOT APPLICABLE,11,November,4,Wednesday,2024,21,9:00pm-9:59pm,1,Rural,6,Minor Collector,32.531,-98.03436667,2,Dark - Not Lighted,42,Tree (Standing Only),1,Clear,1
48,Texas,483481,HARRIS (201),NOT APPLICABLE,11,November,5,Thursday,2024,0,0:00am-0:59am,2,Urban,3,Other Principal Arterial,29.87966667,-95.61470556,3,Dark - Lighted,30,Utility Pole/Light Support,10,Cloudy,1
48,Texas,483482,MCMULLEN (311),NOT APPLICABLE,11,November,5,Thursday,2024,14,2:00pm-2:59pm,1,Rural,4,Minor Arterial,28.54110278,-98.794625,1,Daylight,1,Rollover/Overturn,1,Clear,1
48,Texas,483483,HARRIS (201),NOT APPLICABLE,12,December,1,Sunday,2024,2,2:00am-2:59am,2,Urban,2,Other Freeways and Expressways,29.93701389,-95.497775,3,Dark - Lighted,12,Motor Vehicle In-Transport,1,Clear,1
48,Texas,483484,HOUSTON (225),NOT APPLICABLE,11,November,7,Saturday,2024,18,6:00pm-6:59pm,1,Rural,6,Minor Collector,31.3989,-95.24822222,2,Dark - Not Lighted,1,Rollover/Overturn,1,Clear,1
48,Texas,483485,HARRIS (201),HOUSTON,11,November,7,Saturday,2024,0,0:00am-0:59am,2,Urban,3,Other Principal Arterial,29.966325,-95.33648333,2,Dark - Not Lighted,8,Pedestrian,1,Clear,1
48,Texas,483486,HARRIS (201),NOT APPLICABLE,11,November,7,Saturday,2024,23,11:00pm-11:59pm,2,Urban,4,Minor Arterial,30.06468611,-95.43901944,3,Dark - Lighted,12,Motor Vehicle In-Transport,1,Clear,1
48,Texas,483487,HARRIS (201),NOT APPLICABLE,11,November,1,Sunday,2024,2,2:00am-2:59am,2,Urban,4,Minor Arterial,29.80217222,-95.14223333,3,Dark - Lighted,33,Curb,1,Clear,1
48,Texas,483488,ATASCOSA (13),NOT APPLICABLE,11,November,4,Wednesday,2024,14,2:00pm-2:59pm,1,Rural,6,Minor Collector,29.055825,-98.40416389,1,Daylight,32,Culvert,1,Clear,1
48,Texas,483489,HARRIS (201),HOUSTON,11,November,6,Friday,2024,19,7:00pm-7:59pm,2,Urban,4,Minor Arterial,29.71054722,-95.34991667,2,Dark - Not Lighted,3,Immersion or Partial Immersion,1,Clear,1
48,Texas,483490,JEFFERSON (245),PORT ARTHUR,11,November,7,Saturday,2024,17,5:00pm-5:59pm,2,Urban,4,Minor Arterial,29.89956111,-94.00795556,5,Dusk,12,Motor Vehicle In-Transport,1,Clear,1
48,Texas,483491,WILLIAMSON (491),NOT APPLICABLE,12,December,2,Monday,2024,8,8:00am-8:59am,1,Rural,3,Other Principal Arterial,30.68021667,-97.95332222,1,Daylight,12,Motor Vehicle In-Transport,1,Clear,1
48,Texas,483493,SMITH (423),NOT APPLICABLE,12,December,3,Tuesday,2024,14,2:00pm-2:59pm,2,Urban,5,Major Collector,32.22181944,-95.255725,1,Daylight,53,Mail Box,1,Clear,1
48,Texas,483494,TARRANT (439),FORT WORTH,12,December,4,Wednesday,2024,22,10:00pm-10:59pm,2,Urban,3,Other Principal Arterial,32.721875,-97.44091389,3,Dark - Lighted,12,Motor Vehicle In-Transport,1,Clear,1
48,Texas,483496,TRAVIS (453),AUSTIN,12,December,6,Friday,2024,3,3:00am-3:59am,2,Urban,5,Major Collector,30.37043611,-97.70796389,2,Dark - Not Lighted,8,Pedestrian,1,Clear,1
48,Texas,483497,EL PASO (141),EL PASO,8,August,1,Sunday,2024,12,12:00pm-12:59pm,2,Urban,7,Local,31.75406111,-106.2681806,1,Daylight,15,Non-Motorist on Personal Conveyance,1,Clear,1
48,Texas,483498,EL PASO (141),EL PASO,11,November,6,Friday,2024,17,5:00pm-5:59pm,2,Urban,3,Other Principal Arterial,31.81912222,-106.5168333,3,Dark - Lighted,8,Pedestrian,1,Clear,1
48,Texas,483500,TOM GREEN (451),SAN ANGELO,12,December,3,Tuesday,2024,14,2:00pm-2:59pm,2,Urban,3,Other Principal Arterial,31.43081111,-100.4560722,1,Daylight,12,Motor Vehicle In-Transport,1,Clear,1
48,Texas,483501,EL PASO (141),EL PASO,12,December,5,Thursday,2024,22,10:00pm-10:59pm,2,Urban,3,Other Principal Arterial,31.75251944,-106.3768472,3,Dark - Lighted,12,Motor Vehicle In-Transport,1,Clear,1
48,Texas,483502,HARRIS (201),HOUSTON,12,December,7,Saturday,2024,18,6:00pm-6:59pm,2,Urban,7,Local,29.70835833,-95.57815833,1,Daylight,38,Fence,1,Clear,1
48,Texas,483503,ECTOR (135),ODESSA,11,November,5,Thursday,2024,2,2:00am-2:59am,2,Urban,3,Other Principal Arterial,31.87867222,-102.4014417,3,Dark - Lighted,12,Motor Vehicle In-Transport,1,Clear,1
48,Texas,483504,HAYS (209),SAN MARCOS,11,November,6,Friday,2024,3,3:00am-3:59am,2,Urban,1,Interstate,29.90023889,-97.90586389,3,Dark - Lighted,14,Parked Motor Vehicle,1,Clear,1
48,Texas,483505,GLASSCOCK (173),NOT APPLICABLE,11,November,1,Sunday,2024,2,2:00am-2:59am,1,Rural,3,Other Principal Arterial,32.00912778,-101.2921028,2,Dark - Not Lighted,12,Motor Vehicle In-Transport,1,Clear,1
48,Texas,483506,CHEROKEE (73),NOT APPLICABLE,11,November,2,Monday,2024,14,2:00pm-2:59pm,1,Rural,5,Major Collector,32.11278333,-95.14963611,1,Daylight,35,Embankment,1,Clear,1
48,Texas,483507,MIDLAND (329),NOT APPLICABLE,12,December,1,Sunday,2024,20,8:00pm-8:59pm,2,Urban,5,Major Collector,31.90090556,-102.0511361,2,Dark - Not Lighted,12,Motor Vehicle In-Transport,1,Clear,1
48,Texas,483508,CARSON (65),NOT APPLICABLE,12,December,2,Monday,2024,23,11:00pm-11:59pm,1,Rural,1,Interstate,35.21036111,-101.1299194,2,Dark - Not Lighted,8,Pedestrian,1,Clear,1
48,Texas,483509,BOWIE (37),TEXARKANA,12,December,4,Wednesday,2024,17,5:00pm-5:59pm,2,Urban,3,Other Principal Arterial,33.45689722,-94.04316389,3,Dark - Lighted,8,Pedestrian,2,Rain,1
48,Texas,483511,KENDALL (259),NOT APPLICABLE,12,December,7,Saturday,2024,15,3:00pm-3:59pm,1,Rural,3,Other Principal Arterial,30.13351667,-98.90731944,1,Daylight,12,Motor Vehicle In-Transport,2,Rain,1
48,Texas,483512,TARRANT (439),FORT WORTH,12,December,1,Sunday,2024,1,1:00am-1:59am,2,Urban,1,Interstate,32.73553056,-97.32041111,3,Dark - Lighted,12,Motor Vehicle In-Transport,10,Cloudy,1
48,Texas,483513,TARRANT (439),HALTOM CITY,11,November,6,Friday,2024,12,12:00pm-12:59pm,2,Urban,3,Other Principal Arterial,32.79510833,-97.28536389,1,Daylight,8,Pedestrian,1,Clear,1
48,Texas,483514,TRAVIS (453),JONESTOWN,11,November,7,Saturday,2024,16,4:00pm-4:59pm,2,Urban,4,Minor Arterial,30.50810833,-97.91234444,1,Daylight,12,Motor Vehicle In-Transport,1,Clear,2
48,Texas,483515,GONZALES (177),NOT APPLICABLE,11,November,7,Saturday,2024,1,1:00am-1:59am,1,Rural,4,Minor Arterial,29.50502222,-97.51285278,2,Dark - Not Lighted,1,Rollover/Overturn,1,Clear,1
48,Texas,483516,HARRIS (201),HOUSTON,11,November,1,Sunday,2024,23,11:00pm-11:59pm,2,Urban,3,Other Principal Arterial,29.75630556,-95.64455278,2,Dark - Not Lighted,33,Curb,1,Clear,2
48,Texas,483517,FREESTONE (161),NOT APPLICABLE,11,November,7,Saturday,2024,3,3:00am-3:59am,1,Rural,1,Interstate,31.68763611,-96.16628889,2,Dark - Not Lighted,8,Pedestrian,1,Clear,1
48,Texas,483518,LOVING (301),NOT APPLICABLE,12,December,2,Monday,2024,15,3:00pm-3:59pm,1,Rural,7,Local,31.71959722,-103.6049444,1,Daylight,12,Motor Vehicle In-Transport,1,Clear,1
48,Texas,483519,HARRIS (201),HOUSTON,12,December,3,Tuesday,2024,22,10:00pm-10:59pm,2,Urban,4,Minor Arterial,29.9506,-95.40442222,3,Dark - Lighted,8,Pedestrian,10,Cloudy,1
48,Texas,483520,JIM WELLS (249),NOT APPLICABLE,12,December,5,Thursday,2024,14,2:00pm-2:59pm,1,Rural,4,Minor Arterial,27.99786111,-97.90639167,1,Daylight,12,Motor Vehicle In-Transport,10,Cloudy,1
48,Texas,483521,BASTROP (21),NOT APPLICABLE,12,December,6,Friday,2024,19,7:00pm-7:59pm,1,Rural,5,Major Collector,30.05651667,-97.55451944,2,Dark - Not Lighted,12,Motor Vehicle In-Transport,1,Clear,1
48,Texas,483522,MIDLAND (329),MIDLAND,12,December,7,Saturday,2024,22,10:00pm-10:59pm,2,Urban,4,Minor Arterial,31.99797778,-102.0643972,3,Dark - Lighted,8,Pedestrian,1,Clear,1
48,Texas,483523,HARRIS (201),PASADENA,12,December,1,Sunday,2024,9,9:00am-9:59am,2,Urban,2,Other Freeways and Expressways,29.71270833,-95.16502222,1,Daylight,33,Curb,2,Rain,1
48,Texas,483524,COOKE (97),NOT APPLICABLE,12,December,2,Monday,2024,19,7:00pm-7:59pm,1,Rural,3,Other Principal Arterial,33.64678889,-97.07286111,2,Dark - Not Lighted,8,Pedestrian,1,Clear,1
48,Texas,483525,DALLAS (113),DALLAS,12,December,1,Sunday,2024,9,9:00am-9:59am,2,Urban,4,Minor Arterial,32.70296667,-96.66594167,1,Daylight,12,Motor Vehicle In-Transport,1,Clear,2
48,Texas,483526,TARRANT (439),FORT WORTH,11,November,3,Tuesday,2024,19,7:00pm-7:59pm,1,Rural,1,Interstate,32.66473889,-97.33099444,3,Dark - Lighted,12,Motor Vehicle In-Transport,1,Clear,1