STATE,STATENAME,ST_CASE,COUNTYNAME,CITYNAME,MONTH,MONTHNAME,DAY_WEEK,DAY_WEEKNAME,YEAR,HOUR,HOURNAME,RUR_URB,RUR_URBNAME,FUNC_SYS,FUNC_SYSNAME,LATITUDE,LONGITUD,LGT_COND,LGT_CONDNAME,HARM_EV,HARM_EVNAME,WEATHER,WEATHERNAME,FATALS
48,Texas,483527,DALLAS (113),MESQUITE,12,December,1,Sunday,2024,3,3:00am-3:59am,2,Urban,5,Major Collector,32.80334722,-96.66854444,2,Dark - Not Lighted,8,Pedestrian,2,Rain,1
48,Texas,483528,ECTOR (135),ODESSA,11,November,4,Wednesday,2024,19,7:00pm-7:59pm,2,Urban,3,Other Principal Arterial,31.87556111,-102.3472528,3,Dark - Lighted,12,Motor Vehicle In-Transport,1,Clear,1
48,Texas,483529,NAVARRO (349),CORSICANA,11,November,7,Saturday,2024,23,11:00pm-11:59pm,2,Urban,4,Minor Arterial,32.10064167,-96.41636389,2,Dark - Not Lighted,12,Motor Vehicle In-Transport,1,Clear,1
48,Texas,483530,TRAVIS (453),AUSTIN,11,November,7,Saturday,2024,17,5:00pm-5:59pm,2,Urban,4,Minor Arterial,30.33381667,-97.740025,1,Daylight,8,Pedestrian,1,Clear,1
48,Texas,483531,LAMAR (277),PARIS,12,December,5,Thursday,2024,17,5:00pm-5:59pm,2,Urban,4,Minor Arterial,33.66130556,-95.53778889,5,Dusk,1,Rollover/Overturn,1,Clear,1
48,Texas,483532,DALLAS (113),DALLAS,11,November,3,Tuesday,2024,22,10:00pm-10:59pm,2,Urban,3,Other Principal Arterial,32.70998333,-96.72919722,2,Dark - Not Lighted,12,Motor Vehicle In-Transport,1,Clear,1
48,Texas,483533,MONTGOMERY (339),NOT APPLICABLE,11,November,4,Wednesday,2024,9,9:00am-9:59am,1,Rural,3,Other Principal Arterial,30.3235,-95.19638056,1,Daylight,12,Motor Vehicle In-Transport,1,Clear,1
48,Texas,483534,BEXAR (29),NOT APPLICABLE,11,November,6,Friday,2024,8,8:00am-8:59am,2,Urban,4,Minor Arterial,29.219475,-98.4775,1,Daylight,12,Motor Vehicle In-Transport,1,Clear,1
48,Texas,483535,BOWIE (37),NOT APPLICABLE,11,November,2,Monday,2024,5,5:00am-5:59am,1,Rural,3,Other Principal Arterial,33.49372778,-94.54101111,2,Dark - Not Lighted,8,Pedestrian,1,Clear,1
48,Texas,483536,HARRIS (201),HOUSTON,12,December,1,Sunday,2024,5,5:00am-5:59am,2,Urban,5,Major Collector,29.7603,-95.27268056,1,Daylight,33,Curb,1,Clear,1
48,Texas,483537,TRAVIS (453),AUSTIN,12,December,5,Thursday,2024,23,11:00pm-11:59pm,2,Urban,3,Other Principal Arterial,30.32054167,-97.71563333,3,Dark - Lighted,25,Concrete Traffic Barrier,1,Clear,1
48,Texas,483538,PARMER (369),NOT APPLICABLE,12,December,6,Friday,2024,11,11:00am-11:59am,1,Rural,3,Other Principal Arterial,34.62383333,-102.74515,1,Daylight,12,Motor Vehicle In-Transport,10,Cloudy,1
48,Texas,483539,TARRANT (439),FORT WORTH,12,December,6,Friday,2024,23,11:00pm-11:59pm,2,Urban,4,Minor Arterial,32.79378889,-97.37306944,3,Dark - Lighted,8,Pedestrian,1,Clear,1
48,Texas,483540,WISE (497),NEWARK,12,December,7,Saturday,2024,19,7:00pm-7:59pm,2,Urban,5,Major Collector,33.00687222,-97.49112222,2,Dark - Not Lighted,8,Pedestrian,2,Rain,1
48,Texas,483541,HARRIS (201),NOT APPLICABLE,12,December,1,Sunday,2024,0,0:00am-0:59am,2,Urban,1,Interstate,29.88188333,-95.32343889,3,Dark - Lighted,8,Pedestrian,2,Rain,1
48,Texas,483542,FORT BEND (157),NOT APPLICABLE,12,December,1,Sunday,2024,15,3:00pm-3:59pm,2,Urban,4,Minor Arterial,29.70938056,-95.68811111,1,Daylight,12,Motor Vehicle In-Transport,2,Rain,1
48,Texas,483543,TRAVIS (453),NOT APPLICABLE,12,December,2,Monday,2024,22,10:00pm-10:59pm,1,Rural,6,Minor Collector,30.32299722,-97.46097222,2,Dark - Not Lighted,24,Guardrail Face,1,Clear,1
48,Texas,483544,TRAVIS (453),AUSTIN,12,December,2,Monday,2024,18,6:00pm-6:59pm,2,Urban,3,Other Principal Arterial,30.22631944,-97.70619167,3,Dark - Lighted,12,Motor Vehicle In-Transport,1,Clear,1
48,Texas,483545,HARRIS (201),NOT APPLICABLE,12,December,3,Tuesday,2024,8,8:00am-8:59am,2,Urban,2,Other Freeways and Expressways,29.93720833,-95.49776111,1,Daylight,14,Parked Motor Vehicle,1,Clear,1
48,Texas,483546,TARRANT (439),FORT WORTH,12,December,3,Tuesday,2024,23,11:00pm-11:59pm,2,Urban,2,Other Freeways and Expressways,32.82231944,-97.44869444,2,Dark - Not Lighted,25,Concrete Traffic Barrier,1,Clear,1
48,Texas,483547,DALLAS (113),DALLAS,11,November,7,Saturday,2024,16,4:00pm-4:59pm,2,Urban,7,Local,32.76215556,-96.763825,1,Daylight,8,Pedestrian,1,Clear,1
48,Texas,483548,BURNET (53),BERTRAM,12,December,3,Tuesday,2024,20,8:00pm-8:59pm,1,Rural,3,Other Principal Arterial,30.74767222,-98.07323333,2,Dark - Not Lighted,12,Motor Vehicle In-Transport,10,Cloudy,2
48,Texas,483549,HARRIS (201),HOUSTON,12,December,3,Tuesday,2024,6,6:00am-6:59am,2,Urban,3,Other Principal Arterial,29.732675,-95.21589722,1,Daylight,12,Motor Vehicle In-Transport,10,Cloudy,1
48,Texas,483550,BRAZOS (41),NOT APPLICABLE,12,December,4,Wednesday,2024,8,8:00am-8:59am,1,Rural,5,Major Collector,30.76386389,-96.39560833,1,Daylight,12,Motor Vehicle In-Transport,1,Clear,1
48,Texas,483551,WALKER (471),HUNTSVILLE,11,November,6,Friday,2024,13,1:00pm-1:59pm,1,Rural,4,Minor Arterial,30.63387778,-95.49261111,1,Daylight,1,Rollover/Overturn,1,Clear,1
48,Texas,483552,DALLAS (113),IRVING,12,December,2,Monday,2024,19,7:00pm-7:59pm,2,Urban,5,Major Collector,32.83784444,-96.91562778,3,Dark - Lighted,12,Motor Vehicle In-Transport,1,Clear,1
48,Texas,483553,HARRIS (201),HOUSTON,12,December,3,Tuesday,2024,21,9:00pm-9:59pm,2,Urban,4,Minor Arterial,29.65980278,-95.36793056,3,Dark - Lighted,8,Pedestrian,1,Clear,1
48,Texas,483554,SHELBY (419),NOT APPLICABLE,12,December,4,Wednesday,2024,14,2:00pm-2:59pm,1,Rural,3,Other Principal Arterial,31.89211667,-94.41983611,1,Daylight,12,Motor Vehicle In-Transport,2,Rain,1
48,Texas,483555,TARRANT (439),GRAND PRAIRIE,12,December,4,Wednesday,2024,16,4:00pm-4:59pm,2,Urban,3,Other Principal Arterial,32.63986389,-97.04804722,1,Daylight,12,Motor Vehicle In-Transport,1,Clear,1
48,Texas,483556,LLANO (299),NOT APPLICABLE,12,December,7,Saturday,2024,21,9:00pm-9:59pm,1,Rural,4,Minor Arterial,30.704775,-98.57231111,2,Dark - Not Lighted,12,Motor Vehicle In-Transport,10,Cloudy,1
48,Texas,483557,POTTER (375),NOT APPLICABLE,12,December,2,Monday,2024,9,9:00am-9:59am,1,Rural,4,Minor Arterial,35.35058889,-101.6433889,1,Daylight,12,Motor Vehicle In-Transport,1,Clear,1
48,Texas,483558,GREGG (183),NOT APPLICABLE,12,December,2,Monday,2024,7,7:00am-7:59am,2,Urban,5,Major Collector,32.42981944,-94.92371667,4,Dawn,12,Motor Vehicle In-Transport,1,Clear,1
48,Texas,483559,HARRIS (201),HOUSTON,12,December,3,Tuesday,2024,5,5:00am-5:59am,2,Urban,2,Other Freeways and Expressways,29.60074444,-95.23771389,3,Dark - Lighted,12,Motor Vehicle In-Transport,1,Clear,1
48,Texas,483560,DALLAS (113),DALLAS,12,December,4,Wednesday,2024,19,7:00pm-7:59pm,2,Urban,1,Interstate,32.76710278,-96.89265556,2,Dark - Not Lighted,8,Pedestrian,1,Clear,1
48,Texas,483561,MIDLAND (329),MIDLAND,12,December,5,Thursday,2024,0,0:00am-0:59am,2,Urban,5,Major Collector,31.96435556,-102.2560333,3,Dark - Lighted,30,Utility Pole/Light Support,1,Clear,1
48,Texas,483562,TRAVIS (453),PFLUGERVILLE,11,November,7,Saturday,2024,7,7:00am-7:59am,2,Urban,4,Minor Arterial,30.45254167,-97.59575278,1,Daylight,12,Motor Vehicle In-Transport,1,Clear,1
48,Texas,483563,TRAVIS (453),PFLUGERVILLE,12,December,3,Tuesday,2024,3,3:00am-3:59am,2,Urban,2,Other Freeways and Expressways,30.46481111,-97.59405278,6,Dark - Unknown Lighting,25,Concrete Traffic Barrier,1,Clear,1
48,Texas,483564,ZAPATA (505),ZAPATA,12,December,6,Friday,2024,22,10:00pm-10:59pm,2,Urban,4,Minor Arterial,26.91519167,-99.25973333,3,Dark - Lighted,8,Pedestrian,2,Rain,1
48,Texas,483565,HARDIN (199),NOT APPLICABLE,12,December,2,Monday,2024,16,4:00pm-4:59pm,1,Rural,3,Other Principal Arterial,30.29818056,-94.18495833,1,Daylight,12,Motor Vehicle In-Transport,10,Cloudy,1
48,Texas,483566,TITUS (449),COOKVILLE,12,December,3,Tuesday,2024,3,3:00am-3:59am,1,Rural,4,Minor Arterial,33.18656111,-94.85483333,3,Dark - Lighted,1,Rollover/Overturn,1,Clear,1
48,Texas,483567,EL PASO (141),EL PASO,12,December,6,Friday,2024,5,5:00am-5:59am,2,Urban,2,Other Freeways and Expressways,31.75778889,-106.2679944,2,Dark - Not Lighted,8,Pedestrian,1,Clear,1
48,Texas,483568,DALLAS (113),DALLAS,12,December,6,Friday,2024,15,3:00pm-3:59pm,2,Urban,1,Interstate,32.75973056,-96.80850833,1,Daylight,12,Motor Vehicle In-Transport,2,Rain,1
48,Texas,483569,HARRIS (201),HOUSTON,10,October,6,Friday,2024,18,6:00pm-6:59pm,2,Urban,4,Minor Arterial,29.84834722,-95.31385833,1,Daylight,12,Motor Vehicle In-Transport,1,Clear,1
48,Texas,483570,HARRIS (201),BAYTOWN,11,November,3,Tuesday,2024,18,6:00pm-6:59pm,2,Urban,4,Minor Arterial,29.76978889,-94.97453333,3,Dark - Lighted,9,Pedalcyclist,1,Clear,1
48,Texas,483571,BELL (27),TEMPLE,12,December,2,Monday,2024,18,6:00pm-6:59pm,2,Urban,5,Major Collector,31.08013056,-97.33921111,2,Dark - Not Lighted,8,Pedestrian,1,Clear,1
48,Texas,483573,TARRANT (439),FORT WORTH,12,December,7,Saturday,2024,0,0:00am-0:59am,2,Urban,3,Other Principal Arterial,32.83735,-97.29048611,3,Dark - Lighted,8,Pedestrian,2,Rain,1
48,Texas,483575,CHAMBERS (71),NOT APPLICABLE,11,November,5,Thursday,2024,4,4:00am-4:59am,1,Rural,1,Interstate,29.835775,-94.77275556,2,Dark - Not Lighted,12,Motor Vehicle In-Transport,10,Cloudy,1
48,Texas,483576,GILLESPIE (171),NOT APPLICABLE,12,December,4,Wednesday,2024,5,5:00am-5:59am,1,Rural,3,Other Principal Arterial,30.14181944,-98.90648333,2,Dark - Not Lighted,42,Tree (Standing Only),2,Rain,1
48,Texas,483577,AUSTIN (15),NOT APPLICABLE,12,December,4,Wednesday,2024,17,5:00pm-5:59pm,1,Rural,5,Major Collector,29.86845833,-96.30330556,5,Dusk,12,Motor Vehicle In-Transport,2,Rain,1
48,Texas,483578,GREGG (183),NOT APPLICABLE,12,December,7,Saturday,2024,20,8:00pm-8:59pm,1,Rural,6,Minor Collector,32.46273056,-94.91836389,2,Dark - Not Lighted,1,Rollover/Overturn,10,Cloudy,1
48,Texas,483579,LIBERTY (291),NOT APPLICABLE,12,December,2,Monday,2024,6,6:00am-6:59am,1,Rural,3,Other Principal Arterial,30.320225,-95.02638333,2,Dark - Not Lighted,12,Motor Vehicle In-Transport,10,Cloudy,1
48,Texas,483580,CAMERON (61),BROWNSVILLE,12,December,4,Wednesday,2024,18,6:00pm-6:59pm,2,Urban,4,Minor Arterial,25.92246944,-97.47996389,2,Dark - Not Lighted,8,Pedestrian,10,Cloudy,1
48,Texas,483581,BEXAR (29),SAN ANTONIO,12,December,6,Friday,2024,6,6:00am-6:59am,2,Urban,4,Minor Arterial,29.40838333,-98.61465556,2,Dark - Not Lighted,8,Pedestrian,1,Clear,1
48,Texas,483582,BEXAR (29),SAN ANTONIO,12,December,7,Saturday,2024,20,8:00pm-8:59pm,2,Urban,1,Interstate,29.41634444,-98.50295278,3,Dark - Lighted,20,Impact Attenuator/Crash Cushion,2,Rain,1
48,Texas,483583,HAYS (209),NOT APPLICABLE,11,November,6,Friday,2024,10,10:00am-10:59am,2,Urban,3,Other Principal Arterial,30.20864722,-97.97318056,1,Daylight,8,Pedestrian,1,Clear,1
48,Texas,483584,HAYS (209),NOT APPLICABLE,11,November,1,Sunday,2024,21,9:00pm-9:59pm,1,Rural,5,Major Collector,30.04675,-98.00343611,2,Dark - Not Lighted,58,Ground,1,Clear,1
48,Texas,483585,ELLIS (139),PALMER,12,December,7,Saturday,2024,4,4:00am-4:59am,1,Rural,1,Interstate,32.41254167,-96.65947222,2,Dark - Not Lighted,12,Motor Vehicle In-Transport,2,Rain,1
48,Texas,483586,BRAZOS (41),NOT APPLICABLE,12,December,4,Wednesday,2024,21,9:00pm-9:59pm,1,Rural,3,Other Principal Arterial,30.63849444,-96.53548333,2,Dark - Not Lighted,59,Traffic Sign Support,1,Clear,1
48,Texas,483587,JEFFERSON (245),NOT APPLICABLE,12,December,4,Wednesday,2024,19,7:00pm-7:59pm,2,Urban,4,Minor Arterial,30.01040278,-94.07705556,2,Dark - Not Lighted,12,Motor Vehicle In-Transport,1,Clear,1
48,Texas,483588,TRAVIS (453),AUSTIN,12,December,6,Friday,2024,21,9:00pm-9:59pm,2,Urban,4,Minor Arterial,30.41324722,-97.74781111,3,Dark - Lighted,30,Utility Pole/Light Support,2,Rain,1
48,Texas,483589,LUBBOCK (303),LUBBOCK,12,December,6,Friday,2024,6,6:00am-6:59am,2,Urban,4,Minor Arterial,33.6016,-101.8876417,3,Dark - Lighted,38,Fence,1,Clear,1
48,Texas,483590,FANNIN (147),NOT APPLICABLE,12,December,7,Saturday,2024,0,0:00am-0:59am,1,Rural,5,Major Collector,33.54384722,-96.18256667,2,Dark - Not Lighted,24,Guardrail Face,2,Rain,1
48,Texas,483591,TRAVIS (453),AUSTIN,12,December,7,Saturday,2024,16,4:00pm-4:59pm,2,Urban,4,Minor Arterial,30.19347778,-97.75244167,1,Daylight,12,Motor Vehicle In-Transport,1,Clear,2
48,Texas,483592,HARRIS (201),NOT APPLICABLE,12,December,1,Sunday,2024,14,2:00pm-2:59pm,2,Urban,4,Minor Arterial,29.854525,-95.56935278,1,Daylight,12,Motor Vehicle In-Transport,10,Cloudy,1
48,Texas,483593,LLANO (299),NOT APPLICABLE,12,December,1,Sunday,2024,15,3:00pm-3:59pm,1,Rural,4,Minor Arterial,30.70294444,-98.58345833,1,Daylight,12,Motor Vehicle In-Transport,10,Cloudy,2
48,Texas,483594,TRAVIS (453),AUSTIN,12,December,2,Monday,2024,6,6:00am-6:59am,2,Urban,2,Other Freeways and Expressways,30.2205,-97.68658611,2,Dark - Not Lighted,8,Pedestrian,2,Rain,1
48,Texas,483595,JEFFERSON (245),BEAUMONT,12,December,6,Friday,2024,23,11:00pm-11:59pm,2,Urban,1,Interstate,30.09602778,-94.12805556,3,Dark - Lighted,12,Motor Vehicle In-Transport,1,Clear,1
48,Texas,483596,LUBBOCK (303),NOT APPLICABLE,11,November,2,Monday,2024,14,2:00pm-2:59pm,2,Urban,3,Other Principal Arterial,33.69380556,-102.0089861,1,Daylight,12,Motor Vehicle In-Transport,1,Clear,1
48,Texas,483597,HARRIS (201),HOUSTON,11,November,6,Friday,2024,3,3:00am-3:59am,2,Urban,1,Interstate,29.76764167,-95.44448611,3,Dark - Lighted,45,Working Motor Vehicle,1,Clear,2
48,Texas,483598,MIDLAND (329),MIDLAND,12,December,2,Monday,2024,5,5:00am-5:59am,2,Urban,5,Major Collector,31.96135278,-102.2586833,2,Dark - Not Lighted,57,Cable Barrier,1,Clear,1
48,Texas,483599,HARRIS (201),LA PORTE,12,December,4,Wednesday,2024,5,5:00am-5:59am,2,Urban,4,Minor Arterial,29.66096111,-95.08681111,2,Dark - Not Lighted,8,Pedestrian,1,Clear,1
48,Texas,483600,TARRANT (439),NOT APPLICABLE,12,December,4,Wednesday,2024,1,1:00am-1:59am,2,Urban,4,Minor Arterial,32.88129167,-97.426025,2,Dark - Not Lighted,30,Utility Pole/Light Support,2,Rain,1
48,Texas,483601,ANGELINA (5),NOT APPLICABLE,12,December,5,Thursday,2024,12,12:00pm-12:59pm,1,Rural,7,Local,31.24905833,-94.76619167,1,Daylight,12,Motor Vehicle In-Transport,1,Clear,1
48,Texas,483602,LAMPASAS (281),NOT APPLICABLE,12,December,7,Saturday,2024,21,9:00pm-9:59pm,1,Rural,3,Other Principal Arterial,31.08209722,-98.00708889,2,Dark - Not Lighted,24,Guardrail Face,2,Rain,2
48,Texas,483603,RED RIVER (387),BOGATA,12,December,2,Monday,2024,17,5:00pm-5:59pm,1,Rural,3,Other Principal Arterial,33.47054722,-95.216325,2,Dark - Not Lighted,12,Motor Vehicle In-Transport,1,Clear,1
48,Texas,483604,HAMILTON (193),NOT APPLICABLE,12,December,2,Monday,2024,18,6:00pm-6:59pm,1,Rural,7,Local,31.54001667,-98.05556389,2,Dark - Not Lighted,1,Rollover/Overturn,1,Clear,1
48,Texas,483605,LUBBOCK (303),LUBBOCK,12,December,3,Tuesday,2024,7,7:00am-7:59am,2,Urban,4,Minor Arterial,33.60049444,-101.8618861,2,Dark - Not Lighted,8,Pedestrian,10,Cloudy,1
48,Texas,483606,TARRANT (439),NOT APPLICABLE,12,December,3,Tuesday,2024,22,10:00pm-10:59pm,2,Urban,2,Other Freeways and Expressways,32.66501389,-97.20086667,2,Dark - Not Lighted,1,Rollover/Overturn,1,Clear,2
48,Texas,483607,TAYLOR (441),MERKEL,12,December,5,Thursday,2024,18,6:00pm-6:59pm,1,Rural,1,Interstate,32.46948889,-99.99002778,1,Daylight,12,Motor Vehicle In-Transport,1,Clear,1
48,Texas,483608,WEBB (479),LAREDO,12,December,5,Thursday,2024,7,7:00am-7:59am,2,Urban,1,Interstate,27.68646944,-99.46227778,1,Daylight,14,Parked Motor Vehicle,1,Clear,1
48,Texas,483609,COOKE (97),NOT APPLICABLE,12,December,6,Friday,2024,16,4:00pm-4:59pm,1,Rural,5,Major Collector,33.59176389,-97.13093333,1,Daylight,53,Mail Box,2,Rain,1
48,Texas,483610,EL PASO (141),EL PASO,12,December,6,Friday,2024,2,2:00am-2:59am,2,Urban,3,Other Principal Arterial,31.80691389,-106.5094889,3,Dark - Lighted,12,Motor Vehicle In-Transport,1,Clear,1
48,Texas,483611,TARRANT (439),FORT WORTH,12,December,6,Friday,2024,21,9:00pm-9:59pm,2,Urban,1,Interstate,32.72786667,-97.50769444,2,Dark - Not Lighted,32,Culvert,2,Rain,1
48,Texas,483612,HARRIS (201),HOUSTON,12,December,2,Monday,2024,21,9:00pm-9:59pm,2,Urban,1,Interstate,29.69685833,-95.28809444,2,Dark - Not Lighted,8,Pedestrian,10,Cloudy,1
48,Texas,483613,WILLIAMSON (491),CEDAR PARK,12,December,2,Monday,2024,18,6:00pm-6:59pm,2,Urban,7,Local,30.51698333,-97.83711944,2,Dark - Not Lighted,8,Pedestrian,1,Clear,1
48,Texas,483614,BEXAR (29),SAN ANTONIO,12,December,2,Monday,2024,10,10:00am-10:59am,2,Urban,4,Minor Arterial,29.52786389,-98.59603611,1,Daylight,93,Unknown Fixed Object,10,Cloudy,1
48,Texas,483615,FANNIN (147),NOT APPLICABLE,12,December,3,Tuesday,2024,7,7:00am-7:59am,1,Rural,3,Other Principal Arterial,33.60579167,-96.06221667,1,Daylight,12,Motor Vehicle In-Transport,5,"Fog, Smog, Smoke",1
48,Texas,483616,TRAVIS (453),NOT APPLICABLE,12,December,1,Sunday,2024,3,3:00am-3:59am,2,Urban,4,Minor Arterial,30.09352778,-97.74178889,2,Dark - Not Lighted,12,Motor Vehicle In-Transport,1,Clear,2
48,Texas,483617,WALLER (473),HEMPSTEAD,12,December,1,Sunday,2024,20,8:00pm-8:59pm,1,Rural,3,Other Principal Arterial,30.11425,-96.07548889,2,Dark - Not Lighted,21,Bridge Pier or Support,2,Rain,2
48,Texas,483618,DALLAS (113),GRAND PRAIRIE,12,December,7,Saturday,2024,0,0:00am-0:59am,2,Urban,1,Interstate,32.759625,-97.02433611,3,Dark - Lighted,12,Motor Vehicle In-Transport,2,Rain,1
48,Texas,483619,TARRANT (439),FORT WORTH,12,December,1,Sunday,2024,2,2:00am-2:59am,2,Urban,7,Local,32.78918889,-97.37938611,2,Dark - Not Lighted,8,Pedestrian,10,Cloudy,1
48,Texas,483620,DALLAS (113),DALLAS,12,December,1,Sunday,2024,1,1:00am-1:59am,2,Urban,1,Interstate,32.79436667,-96.71133333,3,Dark - Lighted,8,Pedestrian,1,Clear,1
48,Texas,483621,TARRANT (439),FORT WORTH,12,December,3,Tuesday,2024,19,7:00pm-7:59pm,2,Urban,3,Other Principal Arterial,32.68256389,-97.27876667,3,Dark - Lighted,8,Pedestrian,1,Clear,1
48,Texas,483622,DALLAS (113),DALLAS,12,December,2,Monday,2024,9,9:00am-9:59am,2,Urban,3,Other Principal Arterial,32.72069722,-96.93098889,1,Daylight,12,Motor Vehicle In-Transport,1,Clear,1
48,Texas,483623,JACK (237),NOT APPLICABLE,12,December,5,Thursday,2024,13,1:00pm-1:59pm,1,Rural,3,Other Principal Arterial,33.13629444,-98.07855833,1,Daylight,35,Embankment,1,Clear,1
48,Texas,483624,UPSHUR (459),NOT APPLICABLE,12,December,6,Friday,2024,19,7:00pm-7:59pm,1,Rural,4,Minor Arterial,32.57778889,-95.12346389,3,Dark - Lighted,58,Ground,10,Cloudy,1
48,Texas,483625,WHARTON (481),NOT APPLICABLE,12,December,2,Monday,2024,6,6:00am-6:59am,1,Rural,3,Other Principal Arterial,29.11553333,-96.41274167,2,Dark - Not Lighted,8,Pedestrian,5,"Fog, Smog, Smoke",1
48,Texas,483626,HARRIS (201),NOT APPLICABLE,11,November,7,Saturday,2024,22,10:00pm-10:59pm,2,Urban,2,Other Freeways and Expressways,29.82271944,-95.19708611,3,Dark - Lighted,33,Curb,1,Clear,1
48,Texas,483627,DALLAS (113),DALLAS,11,November,7,Saturday,2024,22,10:00pm-10:59pm,2,Urban,5,Major Collector,32.73316111,-96.81151944,3,Dark - Lighted,12,Motor Vehicle In-Transport,1,Clear,1
48,Texas,483628,HARRIS (201),NOT APPLICABLE,11,November,4,Wednesday,2024,14,2:00pm-2:59pm,2,Urban,3,Other Principal Arterial,29.98801944,-95.49812778,1,Daylight,33,Curb,1,Clear,1
48,Texas,483629,HIDALGO (215),NOT APPLICABLE,12,December,3,Tuesday,2024,6,6:00am-6:59am,2,Urban,4,Minor Arterial,26.22162778,-97.95955833,2,Dark - Not Lighted,9,Pedalcyclist,10,Cloudy,1
48,Texas,483630,SAN PATRICIO (409),NOT APPLICABLE,12,December,7,Saturday,2024,14,2:00pm-2:59pm,1,Rural,1,Interstate,27.934225,-97.64775556,1,Daylight,1,Rollover/Overturn,10,Cloudy,2
48,Texas,483631,LAMAR (277),NOT APPLICABLE,12,December,2,Monday,2024,17,5:00pm-5:59pm,1,Rural,3,Other Principal Arterial,33.552,-95.35984167,5,Dusk,11,Live Animal,1,Clear,1
48,Texas,483632,DALLAS (113),DALLAS,12,December,2,Monday,2024,15,3:00pm-3:59pm,2,Urban,4,Minor Arterial,32.89918056,-96.73865556,1,Daylight,12,Motor Vehicle In-Transport,1,Clear,2
48,Texas,483633,HARRIS (201),NOT APPLICABLE,12,December,2,Monday,2024,14,2:00pm-2:59pm,2,Urban,7,Local,29.77301667,-95.10621389,1,Daylight,8,Pedestrian,1,Clear,1
48,Texas,483634,WILLIAMSON (491),NOT APPLICABLE,12,December,2,Monday,2024,21,9:00pm-9:59pm,2,Urban,5,Major Collector,30.55468611,-97.76755278,2,Dark - Not Lighted,1,Rollover/Overturn,1,Clear,1
48,Texas,483635,DALLAS (113),DALLAS,12,December,3,Tuesday,2024,15,3:00pm-3:59pm,2,Urban,1,Interstate,32.66656111,-96.73060556,1,Daylight,8,Pedestrian,10,Cloudy,1
48,Texas,483636,HARRIS (201),HOUSTON,12,December,5,Thursday,2024,10,10:00am-10:59am,2,Urban,4,Minor Arterial,29.61352778,-95.43532222,1,Daylight,8,Pedestrian,10,Cloudy,1
48,Texas,483637,POLK (373),NOT APPLICABLE,12,December,5,Thursday,2024,19,7:00pm-7:59pm,1,Rural,4,Minor Arterial,30.93683056,-94.65145278,2,Dark - Not Lighted,12,Motor Vehicle In-Transport,1,Clear,1
48,Texas,483638,SMITH (423),NOT APPLICABLE,12,December,6,Friday,2024,21,9:00pm-9:59pm,2,Urban,4,Minor Arterial,32.310725,-95.36648056,2,Dark - Not Lighted,12,Motor Vehicle In-Transport,10,Cloudy,1
48,Texas,483639,HOUSTON (225),CROCKETT,12,December,6,Friday,2024,17,5:00pm-5:59pm,1,Rural,6,Minor Collector,31.3159,-95.48386944,2,Dark - Not Lighted,14,Parked Motor Vehicle,1,Clear,1
48,Texas,483640,HIDALGO (215),NOT APPLICABLE,12,December,6,Friday,2024,13,1:00pm-1:59pm,2,Urban,3,Other Principal Arterial,26.08939167,-98.16373611,1,Daylight,12,Motor Vehicle In-Transport,1,Clear,1
48,Texas,483641,TARRANT (439),ARLINGTON,12,December,7,Saturday,2024,1,1:00am-1:59am,2,Urban,5,Major Collector,32.74572222,-97.06208611,2,Dark - Not Lighted,8,Pedestrian,2,Rain,1
48,Texas,483642,WILBARGER (487),VERNON,12,December,7,Saturday,2024,2,2:00am-2:59am,2,Urban,2,Other Freeways and Expressways,34.16005833,-99.27829444,3,Dark - Lighted,30,Utility Pole/Light Support,8,Other,1
48,Texas,483643,TARRANT (439),ARLINGTON,12,December,1,Sunday,2024,23,11:00pm-11:59pm,2,Urban,4,Minor Arterial,32.7613,-97.06783611,3,Dark - Lighted,8,Pedestrian,10,Cloudy,2
48,Texas,483644,MONTGOMERY (339),NOT APPLICABLE,12,December,1,Sunday,2024,10,10:00am-10:59am,1,Rural,3,Other Principal Arterial,30.32350833,-95.19637778,1,Daylight,12,Motor Vehicle In-Transport,1,Clear,1
48,Texas,483645,WILLIAMSON (491),NOT APPLICABLE,12,December,1,Sunday,2024,2,2:00am-2:59am,1,Rural,3,Other Principal Arterial,30.82266111,-97.78098889,2,Dark - Not Lighted,34,Ditch,2,Rain,1
48,Texas,483646,LUBBOCK (303),NOT APPLICABLE,12,December,1,Sunday,2024,6,6:00am-6:59am,1,Rural,1,Interstate,33.81415556,-101.8383611,3,Dark - Lighted,12,Motor Vehicle In-Transport,1,Clear,2
48,Texas,483647,ROCKWALL (397),FATE,12,December,2,Monday,2024,22,10:00pm-10:59pm,2,Urban,5,Major Collector,32.93586111,-96.37754167,2,Dark - Not Lighted,18,Other Object (not fixed),2,Rain,1
48,Texas,483648,WILSON (493),FLORESVILLE,12,December,2,Monday,2024,23,11:00pm-11:59pm,2,Urban,3,Other Principal Arterial,29.14141389,-98.15307222,3,Dark - Lighted,8,Pedestrian,1,Clear,1