STATE,STATENAME,ST_CASE,COUNTYNAME,CITYNAME,MONTH,MONTHNAME,DAY_WEEK,DAY_WEEKNAME,YEAR,HOUR,HOURNAME,RUR_URB,RUR_URBNAME,FUNC_SYS,FUNC_SYSNAME,LATITUDE,LONGITUD,LGT_COND,LGT_CONDNAME,HARM_EV,HARM_EVNAME,WEATHER,WEATHERNAME,FATALS
48,Texas,483772,COLLIN (85),MCKINNEY,12,December,7,Saturday,2024,18,6:00pm-6:59pm,2,Urban,7,Local,33.16363611,-96.68083611,3,Dark - Lighted,9,Pedalcyclist,1,Clear,1
48,Texas,483773,FANNIN (147),NOT APPLICABLE,12,December,2,Monday,2024,5,5:00am-5:59am,1,Rural,7,Local,33.71679722,-96.06414444,2,Dark - Not Lighted,42,Tree (Standing Only),1,Clear,1
48,Texas,483774,GALVESTON (167),NOT APPLICABLE,12,December,6,Friday,2024,18,6:00pm-6:59pm,2,Urban,4,Minor Arterial,29.50299722,-94.98907222,2,Dark - Not Lighted,9,Pedalcyclist,1,Clear,1
48,Texas,483775,HARRIS (201),NOT APPLICABLE,12,December,6,Friday,2024,2,2:00am-2:59am,2,Urban,1,Interstate,30.01755833,-95.42811389,3,Dark - Lighted,42,Tree (Standing Only),1,Clear,1
48,Texas,483776,ANGELINA (5),NOT APPLICABLE,12,December,6,Friday,2024,9,9:00am-9:59am,1,Rural,3,Other Principal Arterial,31.20050556,-94.47390833,1,Daylight,12,Motor Vehicle In-Transport,5,"Fog, Smog, Smoke",1
48,Texas,483777,HUDSPETH (229),NOT APPLICABLE,12,December,5,Thursday,2024,18,6:00pm-6:59pm,1,Rural,1,Interstate,31.19431944,-105.5282472,2,Dark - Not Lighted,8,Pedestrian,1,Clear,1
48,Texas,483779,HAYS (209),SAN MARCOS,12,December,3,Tuesday,2024,18,6:00pm-6:59pm,2,Urban,5,Major Collector,29.85715278,-97.95315278,3,Dark - Lighted,21,Bridge Pier or Support,10,Cloudy,2
48,Texas,483780,HOWARD (227),BIG SPRING,12,December,6,Friday,2024,7,7:00am-7:59am,2,Urban,4,Minor Arterial,32.25139722,-101.4707667,1,Daylight,12,Motor Vehicle In-Transport,1,Clear,1
48,Texas,483781,HIDALGO (215),NOT APPLICABLE,12,December,1,Sunday,2024,6,6:00am-6:59am,2,Urban,7,Local,26.215825,-98.05556667,2,Dark - Not Lighted,18,Other Object (not fixed),1,Clear,1
48,Texas,483782,GRAYSON (181),SHERMAN,12,December,3,Tuesday,2024,18,6:00pm-6:59pm,2,Urban,3,Other Principal Arterial,33.68798889,-96.58099722,3,Dark - Lighted,12,Motor Vehicle In-Transport,2,Rain,1
48,Texas,483784,CAMERON (61),NOT APPLICABLE,12,December,6,Friday,2024,18,6:00pm-6:59pm,1,Rural,4,Minor Arterial,26.20467778,-97.60056667,2,Dark - Not Lighted,12,Motor Vehicle In-Transport,1,Clear,1
48,Texas,483785,HARRIS (201),NOT APPLICABLE,12,December,7,Saturday,2024,2,2:00am-2:59am,2,Urban,3,Other Principal Arterial,29.79654167,-95.71895278,3,Dark - Lighted,12,Motor Vehicle In-Transport,10,Cloudy,1
48,Texas,483786,COLLIN (85),PROSPER,12,December,5,Thursday,2024,12,12:00pm-12:59pm,2,Urban,3,Other Principal Arterial,33.23605833,-96.78966667,1,Daylight,12,Motor Vehicle In-Transport,1,Clear,1
48,Texas,483787,HARRIS (201),HOUSTON,12,December,2,Monday,2024,22,10:00pm-10:59pm,2,Urban,4,Minor Arterial,29.74114167,-95.45681667,3,Dark - Lighted,15,Non-Motorist on Personal Conveyance,5,"Fog, Smog, Smoke",1
48,Texas,483788,DALLAS (113),DALLAS,12,December,3,Tuesday,2024,18,6:00pm-6:59pm,2,Urban,3,Other Principal Arterial,32.86051944,-96.88086111,3,Dark - Lighted,8,Pedestrian,2,Rain,1
48,Texas,483789,LUBBOCK (303),LUBBOCK,12,December,2,Monday,2024,16,4:00pm-4:59pm,2,Urban,2,Other Freeways and Expressways,33.56237222,-101.9260056,1,Daylight,12,Motor Vehicle In-Transport,1,Clear,1
48,Texas,483790,CAMERON (61),BROWNSVILLE,12,December,2,Monday,2024,22,10:00pm-10:59pm,2,Urban,3,Other Principal Arterial,26.01110278,-97.60622778,2,Dark - Not Lighted,8,Pedestrian,1,Clear,1
48,Texas,483791,HARRIS (201),NOT APPLICABLE,12,December,2,Monday,2024,16,4:00pm-4:59pm,2,Urban,7,Local,29.87776389,-95.16340556,1,Daylight,42,Tree (Standing Only),1,Clear,1
48,Texas,483792,BEXAR (29),SAN ANTONIO,12,December,6,Friday,2024,17,5:00pm-5:59pm,2,Urban,4,Minor Arterial,29.52779444,-98.33817222,5,Dusk,12,Motor Vehicle In-Transport,1,Clear,1
48,Texas,483793,BEXAR (29),ELMENDORF,12,December,7,Saturday,2024,4,4:00am-4:59am,1,Rural,1,Interstate,29.12250278,-98.43096944,2,Dark - Not Lighted,12,Motor Vehicle In-Transport,1,Clear,1
48,Texas,483794,TRAVIS (453),MANOR,12,December,7,Saturday,2024,8,8:00am-8:59am,1,Rural,3,Other Principal Arterial,30.35129167,-97.46986389,1,Daylight,12,Motor Vehicle In-Transport,1,Clear,1
48,Texas,483795,TRAVIS (453),AUSTIN,8,August,3,Tuesday,2024,1,1:00am-1:59am,2,Urban,2,Other Freeways and Expressways,30.21832222,-97.75469444,3,Dark - Lighted,8,Pedestrian,1,Clear,1
48,Texas,483796,HARRIS (201),HOUSTON,10,October,4,Wednesday,2024,19,7:00pm-7:59pm,2,Urban,1,Interstate,29.95624722,-95.28815556,2,Dark - Not Lighted,12,Motor Vehicle In-Transport,1,Clear,1
48,Texas,483797,HARRIS (201),HOUSTON,11,November,7,Saturday,2024,1,1:00am-1:59am,2,Urban,2,Other Freeways and Expressways,29.60962222,-95.38693611,3,Dark - Lighted,12,Motor Vehicle In-Transport,1,Clear,1
48,Texas,483798,HIDALGO (215),PHARR,12,December,1,Sunday,2024,5,5:00am-5:59am,2,Urban,1,Interstate,26.20144167,-98.19985556,3,Dark - Lighted,12,Motor Vehicle In-Transport,10,Cloudy,1
48,Texas,483799,FORT BEND (157),MISSOURI CITY,12,December,6,Friday,2024,19,7:00pm-7:59pm,2,Urban,4,Minor Arterial,29.60137222,-95.50748333,2,Dark - Not Lighted,8,Pedestrian,2,Rain,1
48,Texas,483800,DALLAS (113),DALLAS,12,December,7,Saturday,2024,23,11:00pm-11:59pm,2,Urban,1,Interstate,32.70605278,-96.82733056,3,Dark - Lighted,25,Concrete Traffic Barrier,1,Clear,1
48,Texas,483801,DENTON (121),NOT APPLICABLE,12,December,2,Monday,2024,8,8:00am-8:59am,1,Rural,4,Minor Arterial,33.42136389,-97.35039444,1,Daylight,12,Motor Vehicle In-Transport,1,Clear,1
48,Texas,483802,DALLAS (113),DALLAS,12,December,4,Wednesday,2024,20,8:00pm-8:59pm,2,Urban,3,Other Principal Arterial,32.78229722,-96.68303333,3,Dark - Lighted,8,Pedestrian,1,Clear,1
48,Texas,483803,FORT BEND (157),SUGAR LAND,12,December,1,Sunday,2024,7,7:00am-7:59am,2,Urban,3,Other Principal Arterial,29.64718611,-95.60279167,1,Daylight,42,Tree (Standing Only),1,Clear,1
48,Texas,483804,MCLENNAN (309),NOT APPLICABLE,12,December,1,Sunday,2024,3,3:00am-3:59am,1,Rural,1,Interstate,31.72141944,-97.10265556,2,Dark - Not Lighted,12,Motor Vehicle In-Transport,1,Clear,1
48,Texas,483805,KAUFMAN (257),GRAYS PRARIE,12,December,5,Thursday,2024,19,7:00pm-7:59pm,1,Rural,5,Major Collector,32.45612222,-96.35166111,2,Dark - Not Lighted,12,Motor Vehicle In-Transport,10,Cloudy,1
48,Texas,483806,DALLAS (113),DALLAS,12,December,7,Saturday,2024,14,2:00pm-2:59pm,2,Urban,5,Major Collector,32.81098056,-96.85083889,1,Daylight,12,Motor Vehicle In-Transport,10,Cloudy,1
48,Texas,483807,HENDERSON (213),NOT APPLICABLE,12,December,3,Tuesday,2024,21,9:00pm-9:59pm,2,Urban,5,Major Collector,32.32251667,-96.30104722,2,Dark - Not Lighted,12,Motor Vehicle In-Transport,1,Clear,1
48,Texas,483808,JACK (237),NOT APPLICABLE,12,December,4,Wednesday,2024,5,5:00am-5:59am,1,Rural,5,Major Collector,33.30499444,-98.05244444,2,Dark - Not Lighted,17,Boulder,2,Rain,1
48,Texas,483809,HARDIN (199),NOT APPLICABLE,12,December,5,Thursday,2024,9,9:00am-9:59am,2,Urban,3,Other Principal Arterial,30.35668889,-94.12268889,1,Daylight,1,Rollover/Overturn,10,Cloudy,1
48,Texas,483810,JOHNSON (251),NOT APPLICABLE,12,December,3,Tuesday,2024,22,10:00pm-10:59pm,2,Urban,7,Local,32.49158889,-97.40666944,2,Dark - Not Lighted,12,Motor Vehicle In-Transport,1,Clear,1
48,Texas,483811,MEDINA (325),NOT APPLICABLE,12,December,3,Tuesday,2024,12,12:00pm-12:59pm,2,Urban,7,Local,29.44673611,-98.81028056,1,Daylight,1,Rollover/Overturn,1,Clear,1
48,Texas,483812,TRAVIS (453),AUSTIN,12,December,3,Tuesday,2024,19,7:00pm-7:59pm,2,Urban,3,Other Principal Arterial,30.42714722,-97.71813611,2,Dark - Not Lighted,12,Motor Vehicle In-Transport,1,Clear,1
48,Texas,483813,CHAMBERS (71),NOT APPLICABLE,12,December,1,Sunday,2024,5,5:00am-5:59am,2,Urban,1,Interstate,29.82573333,-94.84925556,3,Dark - Lighted,25,Concrete Traffic Barrier,1,Clear,1
48,Texas,483814,HARTLEY (205),NOT APPLICABLE,12,December,4,Wednesday,2024,0,0:00am-0:59am,1,Rural,3,Other Principal Arterial,35.86690278,-102.2694833,2,Dark - Not Lighted,12,Motor Vehicle In-Transport,5,"Fog, Smog, Smoke",6
48,Texas,483815,HALE (189),NOT APPLICABLE,12,December,7,Saturday,2024,16,4:00pm-4:59pm,1,Rural,4,Minor Arterial,34.18823056,-101.9879833,1,Daylight,12,Motor Vehicle In-Transport,1,Clear,2
48,Texas,483816,LUBBOCK (303),LUBBOCK,12,December,2,Monday,2024,2,2:00am-2:59am,2,Urban,5,Major Collector,33.56325556,-102.0093833,2,Dark - Not Lighted,1,Rollover/Overturn,1,Clear,1
48,Texas,483817,DALLAS (113),RICHARDSON,12,December,4,Wednesday,2024,1,1:00am-1:59am,2,Urban,5,Major Collector,32.94019444,-96.744675,3,Dark - Lighted,12,Motor Vehicle In-Transport,1,Clear,1
48,Texas,483818,SAN PATRICIO (409),NOT APPLICABLE,12,December,3,Tuesday,2024,22,10:00pm-10:59pm,1,Rural,4,Minor Arterial,28.05738889,-97.84953333,2,Dark - Not Lighted,38,Fence,1,Clear,1
48,Texas,483819,COMAL (91),NOT APPLICABLE,12,December,7,Saturday,2024,10,10:00am-10:59am,1,Rural,3,Other Principal Arterial,29.900925,-98.20516389,1,Daylight,12,Motor Vehicle In-Transport,1,Clear,1
48,Texas,483820,GRAYSON (181),NOT APPLICABLE,12,December,1,Sunday,2024,15,3:00pm-3:59pm,1,Rural,5,Major Collector,33.84951944,-96.677775,1,Daylight,12,Motor Vehicle In-Transport,1,Clear,1
48,Texas,483821,GRAYSON (181),NOT APPLICABLE,12,December,2,Monday,2024,7,7:00am-7:59am,1,Rural,4,Minor Arterial,33.70774167,-96.64195278,1,Daylight,12,Motor Vehicle In-Transport,1,Clear,1
48,Texas,483822,WEBB (479),LAREDO,11,November,7,Saturday,2024,19,7:00pm-7:59pm,2,Urban,5,Major Collector,27.61226944,-99.47115,3,Dark - Lighted,43,Other Fixed Object,1,Clear,1
48,Texas,483823,ELLIS (139),NOT APPLICABLE,12,December,1,Sunday,2024,17,5:00pm-5:59pm,1,Rural,4,Minor Arterial,32.27023889,-96.68676944,5,Dusk,12,Motor Vehicle In-Transport,1,Clear,1
48,Texas,483824,PARKER (367),NOT APPLICABLE,12,December,1,Sunday,2024,13,1:00pm-1:59pm,1,Rural,5,Major Collector,32.83764722,-97.63551389,1,Daylight,12,Motor Vehicle In-Transport,1,Clear,1
48,Texas,483825,WEBB (479),LAREDO,12,December,4,Wednesday,2024,1,1:00am-1:59am,2,Urban,3,Other Principal Arterial,27.50063889,-99.46758333,3,Dark - Lighted,59,Traffic Sign Support,1,Clear,1
48,Texas,483826,MONTGOMERY (339),NOT APPLICABLE,12,December,4,Wednesday,2024,14,2:00pm-2:59pm,1,Rural,5,Major Collector,30.25611111,-95.27593889,1,Daylight,9,Pedalcyclist,1,Clear,1
48,Texas,483827,DALLAS (113),GARLAND,12,December,7,Saturday,2024,8,8:00am-8:59am,2,Urban,1,Interstate,32.86097222,-96.656775,1,Daylight,25,Concrete Traffic Barrier,2,Rain,1
48,Texas,483829,EL PASO (141),EL PASO,12,December,3,Tuesday,2024,21,9:00pm-9:59pm,2,Urban,1,Interstate,31.77824444,-106.4427028,3,Dark - Lighted,24,Guardrail Face,1,Clear,1
48,Texas,483830,STARR (427),ESCOBARES,12,December,3,Tuesday,2024,23,11:00pm-11:59pm,2,Urban,3,Other Principal Arterial,26.40748333,-98.94355,2,Dark - Not Lighted,8,Pedestrian,1,Clear,1
48,Texas,483831,TRAVIS (453),AUSTIN,12,December,1,Sunday,2024,4,4:00am-4:59am,2,Urban,1,Interstate,30.16789167,-97.78536667,2,Dark - Not Lighted,8,Pedestrian,1,Clear,1
48,Texas,483832,HARRIS (201),HOUSTON,5,May,3,Tuesday,2024,2,2:00am-2:59am,2,Urban,4,Minor Arterial,29.68530556,-95.298425,3,Dark - Lighted,30,Utility Pole/Light Support,1,Clear,2
48,Texas,483833,EL PASO (141),SOCORRO,11,November,1,Sunday,2024,13,1:00pm-1:59pm,2,Urban,4,Minor Arterial,31.61267222,-106.28195,1,Daylight,12,Motor Vehicle In-Transport,1,Clear,1
48,Texas,483834,MASON (319),MASON,12,December,2,Monday,2024,19,7:00pm-7:59pm,1,Rural,4,Minor Arterial,30.74809167,-99.22691389,3,Dark - Lighted,8,Pedestrian,1,Clear,1
48,Texas,483835,HIDALGO (215),NOT APPLICABLE,11,November,4,Wednesday,2024,16,4:00pm-4:59pm,2,Urban,4,Minor Arterial,26.26491389,-98.36560278,1,Daylight,12,Motor Vehicle In-Transport,1,Clear,1
48,Texas,483836,ECTOR (135),ODESSA,12,December,1,Sunday,2024,20,8:00pm-8:59pm,2,Urban,3,Other Principal Arterial,31.91674722,-102.360075,3,Dark - Lighted,12,Motor Vehicle In-Transport,1,Clear,1
48,Texas,483837,GUADALUPE (187),CIBOLO,12,December,2,Monday,2024,23,11:00pm-11:59pm,2,Urban,4,Minor Arterial,29.60883056,-98.228375,2,Dark - Not Lighted,1,Rollover/Overturn,1,Clear,1
48,Texas,483838,ORANGE (361),NOT APPLICABLE,12,December,1,Sunday,2024,20,8:00pm-8:59pm,1,Rural,5,Major Collector,30.20695,-94.08407222,2,Dark - Not Lighted,9,Pedalcyclist,10,Cloudy,1
48,Texas,483839,DALLAS (113),DALLAS,12,December,1,Sunday,2024,13,1:00pm-1:59pm,2,Urban,1,Interstate,32.79851389,-96.81550278,1,Daylight,12,Motor Vehicle In-Transport,1,Clear,1
48,Texas,483840,FANNIN (147),LEONARD,12,December,7,Saturday,2024,6,6:00am-6:59am,1,Rural,3,Other Principal Arterial,33.38976111,-96.23934444,2,Dark - Not Lighted,12,Motor Vehicle In-Transport,1,Clear,1
48,Texas,483841,MIDLAND (329),MIDLAND,4,April,7,Saturday,2024,23,11:00pm-11:59pm,2,Urban,5,Major Collector,31.98082222,-102.1102917,3,Dark - Lighted,33,Curb,1,Clear,1
48,Texas,483842,HARRIS (201),HOUSTON,12,December,5,Thursday,2024,3,3:00am-3:59am,2,Urban,4,Minor Arterial,29.74791944,-95.41896389,3,Dark - Lighted,33,Curb,1,Clear,2
48,Texas,483843,TRAVIS (453),AUSTIN,12,December,1,Sunday,2024,6,6:00am-6:59am,2,Urban,3,Other Principal Arterial,30.24143611,-97.72806111,4,Dawn,8,Pedestrian,10,Cloudy,1
48,Texas,483844,TRAVIS (453),AUSTIN,12,December,4,Wednesday,2024,20,8:00pm-8:59pm,2,Urban,2,Other Freeways and Expressways,30.32222222,-97.68327222,1,Daylight,8,Pedestrian,1,Clear,2
48,Texas,483845,HARRIS (201),NOT APPLICABLE,12,December,3,Tuesday,2024,20,8:00pm-8:59pm,2,Urban,4,Minor Arterial,29.96595278,-95.41100556,2,Dark - Not Lighted,34,Ditch,2,Rain,1
48,Texas,483846,HARRIS (201),HOUSTON,12,December,4,Wednesday,2024,4,4:00am-4:59am,2,Urban,3,Other Principal Arterial,29.73624167,-95.60576389,3,Dark - Lighted,12,Motor Vehicle In-Transport,1,Clear,1
48,Texas,483847,HARRIS (201),HOUSTON,11,November,7,Saturday,2024,8,8:00am-8:59am,2,Urban,4,Minor Arterial,29.76954167,-95.37243611,1,Daylight,23,Bridge Rail (Includes parapet),1,Clear,1
48,Texas,483848,DALLAS (113),DALLAS,12,December,1,Sunday,2024,2,2:00am-2:59am,2,Urban,3,Other Principal Arterial,32.8591,-96.72264444,3,Dark - Lighted,33,Curb,1,Clear,1
48,Texas,483849,DALLAS (113),DALLAS,12,December,1,Sunday,2024,0,0:00am-0:59am,2,Urban,4,Minor Arterial,32.84329167,-96.66579167,3,Dark - Lighted,40,Fire Hydrant,1,Clear,1
48,Texas,483850,JEFFERSON (245),NOT APPLICABLE,12,December,3,Tuesday,2024,20,8:00pm-8:59pm,2,Urban,1,Interstate,29.99711389,-94.19849444,2,Dark - Not Lighted,12,Motor Vehicle In-Transport,1,Clear,1
48,Texas,483851,HARRIS (201),HOUSTON,12,December,5,Thursday,2024,6,6:00am-6:59am,2,Urban,4,Minor Arterial,29.84812778,-95.34301111,1,Daylight,12,Motor Vehicle In-Transport,2,Rain,1
48,Texas,483852,DALLAS (113),DALLAS,12,December,7,Saturday,2024,5,5:00am-5:59am,2,Urban,3,Other Principal Arterial,32.773775,-96.82808889,3,Dark - Lighted,30,Utility Pole/Light Support,1,Clear,1
48,Texas,483853,TRAVIS (453),Other,12,December,3,Tuesday,2024,18,6:00pm-6:59pm,2,Urban,3,Other Principal Arterial,30.32676111,-97.96360833,3,Dark - Lighted,12,Motor Vehicle In-Transport,1,Clear,1
48,Texas,483854,TARRANT (439),FORT WORTH,12,December,6,Friday,2024,8,8:00am-8:59am,2,Urban,1,Interstate,32.72055,-97.52651111,3,Dark - Lighted,8,Pedestrian,5,"Fog, Smog, Smoke",1
48,Texas,483855,HIDALGO (215),EDINBURG,12,December,3,Tuesday,2024,21,9:00pm-9:59pm,2,Urban,3,Other Principal Arterial,26.3347,-98.13977222,2,Dark - Not Lighted,12,Motor Vehicle In-Transport,10,Cloudy,1
48,Texas,483856,GUADALUPE (187),NOT APPLICABLE,12,December,6,Friday,2024,23,11:00pm-11:59pm,1,Rural,1,Interstate,29.61480278,-97.81852222,2,Dark - Not Lighted,12,Motor Vehicle In-Transport,1,Clear,1
48,Texas,483857,EL PASO (141),EL PASO,8,August,5,Thursday,2024,18,6:00pm-6:59pm,2,Urban,3,Other Principal Arterial,31.85513611,-106.4379972,1,Daylight,12,Motor Vehicle In-Transport,1,Clear,1
48,Texas,483858,DALLAS (113),WILMER,10,October,3,Tuesday,2024,5,5:00am-5:59am,2,Urban,1,Interstate,32.59067222,-96.67996944,2,Dark - Not Lighted,12,Motor Vehicle In-Transport,1,Clear,1
48,Texas,483859,VAN ZANDT (467),NOT APPLICABLE,12,December,5,Thursday,2024,2,2:00am-2:59am,1,Rural,5,Major Collector,32.35936944,-95.82306389,2,Dark - Not Lighted,42,Tree (Standing Only),1,Clear,1
48,Texas,483860,CORYELL (99),GATESVILLE,9,September,5,Thursday,2024,5,5:00am-5:59am,2,Urban,5,Major Collector,31.46173889,-97.74015,2,Dark - Not Lighted,11,Live Animal,1,Clear,1
48,Texas,483861,HIDALGO (215),NOT APPLICABLE,12,December,3,Tuesday,2024,20,8:00pm-8:59pm,2,Urban,5,Major Collector,26.21071111,-98.40329722,2,Dark - Not Lighted,8,Pedestrian,1,Clear,1
48,Texas,483862,HARRIS (201),HOUSTON,12,December,5,Thursday,2024,21,9:00pm-9:59pm,2,Urban,1,Interstate,29.67716389,-95.26919167,6,Dark - Unknown Lighting,12,Motor Vehicle In-Transport,1,Clear,1
48,Texas,483863,HARRIS (201),HOUSTON,12,December,4,Wednesday,2024,11,11:00am-11:59am,2,Urban,4,Minor Arterial,29.64324444,-95.26490278,1,Daylight,12,Motor Vehicle In-Transport,1,Clear,1
48,Texas,483864,HIDALGO (215),ALAMO,12,December,2,Monday,2024,22,10:00pm-10:59pm,2,Urban,4,Minor Arterial,26.20543056,-98.11951111,3,Dark - Lighted,8,Pedestrian,1,Clear,1
48,Texas,483865,DALLAS (113),DALLAS,12,December,7,Saturday,2024,23,11:00pm-11:59pm,2,Urban,3,Other Principal Arterial,32.86555,-96.78968333,3,Dark - Lighted,12,Motor Vehicle In-Transport,5,"Fog, Smog, Smoke",1
48,Texas,483866,HARRIS (201),HOUSTON,12,December,3,Tuesday,2024,18,6:00pm-6:59pm,2,Urban,1,Interstate,29.95561389,-95.41835278,3,Dark - Lighted,12,Motor Vehicle In-Transport,10,Cloudy,1
48,Texas,483867,HARRIS (201),HOUSTON,11,November,3,Tuesday,2024,5,5:00am-5:59am,2,Urban,5,Major Collector,29.58753056,-95.18606389,3,Dark - Lighted,8,Pedestrian,1,Clear,1
48,Texas,483868,MONTGOMERY (339),CUT AND SHOOT,12,December,3,Tuesday,2024,3,3:00am-3:59am,2,Urban,3,Other Principal Arterial,30.32428889,-95.39799167,2,Dark - Not Lighted,9,Pedalcyclist,10,Cloudy,1
48,Texas,483869,REEVES (389),PECOS,12,December,4,Wednesday,2024,17,5:00pm-5:59pm,2,Urban,3,Other Principal Arterial,31.42811111,-103.4953889,1,Daylight,10,Railway Vehicle,1,Clear,2
48,Texas,483870,EL PASO (141),EL PASO,11,November,6,Friday,2024,14,2:00pm-2:59pm,2,Urban,3,Other Principal Arterial,31.90655833,-106.4040222,1,Daylight,12,Motor Vehicle In-Transport,1,Clear,1
48,Texas,483871,HARRIS (201),HOUSTON,12,December,3,Tuesday,2024,10,10:00am-10:59am,2,Urban,7,Local,29.68529444,-95.26019444,1,Daylight,12,Motor Vehicle In-Transport,1,Clear,1
48,Texas,483872,HUDSPETH (229),NOT APPLICABLE,12,December,2,Monday,2024,13,1:00pm-1:59pm,1,Rural,1,Interstate,31.21751667,-105.486925,1,Daylight,57,Cable Barrier,6,Severe Crosswinds,1
48,Texas,483873,HARRIS (201),HOUSTON,7,July,1,Sunday,2024,2,2:00am-2:59am,2,Urban,3,Other Principal Arterial,29.71303889,-95.53884722,3,Dark - Lighted,8,Pedestrian,1,Clear,1
48,Texas,483874,HARRIS (201),NOT APPLICABLE,10,October,4,Wednesday,2024,9,9:00am-9:59am,2,Urban,2,Other Freeways and Expressways,29.71090556,-95.00645556,1,Daylight,25,Concrete Traffic Barrier,1,Clear,1
48,Texas,483875,BLANCO (31),NOT APPLICABLE,12,December,1,Sunday,2024,20,8:00pm-8:59pm,1,Rural,5,Major Collector,30.13498611,-98.28024167,2,Dark - Not Lighted,12,Motor Vehicle In-Transport,1,Clear,1
48,Texas,483876,SMITH (423),NOT APPLICABLE,12,December,6,Friday,2024,18,6:00pm-6:59pm,1,Rural,3,Other Principal Arterial,32.17314167,-95.45209444,2,Dark - Not Lighted,12,Motor Vehicle In-Transport,1,Clear,1
48,Texas,483877,HARRIS (201),NOT APPLICABLE,11,November,6,Friday,2024,17,5:00pm-5:59pm,2,Urban,7,Local,29.79008056,-95.76417778,5,Dusk,12,Motor Vehicle In-Transport,1,Clear,1
48,Texas,483878,NUECES (355),CORPUS CHRISTI,12,December,4,Wednesday,2024,20,8:00pm-8:59pm,2,Urban,4,Minor Arterial,27.64666111,-97.35596389,3,Dark - Lighted,12,Motor Vehicle In-Transport,1,Clear,1
48,Texas,483879,DALLAS (113),SUNNYVALE,12,December,5,Thursday,2024,20,8:00pm-8:59pm,2,Urban,3,Other Principal Arterial,32.80095556,-96.5957,3,Dark - Lighted,8,Pedestrian,1,Clear,1
48,Texas,483880,HARRIS (201),HOUSTON,12,December,1,Sunday,2024,2,2:00am-2:59am,2,Urban,4,Minor Arterial,29.8125,-95.44526944,3,Dark - Lighted,33,Curb,1,Clear,1
48,Texas,483881,BEXAR (29),SAN ANTONIO,10,October,7,Saturday,2024,22,10:00pm-10:59pm,2,Urban,5,Major Collector,29.484125,-98.71067778,3,Dark - Lighted,12,Motor Vehicle In-Transport,1,Clear,1
48,Texas,483882,BEXAR (29),NOT APPLICABLE,11,November,3,Tuesday,2024,14,2:00pm-2:59pm,2,Urban,5,Major Collector,29.70573056,-98.65578056,1,Daylight,14,Parked Motor Vehicle,1,Clear,2
48,Texas,483883,JOHNSON (251),NOT APPLICABLE,10,October,5,Thursday,2024,16,4:00pm-4:59pm,2,Urban,4,Minor Arterial,32.46478333,-97.28370556,1,Daylight,12,Motor Vehicle In-Transport,1,Clear,1
48,Texas,483884,TARRANT (439),FORT WORTH,6,June,1,Sunday,2024,21,9:00pm-9:59pm,2,Urban,5,Major Collector,32.80152222,-97.43498611,2,Dark - Not Lighted,8,Pedestrian,1,Clear,1
48,Texas,483885,DALLAS (113),WILMER,11,November,5,Thursday,2024,14,2:00pm-2:59pm,2,Urban,1,Interstate,32.56385833,-96.66580833,1,Daylight,8,Pedestrian,1,Clear,1
48,Texas,483886,JOHNSON (251),NOT APPLICABLE,9,September,1,Sunday,2024,13,1:00pm-1:59pm,1,Rural,5,Major Collector,32.26088611,-97.25768889,1,Daylight,12,Motor Vehicle In-Transport,1,Clear,1
48,Texas,483887,HARRIS (201),NOT APPLICABLE,12,December,4,Wednesday,2024,8,8:00am-8:59am,2,Urban,4,Minor Arterial,29.981725,-95.42894722,1,Daylight,9,Pedalcyclist,1,Clear,1
48,Texas,483888,BEXAR (29),SAN ANTONIO,12,December,3,Tuesday,2024,16,4:00pm-4:59pm,2,Urban,7,Local,29.50641667,-98.52819722,1,Daylight,5,Fell/Jumped from Vehicle,1,Clear,1
48,Texas,483889,HARRIS (201),BAYTOWN,12,December,1,Sunday,2024,20,8:00pm-8:59pm,2,Urban,3,Other Principal Arterial,29.76789444,-94.91913889,2,Dark - Not Lighted,8,Pedestrian,1,Clear,1
48,Texas,483890,HARRIS (201),HOUSTON,6,June,6,Friday,2024,23,11:00pm-11:59pm,2,Urban,1,Interstate,29.69677222,-95.28829167,2,Dark - Not Lighted,25,Concrete Traffic Barrier,1,Clear,1
48,Texas,483891,EL PASO (141),EL PASO,5,May,3,Tuesday,2024,21,9:00pm-9:59pm,2,Urban,3,Other Principal Arterial,31.88591944,-106.5968833,3,Dark - Lighted,8,Pedestrian,1,Clear,1
48,Texas,483892,HARRIS (201),NOT APPLICABLE,9,September,6,Friday,2024,6,6:00am-6:59am,2,Urban,3,Other Principal Arterial,30.02264722,-95.09097222,2,Dark - Not Lighted,8,Pedestrian,1,Clear,1
48,Texas,483893,JIM WELLS (249),NOT APPLICABLE,6,June,4,Wednesday,2024,9,9:00am-9:59am,6,Trafficway Not in State Inventory,96,Trafficway Not in State Inventory,27.75035,-98.125425,1,Daylight,10,Railway Vehicle,1,Clear,1
48,Texas,483894,HARRIS (201),HOUSTON,12,December,2,Monday,2024,10,10:00am-10:59am,2,Urban,3,Other Principal Arterial,29.73510833,-95.64393056,1,Daylight,8,Pedestrian,1,Clear,1